✔ isValidProfileName accepts slug names and rejects reserved and malformed names (1.9972ms)
✔ emptyProfilesFile returns a versioned empty store (1.2867ms)
✔ parseProfilesFileText rejects malformed JSON without throwing (0.6273ms)
✔ parseProfilesFileText never accepts a wrong kind or version (0.4682ms)
✔ parseProfilesFileText rejects a file whose profiles are not a record (0.3097ms)
✔ parseProfilesFileText accepts a valid store and drops profiles with invalid names (0.6951ms)
✔ parseProfilesFileText accepts legacy string routing entries and drops broken agents (0.3367ms)
✔ serializeProfilesFile round-trips through parseProfilesFileText with a trailing newline (0.7404ms)
✔ serializeProfilesFile omits the active field when no profile is active (0.3575ms)
✔ createProfile adds a profile without mutating the input (0.5627ms)
✔ createProfile clones the given config so later edits cannot leak (0.2269ms)
✔ createProfile throws typed errors on invalid and duplicate names (0.7104ms)
✔ updateProfile replaces the config without mutating the input and throws when missing (0.4419ms)
✔ duplicateProfile copies the config under a new name (0.3393ms)
✔ renameProfile carries the active marker over and keeps the input untouched (0.28ms)
✔ renameProfile leaves the active marker alone for other profiles (0.143ms)
✔ renameProfile throws typed errors for missing, duplicate, and invalid names (0.3159ms)
✔ deleteProfile removes a profile but refuses to delete the active one (0.3925ms)
✔ setActiveProfile marks an existing profile and throws otherwise (0.2018ms)
✔ summarizeProfile groups roles per model and sorts by count desc then model asc (15.9841ms)
✔ summarizeProfile labels model-less entries as inherit and handles empty configs (0.2287ms)
✔ profile export round-trips through serialize and parse (0.4022ms)
✔ profile export parse rejects malformed, wrong-kind, wrong-version, and invalid-name payloads (0.2113ms)
✔ serializeProfileExport throws on an invalid profile name (0.1279ms)
✔ profile export parse names dropped routing entries without dropping the profile (0.1607ms)
✔ normalizeProfilesFile validates shape, drops invalid entries, and reports them (0.2087ms)
✔ normalizeProfilesFile drops an active marker that points nowhere (0.1697ms)
✔ bootstrapProfilesFile seeds a current profile, active only when routing is non-empty (0.2409ms)
✔ buildProfileListItems shows the name, active marker, and role count (0.2167ms)
✔ formatProfileSummaryLines renders counts, models, and roles (0.1652ms)
✔ parseProfilesFileText drops a __proto__ profile key without polluting the object (0.1573ms)
✔ serialize then parse is idempotent across repeated round-trips (0.1497ms)
✔ deleteProfile removes the last profile and leaves a valid empty store (0.1759ms)
✔ profile names accept slug punctuation but reject unicode letters (0.2293ms)
✔ summarizeProfile breaks count ties by model name ascending (0.271ms)
✔ duplicateProfile deep-clones so copy edits cannot leak into the source (0.1858ms)
✔ renameProfile preserves the profile order in the store (0.2562ms)
✔ an empty profile exports and imports cleanly (0.1716ms)
✔ normalizeProfilesFile reports an active marker that names no profile (0.1458ms)
✔ readProfilesFileResult reports a missing store without throwing (0.5238ms)
✔ readProfilesFileResult reports malformed JSON as invalid (1.2714ms)
✔ readProfilesFileResult rejects a foreign kind or version (3.1862ms)
✔ readProfilesFileResult returns normalized profiles together with their drops (2.7296ms)
✔ writeProfilesFileSync creates missing parent directories (3.2892ms)
✔ writeProfilesFileSync replaces the store and leaves no temp file behind (2.887ms)
✔ writeProfilesFileSync reports the operation error and still removes the temp file (2.5202ms)
✔ writeProfilesFileSync reports a serialization failure, skips the rename, and cleans up (1.672ms)
✔ the path helpers resolve both stores inside the config home (0.2851ms)
✔ the orchestrator key is never counted or listed as an agent role (0.4788ms)
✔ the orchestrator helper treats an absent or empty entry as undefined (0.1953ms)
✔ profileRoutingRows lists one aligned row per agent, in a stable order (0.3119ms)
✔ formatOrchestratorSelection separates set, inherit, and inherit-with-thinking (0.0998ms)
✔ STALE_COMPLETION_MS is pinned so tests can rely on the boundary (0.6554ms)
✔ a pending completion is delivered exactly once, in settle order (0.6104ms)
✔ duplicate enqueue for a pending task id is a no-op (0.0984ms)
✔ duplicate enqueue for a delivered task id is a no-op (0.0862ms)
✔ duplicate enqueue for a consumed task id is a no-op (0.3194ms)
✔ a consumed entry is dropped and never returned (0.1015ms)
✔ consume remembers unknown ids so a later completion is suppressed (0.1287ms)
✔ consume is idempotent (0.0878ms)
✔ an entry is stale once now - settledAt reaches STALE_COMPLETION_MS (0.1393ms)
✔ dropAll discards pending, consumed, and delivered state (0.9959ms)
✔ parseFrontmatter reads scalars, inline lists, and block lists, and keeps the body (2.3393ms)
✔ parseModelRef splits provider/id and accepts a bare id (0.19ms)
✔ parseAgentDefinition builds a definition from the gentle-ai agent format (0.8333ms)
✔ parseAgentDefinition accepts effort and subagent_mode aliases, csv tools, and names from the file (0.2358ms)
✔ parseAgentDefinition rejects unknown thinking levels, modes, and empty bodies (0.138ms)
✔ runtime thinking levels stay aligned with model routing authority (0.0938ms)
✔ parseAgentDefinition accepts max through every thinking alias (0.1869ms)
✔ discoverAgents retains max definitions instead of falling back to medium (3.1375ms)
✔ max defaults and model profiles preserve routing precedence (0.6764ms)
✔ discoverAgents merges the four directories with project over global and subagents over agents (24.1693ms)
✔ profile agent roots isolate global definitions and subagents.json while explicit homes keep their fallback (6.7968ms)
✔ parseAgentsConfig applies defaults, validates values, and silently ignores the retired total-timeout key (0.4351ms)
✔ resolveAgentProfile prefers the profile, then the definition, then the defaults (0.3596ms)
✔ AgentsView shows direct current children and groups only open orchestrators in the directory (29.4993ms)
✔ AgentsView never infers unknown open sessions and keeps manual directory expansion (2.4184ms)
✔ AgentsView keeps headings non-actionable and clears a hidden selected child thread (0.8367ms)
✔ AgentsView removes terminal children immediately without deleting retained threads (1.2256ms)
✔ AgentsView retains an idle open heading and explicit collapse after the final child finishes (3.5984ms)
✔ AgentsView orders children by creation then ID, not renewed activity (1.5011ms)
✔ AgentsView keeps its selected listener stable while another listener receives a stream update (0.4127ms)
✔ historyDir follows an isolated agent profile while explicit homes retain the default fallback (1.181ms)
✔ saveTask writes a task with its thread and loadStoredTask reads it back (11.6326ms)
✔ loadHistory skips broken files, sorts newest first, and pruneHistory keeps the newest N (15.2137ms)
✔ TaskStore.restore adds a stored task without clobbering a live one (0.5835ms)
✔ AgentsView integrates flat current-session selection, semantic scrolling, live geometry, and idempotent close (48.8866ms)
✔ notification and query frames admit only bounded exact schemas (1.8807ms)
✔ child notification admissions require an exact acknowledgement and clean up (1.4267ms)
✔ callback failures clear pending work but a closed messenger cannot retry (0.4264ms)
✔ a real Node IPC child exchanges a notification acknowledgement without stdout framing (88.4889ms)
✔ normalizeRpcEvent maps pi RPC events to task deltas and ignores the rest (5.6111ms)
✔ response observations are opt-in, finalized, field-specific and content-free (1.8442ms)
✔ response observations reject malformed counters and unbounded metadata without coercion (0.7949ms)
✔ taskLabel prefers an explicit label and otherwise takes the prompt's first sentence (0.5047ms)
✔ applyTaskEvent appends incrementally: text deltas merge, tool output is replaced, items stay bounded (0.5573ms)
✔ applyTaskEvent sanitizes text, ignores updates for unknown tools, and records asks as notes (0.1681ms)
✔ TaskStore notifies only the listeners of the task that changed and keeps summaries cheap (0.6024ms)
✔ TaskStore.apply moves the task to waiting on ask, back to running on any later event, and counts turns (0.2513ms)
✔ ChildMessenger validates query replies and settles timeout, callback failure, and disconnect once (4.1505ms)
✔ ChildMessenger resolves one strictly correlated query reply (0.3283ms)
✔ ChildMessenger rejects an empty reply error and ignores mixed reply fields (1.5365ms)
✔ runner sends bounded static query rejection frames that settle the child before timeout (6.3553ms)
✔ a malformed query with a valid q ID gets a reply that clears the matching child query (1.2589ms)
✔ background queries keep correlation, bounds, and ownership before replying only over IPC (1.647ms)
✔ a throwing query hook rolls back ownership before one error and never schedules a second reply (1.9198ms)
✔ query expiry, IPC revocation, delayed callbacks, and foreground admission settle once (1.999ms)
✔ Agents layout safely bounds 0-row terminals (1.0871ms)
✔ Agents layout safely bounds 1-row terminals (0.3641ms)
✔ Agents layout safely bounds 2-row terminals (0.2737ms)
✔ Agents layout reserves fallback for tiny terminals, a single viewport for narrow terminals, and panes at 60 cells (3.0977ms)
﹣ POSIX cleanup retains queue slots when a leader exits but its TERM-resisting descendant remains (0.8301ms) # SKIP
✔ synchronous cancellation before dequeue never invokes the policy callback (8.9445ms)
✔ hanging preparation never blocks spawn or queued core work; late grants are dropped (3.1306ms)
✔ parallel preparation ready cannot delay execution or revive dropped observations (1.6083ms)
✔ parallel preparation late cannot delay execution or revive dropped observations (0.9522ms)
✔ parallel preparation reject cannot delay execution or revive dropped observations (0.6834ms)
✔ parallel preparation throw cannot delay execution or revive dropped observations (0.6382ms)
✔ child observation guard discards permanently at launch without changing task execution (2.7339ms)
✔ child observation guard discards permanently at stream without changing task execution (1.4047ms)
✔ child observation guard discards permanently at finish without changing task execution (1.2171ms)
✔ child observation guard discards permanently at throw without changing task execution (1.0108ms)
✔ child observation guard is never consulted when collection is default-off (0.8402ms)
✔ successful child mutations require paired RPC events and survive cancel (1.6203ms)
✔ successful child mutations require paired RPC events and survive failure (1.0157ms)
✔ successful child mutations require paired RPC events and survive hook-error (0.6567ms)
✔ successful child mutations require paired RPC events and survive hook-async-error (1.0611ms)
✔ launch registration waits for actual spawn, including queued launches, and ignores failed spawns (1.495ms)
✔ runner captures resolved model and effort, retaining omitted launch values (3.2594ms)
✔ runner delivers each response combination once at finish, never attributing launch selection (3.1217ms)
✔ bounded response coverage survives cancel honestly (2.6102ms)
✔ bounded response coverage survives exit honestly (2.4564ms)
✔ bounded response coverage survives error honestly (2.4938ms)
✔ bounded response coverage survives timeout honestly (5.2212ms)
✔ bounded response coverage survives settled-error honestly (5.0434ms)
✔ response buffering is disabled by default and absent for tasks cancelled before launch (1.1874ms)
✔ childArguments builds an rpc launch with model, thinking, tools, session dir, and instructions (0.2997ms)
✔ childArguments preserves a max profile instead of the definition's medium effort (0.4793ms)
✔ childArguments preserves a max default without a selected model (0.1053ms)
✔ childArguments grants every child the notification-only parent message tool (0.0478ms)
✔ AgentRunner admits strict live notifications once and closes IPC before Stop (2.2563ms)
✔ AgentRunner rejects notifications from an inactive parent session with a static acknowledgement (0.4622ms)
✔ AgentRunner retains only a 64-notification duplicate window (0.7229ms)
✔ piCommand reuses the running pi entry point and honors the override (0.3129ms)
✔ JsonLines splits on LF only, tolerates CRLF, and skips lines that are not JSON (0.1879ms)
✔ AgentRunner runs a task end to end: prompt, deltas into the store, completion with the last answer (0.7877ms)
✔ AgentRunner waits for child exit after settlement before releasing its queue slot or finishing twice (0.5364ms)
✔ AgentRunner queues beyond max concurrency and starts the next task when one finishes (1.0059ms)
✔ AgentRunner classifies terminal assistant outcomes only after settlement (2.6088ms)
✔ AgentRunner clears an earlier answer after a later error, but permits a successful retry before settlement (1.4306ms)
✔ AgentRunner fails if the child exits after agent_end but before agent_settled (0.7309ms)
✔ AgentRunner selects detached=false for win32 without changing the launch contract (0.7734ms)
✔ AgentRunner selects detached=true for linux without changing the launch contract (0.4803ms)
✔ AgentRunner retains permission broker fd3 and assigns messaging IPC to fd4 (0.606ms)
✔ AgentRunner answers dialogs through askUser in task mode and cancels them in background mode (0.8375ms)
✔ AgentRunner cancels and fails when the child exits early (0.732ms)
✔ AgentRunner has no total-duration watchdog but keeps active work alive and times out true silence (0.6714ms)
✔ AgentRunner.cancelAll stops every queued and running task (0.5472ms)
✔ AgentRunner fails only the task when the child cannot start, and the queue moves on (0.5864ms)
✔ AgentRunner turns a synchronous spawn exception into a failed task (0.2461ms)
✔ AgentRunner releases quarantined capacity only on proven exit (late events: false) (1.6621ms)
✔ AgentRunner releases quarantined capacity only on proven exit (late events: true) (0.8387ms)
✔ a confirmed-gone group completes the exit and frees its slot without an observed exit (0.7108ms)
✔ an unprobeable process group quarantines at its deadline and still records the run (0.5319ms)
✔ abortReasonText renders an Error, a string, and nothing for unknown reasons (0.1254ms)
✔ research narrowing transport keeps exact argv paths and replaces inherited selection (0.843ms)
✔ runner retains remediation observations and awaits terminal settlement (4.5269ms)
✔ admitted no-PID failure settles interrupted before sending a prompt (1.0369ms)
✔ admitted synchronous spawn failure finalizes without launching another actor (0.4422ms)
✔ renderThreadItem presents every protocol kind as labeled, indented blocks (4.5953ms)
✔ renderThreadItem keeps multiline content and every retained tool-output line across terminal widths (2.0982ms)
✔ renderThreadItem renders actual sanitized retention markers and error status color (0.6244ms)
✔ sessionToMarkdown writes user, tool calls with results, and assistant text, dropping thinking and noise (2.6715ms)
✔ sessionToMarkdown widens the fence when the output itself contains backticks (0.4021ms)
✔ narrow navigation enters a direct child, retains manual thread position, and Escape backs out (41.2433ms)
✔ desktop fullscreen and every task action have mouse controls at the split boundary (4.4876ms)
✔ tiny frames stay bounded and Close remains clickable whenever a cell exists (6.4128ms)
✔ compact footer cycles mouse actions without clipped hit regions (2.1487ms)
✔ manual list wheels remain independent of selection and survive Back and resize (4.9492ms)
✔ activating a visible child preserves the manual list offset through Back and height resize (2.4616ms)
✔ resizing a narrow child list to desktop keeps Fullscreen local and completion returns to the list (1.0083ms)
✔ fullscreen retains every semantic block and hides Stop for unowned active tasks (9.4735ms)
✔ narrow unknown origins stay isolated rather than sharing an inferred orchestrator (0.6535ms)
✔ presentation changes invalidate pointer geometry before another frame (0.9239ms)
✔ renderThreadItem renders labeled text, thinking, tool-output, and note blocks (1.3464ms)
✔ AgentsView renders the frame with the task list and the selected thread's tail, at width (0.8895ms)
✔ AgentsView keys move the selection, scroll, follow, cancel, open, and close (2.2267ms)
✔ AgentsView subscribes only to the selected task and survives an empty store (0.5576ms)
✔ live-only current panel exposes active children directly at desktop and narrow widths (1.9935ms)
✔ live-only current panel never promotes retained foreign or unknown tasks into open sessions (0.4465ms)
✔ AgentsView pointer regions hover and select task rows without activating, and keep list and thread wheels independent (1.2982ms)
✔ AgentsView retains narrow keyboard mode after selection and store invalidation (0.6544ms)
✔ AgentsView narrow drilldown has explicit Back, independent wheel and Open, and global close (0.9226ms)
✔ AgentsView clears hover on leave, list scrolling, resize, updates, empty lists, and disposal (2.1096ms)
✔ AgentsView advertises s to stop an active selection, retains c as an alias, and hides stopping for finished tasks (1.3567ms)
✔ AgentsView close control, Escape, and q share rendered bounds and one idempotent close (0.7093ms)
✔ AgentsView scrolls the task list so the selection stays visible when there are more tasks than rows (1.5982ms)
✔ AgentsView scopes to live children and toggles only the open-session directory (1.3194ms)
✔ AgentsView footer buttons follow, open only a session-backed selection, and clear stale geometry (1.0645ms)
✔ AgentsView reads live rows, preserves manual scroll and selection, and invalidates stale pointer bounds (1.9013ms)
✔ AgentsView rejects cached-height pointer input before the live resize renders (0.945ms)
✔ formatElapsed renders seconds, minutes, and hours compactly (0.8845ms)
✔ widgetTasks keeps active tasks in start order and only recently finished ones (1.5069ms)
✔ widgetExpiryMs says how long until the next finished row leaves the card (0.638ms)
✔ renderAgentsCard draws columns for agent, task, and model · tokens · cost · time, with the batch time in the rule (36.6837ms)
✔ renderAgentsCard renders singleton elapsed time only on its task row (0.7218ms)
✔ renderAgentsCard keeps every task on one line, clipping long labels, and drops the task column when the card is narrow (1.5531ms)
✔ renderAgentsCard shows questions and failures in place of the task, and collapses to the first row (1.7963ms)
✔ agent model and effort outrank usage at sidebar widths without inventing unknown values (5.3791ms)
✔ widgetRows caps the card at a quarter of the terminal, between three and eight rows (0.3681ms)
✔ renderAgentsCard caps the rows at maxRows, keeps active tasks ahead of finished ones, and says how many are hidden (3.5644ms)
✔ orchestrator keeps conversation language separate from generated artifact language (8.537ms)
✔ rendered SDD preflight prompt is English artifact copy (1.1081ms)
✔ orchestrator Memory Contract carries the Engram memory lifecycle rule (3.6938ms)
✔ SDD proposal questions focus on business and PRD gaps (1.424ms)
✔ all shipped SDD agents and chains require parent preflight transport (10.259ms)
✔ SDD chain assets distinguish interactive gates from auto execution (1.5574ms)
✔ orchestrator lazy-loads detailed SDD workflow (1.7537ms)
✔ persistent harness prompt assets do not hardcode Spanish SDD artifact copy (22.3502ms)
✔ SDD assets route completed implementation directly through verify, sync, and archive (2.3473ms)
✔ comment-writer is context-reactive and neutral by default for Spanish comments (1.2287ms)
✔ ask_user_choice transcript opts out of Pi's painted tool shell (0.9317ms)
✔ ask_user_choice registers without runtime actions or overriding the open questionnaire (0.6175ms)
✔ ask_user_choice keeps closed mode by default and makes custom mode opt-in (0.3324ms)
✔ ask_user_choice hover preserves the keyboard-selected opaque value (6.1651ms)
✔ ask_user_choice retains native rendered hit testing for mouse selection (3.9429ms)
✔ ask_user_choice supports an opt-in custom response from keyboard navigation (2.9117ms)
✔ ask_user_choice uses native input decoding and supplied custom editor keybindings (1.0404ms)
✔ ask_user_choice activates an opt-in custom response from the Other row pointer target (0.5999ms)
✔ ask_user_choice rejects empty custom responses and escapes back to list cancellation (0.6297ms)
✔ ask_user_choice renders Other only when custom response is explicitly enabled (0.6749ms)
✔ ask_user_choice handles a closed Kilo hash decision with an opaque envelope value (0.5981ms)
✔ ask_user_choice cancels without a value and remains unavailable outside the TUI (0.6085ms)
✔ ask_user_choice emits a private balanced lifecycle around selection and cancellation (0.3412ms)
✔ ask_user_choice settles its lifecycle after a custom UI error and emits nothing outside the TUI (0.2465ms)
✔ ask_user_choice is offered only for interactive TUI turns and preserves the open questionnaire (0.247ms)
✖ actual SDK discovers SDD only after explicit activation in the same session (1925.0752ms)
✔ classifyGuardedCommand: git push plain → confirm by default (no autonomous mode) (1.7294ms)
✔ classifyGuardedCommand: git rebase → confirm by default (no autonomous mode) (0.4751ms)
✔ classifyGuardedCommand: npm publish → confirm by default (no autonomous mode) (0.1547ms)
✔ classifyGuardedCommand: unknown command → not-guarded (0.1363ms)
✔ classifyGuardedCommand: git push --force always blocked even with gitPush=allow (0.1506ms)
✔ classifyGuardedCommand: git push --force-with-lease always blocked (0.0886ms)
✔ classifyGuardedCommand: git push -f always blocked even in autonomous mode (0.0991ms)
✔ classifyGuardedCommand: git reset --hard always blocked (0.1007ms)
✔ classifyGuardedCommand: rm -rf / always blocked (0.1197ms)
✔ classifyGuardedCommand: rm -rf ~ always blocked (0.1485ms)
✔ classifyGuardedCommand: chmod -R 777 always blocked (0.0969ms)
✔ classifyGuardedCommand: git push plain allowed when autonomousMode=true and gitPush=allow (0.1073ms)
✔ classifyGuardedCommand: configured push allow is remote-agnostic and unchanged (0.1635ms)
✔ guardedCommandPreview: long late matched action stays visible in preview (1.9939ms)
✔ guardedCommandPreview: late non-push action visible, elided, and width-bounded (0.1251ms)
✔ guardedCommandTitle: exact action-specific titles per guarded key (0.0958ms)
✔ guardedCommandTitle: unkeyed guarded command falls back to generic title (0.0374ms)
✔ evaluateGuardedCommand: collects guarded matches in command order and applies full-command precedence (0.7427ms)
✔ evaluateGuardedCommand: git -C stores the push token offset for bounded previews (0.1235ms)
✔ evaluateGuardedCommand: git -C path containing push still offsets the push action (0.1046ms)
✔ evaluateGuardedCommand: repeated forced branch deletions remain separate matches (0.153ms)
✔ classifyGuardedCommand: git push plain still confirm when autonomousMode=false even with gitPush=allow in config (0.0782ms)
✔ classifyGuardedCommand: git rebase stays confirm when autonomousMode=true and gitRebase=confirm (0.0595ms)
✔ classifyGuardedCommand: git branch -D stays confirm in autonomous mode (gitBranchDeleteForce=confirm) (0.0807ms)
✔ classifyGuardedCommand: git branch -df stays confirm in autonomous mode (0.0599ms)
✔ classifyGuardedCommand: git branch --delete --force stays confirm in autonomous mode (0.0467ms)
✔ classifyGuardedCommand: npm publish blocked when autonomousMode=true and npmPublish=block (0.0681ms)
✔ loadRuntimeGuardrailsConfig: returns off config when no file exists (1.0311ms)
✔ loadRuntimeGuardrailsConfig: env var GENTLE_PI_AUTONOMOUS_MODE=1 activates mode (0.9716ms)
✔ loadRuntimeGuardrailsConfig: global config file activates autonomous mode (4.5432ms)
✔ loadRuntimeGuardrailsConfig: project config overrides global config (4.3165ms)
✔ loadRuntimeGuardrailsConfig: invalid JSON in config fails safe (autonomousMode=false) (3.2972ms)
✔ loadRuntimeGuardrailsConfig: non-object JSON fails safe (1.8829ms)
✔ loadRuntimeGuardrailsConfig: invalid project config fails safe (autonomousMode=false) (3.8227ms)
✔ classifyGuardedCommand: pi remove confirm when autonomousMode=false (0.1809ms)
✔ classifyGuardedCommand: pi remove allowed when autonomousMode=true and piRemove=allow (0.1634ms)
✔ classifyGuardedCommand: git -C /repo push --force → block even with gitPush=allow (0.1163ms)
✔ classifyGuardedCommand: git --work-tree=/tmp push --force → block (0.0834ms)
✔ classifyGuardedCommand: git -C /repo push -f → block (0.0707ms)
✔ classifyGuardedCommand: git -C /repo push origin feat → classified as gitPush (allow when configured) (0.0503ms)
✔ classifyGuardedCommand: git -C /repo push origin feat → confirm when autonomousMode=false (0.0772ms)
✔ classifyGuardedCommand: rm -rf $HOME → block (0.0739ms)
✔ classifyGuardedCommand: rm -rf $HOME/foo → block (0.0534ms)
✔ classifyGuardedCommand: gitBranchDeleteForce=allow in autonomous mode → allow (0.055ms)
✔ classifyGuardedCommand: autonomousMode=true, empty guardedCommands, gitPush defaults to allow (0.0447ms)
✔ loadRuntimeGuardrailsConfig: GENTLE_PI_AUTONOMOUS_MODE=0 does NOT activate autonomous mode (0.8146ms)
✔ loadRuntimeGuardrailsConfig: GENTLE_PI_AUTONOMOUS_MODE=true does NOT activate autonomous mode (0.8087ms)
✔ loadRuntimeGuardrailsConfig: GENTLE_PI_AUTONOMOUS_MODE='' does NOT activate autonomous mode (0.7679ms)
✔ loadRuntimeGuardrailsConfig: autonomousMode:1 (number) in JSON does NOT activate autonomous mode (2.3286ms)
✔ loadRuntimeGuardrailsConfig: autonomousMode:"true" (string) in JSON does NOT activate autonomous mode (2.8388ms)
✔ loadRuntimeGuardrailsConfig: autonomousMode:{} (object) in JSON does NOT activate autonomous mode (2.133ms)
✔ strict decode accepts exactly the v1 schema with policy on|off (1.1526ms)
✔ strict decode rejects malformed shapes (0.1604ms)
✔ default is off with no file and no env (1.4122ms)
✔ project file overrides global file and env (2.4876ms)
✔ global file overrides env when no project file exists (3.3239ms)
✔ env var applies only when no policy file exists, and only exact on|off (2.1199ms)
✔ a malformed higher-priority file fails closed to off instead of falling through (3.1641ms)
✔ capability is absent when no subagents package exists anywhere (0.8133ms)
✔ capability is ready when the subagents package is installed without an agents directory (4.3612ms)
✔ capability is ready for either supported package name (5.5146ms)
✔ capability stays ready for a layout that does ship an agents directory (3.9648ms)
✔ a bare directory with no package.json is not an installed package (1.6354ms)
✔ a live tool registry listing subagent_run reports ready with no package on disk (0.5418ms)
✔ a live tool registry without subagent_run outranks an installed package (3.0709ms)
✔ an empty tool list carries no signal and falls back to the package probe (3.9949ms)
✔ readActiveToolNames reads the pi registry and degrades to undefined (1.2298ms)
✔ status line renders policy and capability (0.1419ms)
✔ renderOrchestratorPrompt substitutes the background policy token (0.4984ms)
✔ renderOrchestratorPrompt defaults to the fail-closed off/absent rendering (0.2308ms)
✔ the rendered status line flips to ready when the subagents package is installed (4.0535ms)
✔ the rendered status line reports ready from a live registry alone (1.0002ms)
✔ getOrchestratorPrompt renders exactly one background status line (0.4894ms)
✔ the resolver attributes the project file, with its path (1.5516ms)
✔ the resolver attributes the global file when no project file exists (0.9217ms)
✔ the resolver attributes the environment variable when no file exists (1.1309ms)
✔ the resolver attributes the built-in default when nothing else decides (1.528ms)
✔ the resolver attributes a malformed file to that file and does not fall through (2.9588ms)
✔ loadBackgroundSubagentsPolicy delegates to the resolver so the two can never disagree (5.53ms)
✔ jero:background-subagents is registered and declares user-initiated sub-actions (1.3511ms)
✔ no argument reports the effective policy, the deciding default, and the capability (1.6853ms)
✔ status names the project file that decided and the global file it shadows (6.2319ms)
✔ status names the global file when it is the deciding source (2.8188ms)
✔ status names the environment variable when it is the deciding source (1.1297ms)
✔ status calls an unrecognized environment value inert instead of silently ignoring it (2.0597ms)
✔ status reports a malformed deciding file as fail-closed, not as a real off (3.4973ms)
✔ enable writes the global file and reports that it decides (3.5665ms)
✔ disable writes the global file off and reports that it decides (4.3387ms)
✔ enable under an outranking project file writes the global file and says it does not take effect (4.4507ms)
✔ enable with the environment variable set reports where that variable ranks (3.3424ms)
✔ an unknown sub-action warns and changes nothing (1.5841ms)
✔ CodeGraph tool rejects non-project, nested-project, HOME, and temporary workspaces before init (185.2782ms)
✔ CodeGraph tool runs only fixed cwd-scoped init, query, and explore commands (228.9998ms)
✔ CodeGraph tool rejects pre-existing .codegraph symlinks and non-directories (266.606ms)
✔ CodeGraph tool passes hyphen-leading queries after the option terminator (143.6318ms)
✔ CodeGraph tool returns structured fallback instructions when the binary is unavailable (158.1684ms)
✔ CodeGraph tool returns fallback instructions when CodeGraph fails (116.9128ms)
✔ CodeGraph tool configures a process buffer above the returned-output truncation threshold (119.9998ms)
✔ CodeGraph tool rejects incomplete or oversized query requests before running a process (184.3156ms)
✔ CodeGraph tool registration exposes a single constrained custom tool (0.4009ms)
✔ Windows shim helpers skip stale PATH shims before resolving the npm script (12.5347ms)
✔ Windows shim helpers resolve quoted PATH entries in order without stripping unmatched quotes (11.3717ms)
✔ Windows launcher passes command metacharacters as one literal argv value (215.319ms)
✔ every SDD phase executor carries an effective `## Key Learnings Closing` section with full semantics (4.7088ms)
✔ no SDD phase executor infers Key Learnings through `standard phase envelope` alone (0.9739ms)
✔ SDD executor coverage is exhaustive against actual agent files (0.2989ms)
✔ generic delegation contract instructs the same `## Key Learnings` closing block (0.5139ms)
✔ sdd-orchestrator-workflow documents routing, not executor authority (0.3966ms)
✔ provider ownership: no Pi TypeScript runtime parses Key Learnings or invokes passive-capture tools (19.7684ms)
✔ listCodeFiles recurses nested code, ignores non-code files, and skips symlinks (9.7597ms)
✔ strict review and Judgment Day agents do not gain Key Learnings or trailing-prose instruction (0.8247ms)
✔ the canonical Key Learnings heading has no trailing colon in any asset (2.0342ms)
✔ modified SDD agents are packaged and installed by the existing installer (1.2514ms)
✖ feature request form has supported structure and only intake labels (1.8343ms)
✖ duplicate and privacy affirmations are individually required (0.3754ms)
✖ feature questions require problem and outcome but keep alternatives and context optional (0.316ms)
gentle-ai-binary: Native gentle-ai binary is unresolved; set GENTLE_PI_REQUIRE_NATIVE_BINARY=1 to fail instead of skip.
﹣ runtime resolves an absolute package-local binary path without PATH fallback or ambient dev contamination (0.7151ms) # SKIP
✔ runtime validates a Windows Go SumDB source manifest and rejects tampering, symlinks, and PATH injection (41.3532ms)
✔ runtime rejects an unverified binary, a symlinked manifest, and ambient executable injection (9.5123ms)
﹣ runtime rejects malformed, unknown, wrong, and symlinked integrity paths (0.3209ms) # SKIP
﹣ runtime rejects a binary-only tamper while its canonical pinned manifest remains unchanged (0.1569ms) # SKIP
﹣ runtime rejects an arbitrary binary even when a forged manifest matches its digest (0.2574ms) # SKIP
﹣ runtime rejects binary replacement during verification (0.2462ms) # SKIP
✔ runtime fails closed when the package-local binary is missing (5.1517ms)
﹣ runtime rejects a valid but non-executable POSIX binary (0.1942ms) # SKIP
✔ production native operations report the package-local missing binary code (4.6354ms)
﹣ production native client never invokes a global gentle-ai executable (0.099ms) # SKIP
✖ jero:doctor and jero:status surface the active dev-binary override loudly (47.2762ms)
✔ without an override the surfaces stay silent about dev binaries (20.6703ms)
✔ an invalid override is surfaced as a failure, never silently ignored (17.997ms)
✔ jero:dev-binary registers, reports, and clears the persistent override (9.5547ms)
✖ session start announces the active override once, loudly (92.3963ms)
✖ the explicit env override resolves a verified dev binary and never changes the pinned path (7.3311ms)
✖ a registration is strict, env wins, and unregister restores the pinned resolver (3.5176ms)
✔ invalid override sources fail closed instead of silently falling back to the pin (8.7475ms)
✔ an unset or empty dev-binary environment preserves the package-local resolver (5.1528ms)
✔ GENTLE_PI_CONFIG_HOME relocates only the local registration document (1.5937ms)
✔ malformed registration variants name their local registration path and never fall back (15.7139ms)
✖ registered binary replacement is observed on the next resolution (3.3522ms)
✔ default installer package root is the package containing scripts, not its parent (2.4277ms)
✔ release mapping selects only the supported official v2.8.2 assets and pinned digests (1.1121ms)
✔ raw release assets are admitted only under a prerelease pin (0.6081ms)
✔ release digests are all-or-none and install fails closed while any digest is pending (0.3238ms)
✔ win32 x64 and arm64 install the exact Go SumDB source tag without archive lookup (78.0124ms)
✔ Windows source install reports missing or too-old Go without publishing a binary (44.2505ms)
✔ Windows source install cleans staging after Go failure or wrong built version (49.4762ms)
✔ Windows source installs reuse only a fully verified package-local binary (74.9263ms)
✔ Windows source installation resolves one validated Go executable and seals hostile Go environment (28.8939ms)
✔ Windows source manifest binds verified Go metadata and architecture (26.9446ms)
✔ Windows source installation rejects Go metadata for a different architecture (23.2851ms)
✔ Windows source installation treats a fresh ownerless lock as active (4.7962ms)
✔ Windows source installation preserves a lock whose owner nonce changed before release (20.099ms)
✔ Windows source installation fails closed for an ownerless lock even after the stale threshold (4.3524ms)
✔ Windows source installation fails closed for a stale owner lock (5.54ms)
✔ Windows source release moves a replacement lock to a preserved tombstone (31.8219ms)
✔ Windows source acquisition fails closed when a tombstone appears after its first scan (13.9302ms)
✔ Windows source release deletes its matching tombstone and allows reuse (49.024ms)
✔ Windows source recovers a valid backup after a crash between publication renames before any build (56.5106ms)
✔ Windows source fails closed for multiple or invalid backup candidates (44.0356ms)
✔ Windows source cleans one validated backup only when the live bundle is valid (54.5513ms)
✔ Windows source preserves a valid backup when the live bundle is invalid (51.8754ms)
✔ Windows concurrent installs fail closed until normal release, then reuse the published bundle (46.728ms)
✔ Windows source publication rolls back a prior bundle when final directory swap fails (29.2921ms)
✖ Darwin/Linux signed bundles retain their four-field manifest and reusable compatibility (35.6144ms)
✔ a pinned asset falls back to its jero-pi mirror only on download failure, and a stable pin declares no mirror (49.8585ms)
✔ Windows archive lookup remains unsupported and names Go SumDB source installation (0.4158ms)
✔ unsupported platform pairs fail clearly before download (0.3405ms)
✖ extractors use only absolute trusted system paths, never lifecycle PATH or SystemRoot (0.5467ms)
✔ download bounds stalled headers and bodies with transient retry exhaustion (31.4761ms)
✔ download retries only transient HTTP statuses and exhausts within the attempt bound (6.2291ms)
✔ checksum mismatch cleans temporary state without promoting a binary (14.7332ms)
✖ installer promotes only the expected regular executable with executable POSIX mode (33.5277ms)
✔ installer rejects an extracted binary that differs from its pinned digest (19.453ms)
﹣ installer repairs a valid non-executable POSIX binary instead of reusing it (0.4163ms) # Windows does not use POSIX executable mode bits
✔ installer rejects a symlinked package-local runtime parent directory (3.0807ms)
✔ installer rejects archives with multiple expected executable entries (23.12ms)
✔ installer rejects an archive without the expected regular executable (18.0907ms)
✔ Windows source build bounds go install separately from the Go toolchain probes (29.8816ms)
✔ a running call card closes its own frame and a completed one leaves that to the result (23.4078ms)
✔ completed review cards fit Pi's default Box at terminal width 57 (3.5898ms)
✔ review registrations own their shell (2.2325ms)
✔ review call and result cards have no passive background fill (3.5883ms)
✔ a partial result draws no bottom rule and a final one draws exactly one (1.583ms)
✔ promoting the shared state to finished invalidates after the render returns, never inside it (0.351ms)
✔ package manifest exposes bundled themes to Pi discovery (0.8842ms)
✔ bundled Gentleman-Sexy Pi theme is available under its exact name (0.3534ms)
✔ bundled Gentleman-Cute Pi theme is available under its exact name (0.2597ms)
✔ bundled Gentleman-Sexy Pi theme defines complete brand and semantic color mappings (0.8191ms)
✔ bundled Gentleman-Cute Pi theme defines complete brand and restrained color mappings (0.3547ms)
✔ bundled Pi theme is named exactly Gentle and defines all required colors (1.2744ms)
✔ bundled Pi theme maps roles to the subtle OpenCode gentleman theme (0.4082ms)
✔ recognized global npm installation persists fullscreen and preserves other settings (20.7268ms)
✔ recognized global Pi Git installation persists fullscreen and preserves other settings (13.7435ms)
✔ creates or resets fullscreen: missing (18.813ms)
✔ creates or resets fullscreen: { "tuiMode": "regular", "packages": ["npm:example"] } (15.3587ms)
✔ already fullscreen preserves bytes and inode (9.1769ms)
✔ agent-home precedence: GENTLE_PI_AGENT_HOME (13.6371ms)
✔ agent-home precedence: PI_CODING_AGENT_DIR (10.6535ms)
✔ agent-home precedence: default (8.6499ms)
✔ unowned install is untouched: project/.pi/npm/node_modules/jero-pi (4.0315ms)
✔ unowned install is untouched: project/.pi/git/github.com/Gentleman-Programming/gentle-pi (9.5209ms)
✔ unowned install is untouched: consumer/node_modules/jero-pi (7.6121ms)
✔ unowned install is untouched: checkout (6.8322ms)
✔ unowned install is untouched: agent/git/github.com/jero-pi (7.6378ms)
✔ unowned install is untouched: temporary/npm/node_modules/jero-pi (10.4389ms)
✔ unowned install is untouched: store/.pnpm/jero-pi/node_modules/jero-pi (10.5121ms)
✔ unowned global Pi Git install is untouched: git/gitlab.com/Gentleman-Programming/gentle-pi (9.8965ms)
✔ unowned global Pi Git install is untouched: git/github.com/Other-Organization/jero-pi (9.4858ms)
✔ unowned global Pi Git install is untouched: git/github.com/Gentleman-Programming/other-pi (8.8605ms)
✔ missing configured agent home is a no-op (5.3267ms)
✔ global npm package symlink into a store is not ownership (9.5753ms)
✔ global Pi Git package symlink into a store is not ownership (8.5444ms)
✔ canonical agent-home alias is supported (15.2088ms)
✔ invalid settings remain unchanged: {broken (8.5828ms)
✔ invalid settings remain unchanged: [] (7.2075ms)
✔ invalid settings remain unchanged: null (5.936ms)
✔ invalid settings remain unchanged: false (3.8412ms)
✔ invalid settings remain unchanged: 42 (3.6342ms)
✔ invalid settings remain unchanged: "string" (3.4285ms)
✔ invalid settings remain unchanged:  (4.2378ms)
✔ rejects nonregular settings: directory (4.5419ms)
✔ rejects nonregular settings: symlink (8.1664ms)
✔ rejects nonregular settings: dangling (9.0599ms)
﹣ preserves existing permissions and creates private new settings (0.0996ms) # SKIP
✔ cooperative concurrent installers serialize without artifacts (32.712ms)
✔ Pi proper-lockfile contention is bounded and never steals the lock (314.7299ms)
✔ Pi's later packages-only save retains persisted fullscreen (1735.8984ms)
✔ symlinked npm ancestor cannot grant settings ownership (6.708ms)
✔ symlinked Pi Git ancestor cannot grant settings ownership (5.3612ms)
✔ waiting installer rereads another cooperative writer's settings (43.1683ms)
✔ atomic update preserves original or concurrent settings on write (111.4869ms)
✔ atomic update preserves original or concurrent settings on rename (103.4983ms)
✔ atomic update preserves original or concurrent settings on concurrent-change (92.1423ms)
✔ npm postinstall lifecycle: skip (100.9905ms)
✔ npm postinstall lifecycle: success (103.7843ms)
✔ npm postinstall lifecycle: failure (207.1468ms)
✔ Pi Git postinstall lifecycle: skip (104.3086ms)
✔ Pi Git postinstall lifecycle: success (107.9261ms)
✔ Pi Git postinstall lifecycle: failure (193.5968ms)
✔ preserves the prefixed skill identity and complete Issue Form metadata (0.9132ms)
✔ makes YAML Issue Forms the deterministic automated format authority (0.6968ms)
✔ fails closed before publication for invalid required Issue Form data (0.3493ms)
✔ attests only agent-verifiable checkbox work and preserves human declarations (1.8628ms)
✔ publishes reviewed Issue Form bodies through a private body file (1.158ms)
✔ keeps automated and conditional browser Issue Form paths distinct (2.2663ms)
✔ discovers support routing and keeps all issue files private until cleanup (0.7802ms)
node:fs:439
    return binding.readFileUtf8(path, stringToFlags(options.flag));
                   ^

Error: ENOENT: no such file or directory, open 'D:\jero-pi\jero-pi\lib\contracts\telemetry\runtime-aggregate-v1.schema.json'
    at readFileSync (node:fs:439:20)
    at file:///D:/jero-pi/jero-pi/lib/metrics/runtime-metrics.ts:3:34
    at ModuleJob.run (node:internal/modules/esm/module_job:430:25)
    at async onImport.tracePromise.__proto__ (node:internal/modules/esm/loader:661:26)
    at async asyncRunEntryPointWithESMLoader (node:internal/modules/run_main:101:5) {
  errno: -4058,
  code: 'ENOENT',
  syscall: 'open',
  path: 'D:\\jero-pi\\jero-pi\\lib\\contracts\\telemetry\\runtime-aggregate-v1.schema.json'
}

Node.js v24.13.1
✖ tests\jero-agents.test.ts (1956.1706ms)
✔ missing package-local binaries give a direct recovery without attributing the cause to lifecycle scripts (102.0296ms)
✔ registered Gentle Review tools render reusable rose lifecycle call rows (28.288ms)
✔ registered Gentle Review tools preserve result envelopes and redact collapsed result rendering (4.9846ms)
✔ models saves and clears independent provider review roles without local artifacts (63.352ms)
✔ provider review roles skip migration and both projection paths even when discoverable (51.2167ms)
✔ models rejects invalid project routing with its selected source path (8.9869ms)
✔ export re-reads saved routing and rejects invalid project before creating its destination parent (17.5428ms)
✔ status reports invalid saved routing path instead of default agent routing (19.9758ms)
▶ models exports missing, normalized project, and global-precedence saved routing
  ✔ missing (19.2994ms)
  ✔ project (22.8747ms)
  ✔ global (28.9884ms)
✔ models exports missing, normalized project, and global-precedence saved routing (72.1269ms)
▶ invalid global routing overrides valid project in models, status, and export re-read
  ✔ invalid before panel (20.7555ms)
  ✔ invalidated during panel (27.804ms)
✔ invalid global routing overrides valid project in models, status, and export re-read (49.3391ms)
✔ session startup reports invalid project routing without mutating the profile (156.2123ms)
✔ agent discovery skips skills directories (8.7012ms)
✖ managed routing timeout leaves its profile, agent, and manifest unchanged (3.9146ms)
✖ a later alias keeps managed-root precedence and manifest ownership (9.8316ms)
✔ runtime guidance keeps review policy out of the static orchestrator and technical reference (1.5065ms)
✔ ordinary native capture exposes a registered schema and STATUS binding copied unchanged to one slot (179.2394ms)
✔ ordinary START adopts the committed-range selectors the provider just offered (16307.8481ms)
✔ ordinary START keeps an explicit caller baseRef and ignores the offered selector (17316.986ms)
✔ ordinary START keeps today's invocation when STATUS offers no committed-range selector (37467.2612ms)
✔ ordinary START reports candidate-owner preparation failure as pre-native no mutation (384.5411ms)
✔ agent model discovery prioritizes SDD and Judgment Day agents (12.8837ms)
✔ discoverable model agents include installed Judgment Day agents (10.9992ms)
✔ model panel render does not auto-apply the Gentle theme and sanitizes agent labels (1.3424ms)
✔ model panel render uses the Pi-provided current theme when supplied (0.6961ms)
✔ delivery commands bypass RDD under every mode outcome while command safety remains independent (11.2326ms)
✔ guarded command confirmation emits a generic correlated permission lifecycle (2.7299ms)
✔ concurrent guarded confirmations coalesce the Herdr lifecycle per extension instance (3.7906ms)
✔ RPIV questionnaire blockers emit only a private, balanced Herdr projection (0.7293ms)
✔ Herdr coordinates guarded confirmations and RPIV labels without inactive relabel pulses (1.1762ms)
✔ closed choice blockers retain the visible choice label through guarded-confirmation overlap (0.7613ms)
✔ permission lifecycle is inactive for unguarded and headless commands (1.1306ms)
✔ registered Gentle Review capture tools name the lens they run (0.6808ms)
✔ bash tool_call confirms a late guarded npm publish and denies on non-approval (1.4928ms)
✔ bash tool_call confirms every compound action and centers a long git -C push (2.4439ms)
✔ applying a profile persists its orchestrator and never leaks the key into agent routing (61.005ms)
✔ applying a profile without an orchestrator entry leaves settings.json untouched (36.5241ms)
✔ a profile store entry with only the orchestrator key counts zero roles (37.0271ms)
✔ the profiles panel fills the terminal, lists routing per agent, and scrolls (20.2352ms)
✔ j and k scroll the detail pane one line at a time, like the agents view (19.0055ms)
✔ buildShellBarModel reads session, model, and footer data (1.937ms)
✔ buildShellBarModel shortens the home directory and hides effort for non-reasoning models (0.251ms)
✔ gentleShell installs the footer on session_start when a UI exists (30.9383ms)
✔ the fullscreen Status rail carries a live digest so a model switch refreshes it (14.7031ms)
✔ gentleShell stays out of the way without a UI or when disabled (0.4971ms)
✔ gentleShell frames the editor with the petal prompt and a hint while empty (5.1296ms)
✔ registered prompt stays transparent while idle, working, and queued (1.8217ms)
✔ gentleShell shows working while the agent runs and queued when messages wait (1.2136ms)
✔ gentleShell leaves an editor another extension already installed (0.6079ms)
✔ gentleShell shows working-tree changes in a widget below the editor and in the bar (1.7577ms)
✔ gentleShell registers /jero:changes and opens the overlay only when there are changes (11.4522ms)
✔ changes overlay follows registered linked roots on open, refresh and polling and scopes diff git cwd (124.7607ms)
✔ successful direct tools register whole roots, failures and shell contents do not, and all UI counts agree (10.362ms)
✔ session switching drops pending tool and foreign launch events while same-session entries restore (0.7995ms)
✖ registered canonical root governs real Git discovery, status and diff despite inherited routing (528.7575ms)
✔ loadFileDiff asks git for a HEAD diff, or a no-index diff for untracked files (1.3077ms)
✔ shell Git runner hides initial and repeated background polling children (0.4655ms)
✔ openInExternalEditor stops the TUI around the editor and honors $VISUAL over $EDITOR (0.4523ms)
✔ external editor receives the selected worktree as process cwd (0.2789ms)
✔ changesShortcut defaults to alt+g and can be overridden or disabled (0.1699ms)
✔ gentleShell binds the changes shortcut to the same handler as the command (0.7414ms)
✔ gentleShell keeps the open overlay in sync with git while it stays open (47.9248ms)
✔ gentleShell watches git in the background so the widget and bar follow external edits (107.0433ms)
✔ fetchCodexUsage sends the token and account id and parses the payload (0.7041ms)
✔ gentleShell fetches Codex usage on session start and shows it in the bar (31.2438ms)
✔ gentleShell records SSE rate-limit headers from provider responses (1.6791ms)
✔ gentleShell registers /jero:usage and opens the subscriptions overlay (1.7991ms)
✔ gentleShell draws the review preflight message as a Gentle card (1.0401ms)
✔ gentleShell keeps a dev-binary override visible above the editor for the whole session (1.2486ms)
✔ todoEnabled and todoCollapseKey read their environment flags (0.8822ms)
✔ todo registration owns its transparent transcript shell (0.207ms)
✔ the todo tool writes the list, shows the card after the call, and carries the snapshot in details (28.2068ms)
✔ the Todo header is a fullscreen left-click control while non-click pointer events stay inert (1.2678ms)
✔ the Todo header remains a static visible control without hover handling (0.6487ms)
✔ every turn carries the open tasks in the system prompt and the card goes stale after two silent turns (1.1786ms)
✔ a finished list stays for its turn and clears at the next, and the collapse key folds the card (0.6322ms)
✔ session_start replays the list from the branch, rpiv-todo results included, and counts past turns (0.7293ms)
✔ session_start drops a list that was already finished, so a reload never shows stale done work (0.7395ms)
✔ model routing authority normalizes and preserves sync/async source status (51.5491ms)
✔ saved-routing apply fails closed for invalid project and global sources (14.6719ms)
✔ saved-routing apply preserves missing, valid, null, inherit, and omission behavior (41.1635ms)
✔ the env var name is the one CI sets (0.8069ms)
✔ a resolved binary with pinned digests runs, and names no skip reason (0.3738ms)
✔ without the env var an unresolved binary yields a skip carrying a concrete reason (0.2313ms)
✔ without the env var unpinned digests yield a skip with a distinct reason (0.1404ms)
✔ under the env var an unresolved binary throws instead of skipping (0.4622ms)
✔ under the env var unpinned digests throw instead of skipping (0.1707ms)
✔ only an exact "1" arms the gate, so a stray value cannot silently disarm CI (0.3366ms)
✔ the dev-binary env var name is distinct from the pinned-binary one (0.1196ms)
✔ an existing dev binary path runs, and names no skip reason (0.2368ms)
✔ without the env var a missing GENTLE_AI_DEV_BINARY yields a skip carrying a concrete reason (0.2197ms)
✔ without the env var a set but non-existent dev binary path yields a distinct skip reason (0.1117ms)
✔ under the env var a missing dev binary throws instead of skipping (0.1642ms)
✔ GENTLE_PI_REQUIRE_NATIVE_BINARY never arms the dev-binary gate, and vice versa (0.0984ms)
✔ the gate reads the passed env, never the ambient process env (0.3494ms)
✔ native choice list presents one hovered wrapped option without changing selection (7.9447ms)
✔ native choice list ignores Kitty key releases (2.0182ms)
✔ root observer clears hover and disabled controls ignore every input (1.0155ms)
✔ empty native choice lists do not activate phantom selections (0.1848ms)
✔ native choice list composes rows through the shared pointer scope (0.6808ms)
✔ native fullscreen interaction preserves observer order and native dispatch identity (3.9147ms)
✔ native fullscreen interaction preserves Container geometry and SelectList behavior (6.6465ms)
✔ pointer regions give a public Text hover, press, and click behavior without implicit focus (1.9408ms)
✔ pointer scopes clear hover only through observed lifecycle boundaries (0.784ms)
✔ a consuming public Box child keeps its exact native target and focus without outer callbacks (1.1196ms)
✔ the same composed region can open an input entry point without answering on press (0.5333ms)
✔ a typed public custom overlay factory composes pointer content and disposes late events (0.8583ms)
✔ scopes apply disabled and disposed state to later Text regions (1.6026ms)
✔ Pi production code has no native review-transactions mutation path (3.2332ms)
✔ every row through the pinned 2.1.11 reports the organic-parity capability columns false (2.018ms)
✔ the 2.1.11 row explicitly reports all four organic-parity capabilities false (0.3017ms)
✔ 2.2.0 lights only the two capabilities its negotiated envelope demonstrably carries (0.2238ms)
✔ 2.2.1 repeats 2.2.0 because the lane Pi speaks did not move (1.1213ms)
✔ 2.2.2 repeats 2.2.1 because the lane Pi speaks still did not move (0.4342ms)
✔ 2.2.3 repeats 2.2.2 because Pi's consumed capability columns did not move (0.2896ms)
✔ 2.4.0 repeats 2.2.3 because the START envelope Pi consumes still omits risk_evidence and hint (0.1962ms)
✔ 2.5.0-rc.3 repeats 2.4.0 because the negotiated lane Pi consumes is unchanged (0.1895ms)
✔ 2.5.0 repeats 2.5.0-rc.3 because the stable lane Pi consumes is unchanged (0.2463ms)
✔ 2.6.0 repeats 2.5.0 because the negotiated lane Pi consumes is unchanged (0.3924ms)
✔ 2.7.0 repeats 2.6.0 because the negotiated lane Pi consumes is unchanged (0.2353ms)
✔ 2.8.0 repeats 2.7.0 because the negotiated lane Pi consumes is unchanged (0.2054ms)
✔ 2.8.1 repeats 2.8.0 because the negotiated lane Pi consumes is unchanged (0.2291ms)
✔ 2.8.2 repeats 2.8.1 because the negotiated lane Pi consumes is unchanged (0.1628ms)
✔ no shipped version key was added beyond the pin bump (0.1706ms)
✖ native SDD status executes its exact selected-root argv and returns only a validated v2 authority (2.1709ms)
✖ native SDD status rejects malformed v2 identities, dependencies, instructions, and blockers (0.6475ms)
✖ native v2 read-only decoding preserves omitted optional phaseInstructions (0.1406ms)
✔ native SDD status keeps malformed JSON, timeout, and nonzero execution fail-closed (0.911ms)
✔ negotiated STATUS accepts the pinned v5 receipt before routing its transition (5.6458ms)
✔ a final reviewer capture returns its native last-event closure without a follow-up command (15.1958ms)
✔ correction-plan capture substitutes only the provider slot and closes natively (1.2106ms)
✔ provider-owned refuter and targeted-validator vectors accept only their mapped terminal closures (0.9323ms)
✔ capture-unachievable declares the exact slot binding and decodes its recorded artifact (0.6772ms)
✔ capture-unachievable measures detail in UTF-8 bytes, not UTF-16 code units (0.3941ms)
✔ capture-unachievable validates its request and artifact shape before and after the invocation (0.5811ms)
✔ an older binary's unknown-verb refusal classifies as a capability signal, not a capture failure (0.7131ms)
✔ nonzero targeted-validator capture preserves its dot-form typed failure (0.4497ms)
✔ malformed closure output remains a typed schema failure and never authorizes a retry (5.4005ms)
✔ negotiated STATUS forwards its exact ordered workspace, base, lineage, and untracked selection argv (1.2932ms)
✔ negotiated STATUS emits the explicit committed selector argv (0.9055ms)
✔ negotiated STATUS rejects malformed committed selectors before launching a process (0.3633ms)
✔ negotiated STATUS rejects malformed untracked selection before launching a process (0.1611ms)
✔ negotiated STATUS rejects an unsupported provider execute operation before argv synthesis (0.4504ms)
✔ native START queries STATUS then executes only the provider-rendered ordered transition (1.3279ms)
✔ native START relays provider-owned intended-untracked selection and transition argv verbatim (1.3755ms)
✔ native START retains the provider-owned START/v4 status transition in exact argument order (2.9629ms)
✔ native consent completion decodes START/v4 and replays its provider argv unchanged (3.1778ms)
✔ native START refuses invalid committed-range and target bindings before STATUS (0.3925ms)
✔ capture-result stages a private input and preserves provider tokens without adding a contract (12.2143ms)
✔ capture-result rejects an empty document and a conflicting repository context before launch (0.7004ms)
✔ terminal correction and provider-role captures preserve unknown mutation failure semantics (0.2924ms)
✔ read-only STATUS process failures remain typed and never claim mutation (0.2823ms)
✔ read-only STATUS rejects unexpected stderr and nonzero failures without decoding authority (0.6912ms)
✔ negotiated STATUS accepts only exact provider forecast narration on stderr (2.4348ms)
✔ native client requires an absolute package-local executable before any invocation (0.3898ms)
✔ native client executes current negotiated argv without a shell (132.6634ms)
✔ current STATUS preserves bounded output configuration and output-limit precedence (1.7796ms)
✔ node execFile adapter passes AbortSignal to child_process (20.5818ms)
✔ capture-result receives the controller AbortSignal without an automatic mutation timeout (5.747ms)
✔ native review client exposes native v2 SDD status without adding review lifecycle behavior (0.1634ms)
✔ read-only authority inventory rejects a repository identity mismatch after decoding (1.1023ms)
✔ current native process boundary preserves caps, timeout classes, and sanitized diagnostics (5.5378ms)
✔ authority inventory accepts compact discarded work and historical entry statuses (2.1253ms)
✔ current review STATUS retains compact snapshot and released-lock wire fields (1.9805ms)
✔ acknowledge-approved keeps accepting the pinned silent burn byte-for-byte (0.5069ms)
✔ acknowledge-approved decodes the captured review-acknowledged/v1 burn envelope (0.8043ms)
✔ acknowledge-approved fails closed on a foreign, drifted, or mismatched success body (1.3634ms)
✔ acknowledge-approved keeps its fail-closed stderr and typed refusal discipline around the envelope (1.1139ms)
✖ native continuation uses a distinct mutating operation and the same v2 decoder (0.4085ms)
✖ native discovery preserves nullable selection and rejects an invented selected identity (0.2159ms)
✖ all twelve native actions retain their exact tokens without prose routing (0.2163ms)
✔ compact SDD bracket transports exact selection and remediation binding (1.0613ms)
✔ compact SDD refuses malformed result and invalid terminal evidence before execution (0.4638ms)
✔ compact admission accepts native empty CAS and never redirects uncertainty into review (0.4206ms)
✔ negotiated ordinary START executes the complete STATUS-rendered relay vector and preserves the consent envelope (8.3955ms)
✔ controller-prebound START target checks STATUS once and executes its exact matching transition (2.3341ms)
✔ consent follow-up executes the provider-named invocation exactly once and refuses changed lineage or target bindings (7.9652ms)
✔ consent answer preserves quoted Windows provider cwd tokens and launches the provider exactly once (7.1081ms)
✔ consent answer preserves quoted UNC and drive-root cwd tokens (3.5439ms)
✔ unmatched consent invocation quotes reject before provider launch (1.6494ms)
✔ different, duplicate, missing, and malformed consent cwd options reject before provider launch (1.4433ms)
✔ a consent invocation binding mismatch is a typed pre-native error that never launches the provider (0.6376ms)
✔ every consent invocation binding guard reports its own reason without launching the provider (2.168ms)
✔ fresh consent START accepts the strictly decoded provider-created lineage and rejects a mismatched target (4.1956ms)
✔ duplicate, empty, missing, and malformed consent lineages fail before provider launch (1.5089ms)
✔ declined consent decodes the provider's explicit empty authority fields without creating a lineage (1.1809ms)
✔ Pi START rejects a Pi-bound consent/v3 envelope when any provider choice omits or misbinds the Pi agent (6.2593ms)
✔ Pi START rejects a foreign consent/v3 envelope and only relays exact Pi-bound choice invocations (4.3191ms)
✔ a granted Pi consent/v3 answer replays the captured exact agent-bound invocation (1.4126ms)
✔ a declined Pi consent/v3 answer replays the captured exact agent-bound invocation and creates no authority (0.5767ms)
native-review-parity-runtime: Native gentle-ai binary is unresolved; set GENTLE_PI_REQUIRE_NATIVE_BINARY=1 to fail instead of skip.
﹣ generated runtime decoder consumes the captured terminal closure directly (0.6425ms) # SKIP
﹣ registered gentle_review surfaces the package-pinned Pi transport refusal before native START for a safe internal symlink candidate (0.098ms) # SKIP
✔ captured native start and terminal capture decode as one last-event lifecycle (4.0685ms)
✔ review mode STATUS keeps the provider-decided default-off source (9.9437ms)
✔ review mode mutations remain clone-scoped and retain their exact operation discriminator (3.4868ms)
✔ review mode rejects a response with a foreign operation discriminator (2.3812ms)
✔ all terminal capture fixtures retain exact, non-interchangeable operation identities (1.747ms)
✔ native risk evidence derives only published medium and high risk phrases (0.7112ms)
✔ Windows native cwd normalization preserves drive identity without changing POSIX paths (0.4066ms)
✔ current review mode keeps canonical reach values and rejects unrecognized wire values (13.7044ms)
✔ published start/v3 wire rejects scalar risk reasons without Pi lens policy (0.7743ms)
✔ review-mode gate retains every off-source continuation and fails closed on native errors (387.6039ms)
✔ public jero:review-mode handler reports current operations, global-off warnings, and unavailability (2.2154ms)
✔ public consent relay allows any active session to resolve a live binding, is one-shot, and is candidate-scoped (616450.6666ms)
✔ already-consumed local consent bindings reconcile exactly once with the native status transition (76425.9385ms)
✔ launched answer-consent failures remain blocked after fresh-target STATUS reconciliation (46854.9752ms)
✔ stale local consent bindings preserve a typed native STATUS failure (74814.9923ms)
✔ stale local consent bindings retain typed Pi transport refusal without an agentless retry (341.4494ms)
✔ unavailable and ambiguous consent follow-ups never replay a consumed binding (176145.0978ms)
✔ concurrent answers atomically claim consent before review-mode gating and ignore a queued expiry callback (112094.0285ms)
✔ timer-cleaned and synchronously pruned consent bindings remain expired within their session (596887.4261ms)
✔ native START maps only provider facts and omits absent evidence (125522.521ms)
✔ candidate consent completion writes no persistent asked latch (127307.962ms)
✔ derived risk evidence matches native v2.2.0: hot path, auth signal (2.9498ms)
✔ derived risk evidence matches native v2.2.0: hot path, payments signal (0.3431ms)
✔ derived risk evidence matches native v2.2.0: medium risk leads with the consolidated-review reason (0.0923ms)
✔ derived risk evidence matches native v2.2.0: multiple reasons keep native order (0.098ms)
✔ low risk speaks no evidence at all (0.1707ms)
✔ an unrecognized reason code renders nothing rather than guessing (0.1434ms)
✔ an unrecognized hot-path signal still names the path (0.2047ms)
✔ an empty file is named before it is described (0.1522ms)
✔ a reason with no path contributes no phrase (0.1321ms)
✔ extractCommandLine rejects duplicate matching command lines (negative control) (3.4017ms)
✔ workflow asset has exactly one Native Runtime Attempt Authority section (2.9819ms)
✔ status contract asset has exactly one Native Runtime Attempt Authority section (0.6529ms)
✔ workflow names acquire and settle as sole provider authority for OpenSpec and Engram (1.1012ms)
✔ status contract names acquire and settle and forbids OpenSpec/Engram attempt ledgers (0.5294ms)
✔ workflow launches only on proceed; blocked and complete stop the launch (0.701ms)
✔ workflow requires distinct request IDs with own-ID-only idempotent replay (0.6028ms)
✔ workflow acquire command line binds every mandatory payload argument (0.6683ms)
✔ workflow settle command line binds mandatory arguments and routing invariants (0.8436ms)
✔ workflow forbids caller-authored counters and Pi-owned attempt state (0.843ms)
✔ workflow states reset is never automatic and names compatibility surfaces (0.7711ms)
✔ workflow gatekeeper rerun is subordinate to a fresh native acquire (1.1312ms)
✔ workflow does not present status|begin|finish|reset as the primary route (0.6752ms)
✔ status contract authority is artifact-store agnostic and excluded from SDD v1 status (0.3939ms)
✔ status contract continuation rule: acquire before launch, settle after run, distinct IDs, provider states route, reset never automatic (0.5551ms)
✔ status contract schema is unchanged (no attempt authority payload added) (1.1081ms)
✔ status contract uses a runtime-safe semantic reference, not a repo-source assets/ path (0.6009ms)
✖ the opaque adapter streams arbitrary prompt and stdout bytes verbatim through the fixed Pi subprocess (15.611ms)
✖ the opaque adapter returns typed transport errors for launch, nonzero, empty, timeout, and cancellation (12.4967ms)
✖ the opaque adapter leaves no prompt or result file in scratch and reports cleanup failure as transport-only (10.7497ms)
✖ the opaque adapter preserves primary nonzero and timeout errors when scratch cleanup also fails (9.0411ms)
✔ the opaque adapter has no review lifecycle imports or identifiers (2.0017ms)
✔ the Pi launch shape spawns the host entry through process.execPath on win32 and stays byte-identical elsewhere (2.015ms)
✔ the default Pi launch resolves from the running host process (0.3729ms)
✔ parseRequirementBlocks extracts requirement blocks with names (2.8801ms)
✔ parseDeltaSpec extracts ADDED, MODIFIED, and REMOVED sections (0.7829ms)
✔ applyDeltaSpec applies ADDED, MODIFIED, and REMOVED while preserving unrelated content (0.9231ms)
✔ applyDeltaSpec preserves sections after Requirements when appending ADDED (0.4404ms)
✔ applyDeltaSpec does not duplicate separators between multiple ADDED requirements (0.5457ms)
✔ applyDeltaSpec rejects MODIFIED requirements that do not exist (1.1684ms)
✔ applyDeltaSpec rejects REMOVED requirements that do not exist (1.6235ms)
✔ applyDeltaSpec rejects duplicate operations for the same requirement (0.4372ms)
✖ detectActiveDomainCollisions finds other active changes touching the same domain (10.2159ms)
✔ detectLegacyFlatSpec warns when a flat change spec exists without domain specs (2.4789ms)
✔ detectLegacyFlatSpec reports domain specs when both old and new layouts exist (3.7884ms)
✔ analyzeDeltaDestructiveness reports removed and large modified requirements (1.5102ms)
✔ getOrchestratorPrompt return value stays within the canonical 8,192 B budget at a short assets root (1.2353ms)
✖ getOrchestratorPrompt keeps a controlled long (>= 93 char) assets root within the canonical budget (87.4796ms)
✔ disposition-mapped union: Header + bind (fixture:1-4) -> core (0.7829ms)
✔ disposition-mapped union: Identity Contract (fixture:5-8) -> core (0.4201ms)
✔ disposition-mapped union: Core Role (fixture:9-13) -> core (0.3882ms)
✔ disposition-mapped union: Language Boundary heading (fixture:15-15) -> core (0.2573ms)
✔ disposition-mapped union: Language Boundary LB1 pointer (fixture:17-17) -> core (0.1775ms)
✔ disposition-mapped union: Language Boundary LB2 (subagent-English) (fixture:19-19) -> delegation (0.2543ms)
✔ disposition-mapped union: Language Boundary LB3 (artifact language) (fixture:21-21) -> core (0.1736ms)
✔ disposition-mapped union: Language Boundary LB4 (public comment language) (fixture:23-23) -> core (0.219ms)
✔ disposition-mapped union: Language Boundary LB5 (exceptions) (fixture:25-29) -> delegation (0.2511ms)
✔ disposition-mapped union: Mental Model (fixture:31-40) -> core (0.1651ms)
✔ disposition-mapped union: Work Routing Ladder heading (fixture:42-42) -> core (0.1716ms)
✔ disposition-mapped union: Size/risk-selected SDD tier replaced by explicit-request/accepted-proposal selection (#312) (fixture:98-107) -> obsolete (0.5297ms)
✔ disposition-mapped union: Size-gated SDD entry replaced by explicit-selection gating (#312) (fixture:109-110) -> obsolete (0.3286ms)
✔ disposition-mapped union: Delegation Rules heading (fixture:112-112) -> core (0.0864ms)
✔ disposition-mapped union: Delegation Rules core question (fixture:114-114) -> core (0.0725ms)
✔ disposition-mapped union: Pre-canon delegation table replaced by the mirrored gentle-ai canon table (#312) (fixture:116-126) -> obsolete (0.333ms)
✔ disposition-mapped union: Superseded no-runtime inline exception (fixture:133-133) -> obsolete (0.2713ms)
✔ disposition-mapped union: Parent-selected review lens table replaced by native RAR lens ownership (#312) (fixture:169-181) -> obsolete (0.3209ms)
✔ disposition-mapped union: SDD Workflow pointer (fixture:183-191) -> core (0.1016ms)
✔ disposition-mapped union: Memory Contract heading (fixture:193-193) -> core (0.0792ms)
✔ disposition-mapped union: Memory Contract SDD phases table + artifact keys + lifecycle rule (fixture:203-230) -> memory (0.0976ms)
✔ disposition-mapped union: Skill Registry Protocol heading (fixture:232-232) -> core (0.0681ms)
✔ disposition-mapped union: Skill Registry Protocol detail (fixture:234-253) -> skills (0.0739ms)
✔ disposition-mapped union: Intent-Driven Skill Discovery heading (fixture:255-255) -> core (0.0662ms)
✔ disposition-mapped union: Intent-Driven Skill Discovery detail (fixture:257-276) -> skills (0.0759ms)
✔ disposition-mapped union: Safety (fixture:278-283) -> core (0.0763ms)
✔ disposition-mapped union: Superseded pre-transaction review contract (fixture:285-312) -> obsolete (0.4183ms)
✔ core-alone: load-bearing direct-delegation tokens remain without lazy union (0.352ms)
✔ core-alone: dynamic Gentle AI ownership replaces package lifecycle instructions (0.3364ms)
✔ lazy delegation detail has no native RDD controller markers (0.3327ms)
✔ live orchestrator assets remove the stale strong-gate retry contract (0.61ms)
✔ relocated lazy bodies are not double-delivered in the always-on core (0.7903ms)
✔ relocated lazy files are reachable via root-relative in-core filenames (0.3667ms)
✔ getOrchestratorPrompt substitutes every placeholder (0.3325ms)
✔ getOrchestratorPrompt memoizes the return across calls (0.4381ms)
✔ every compressed lazy-file pointer in the core still names the material it points to (0.2878ms)
✔ projection whitelists summaries and all retained text, excluding invocation payloads (1.4961ms)
✔ headers are private, lightweight, sanitized and recent at the inclusive TTL boundary (17.0772ms)
✔ long display labels remain schema-valid when clipping lands on whitespace or Unicode (16.6651ms)
✔ updates coalesce, snapshot caller data, and heartbeat never serializes or replaces activity (20.629ms)
✔ full under-limit payload is admitted; oversize is explicit and never truncated (216.4142ms)
✔ reader rejects malformed, oversized, wrong digest/schema and unsafe exact targets (23.1115ms)
✔ bounded directory scan reports overflow and ignores partial/temp files (81.7205ms)
﹣ symlinks, hardlinks, directories and non-private managed roots fail closed (0.1386ms) # SKIP
﹣ publication failure stops timers without overwriting linked files or another activation (0.1823ms) # SKIP
✔ history created under umask 022 coexists with a dedicated private presence namespace (45.7885ms)
✔ real TaskStore projection preserves remote sorting/retention timestamps and header identity (11.6445ms)
✔ bounded continuation reaches a live peer beyond 128 stale headers without deleting them (136.4693ms)
✔ two real processes with the same session ID stay distinct and clean up only their incarnation (236.663ms)
✔ static prompts omit stale native RDD lifecycle mirrors (1.5704ms)
✔ lossless blocking prompts route every closed single-select envelope through the native closed tool (0.167ms)
✔ static prompts declare one dynamic Gentle AI RDD ownership boundary (0.1439ms)
✔ rendered parent prompt keeps the RDD boundary while omitting lifecycle mirrors (1928.2093ms)
✔ static prompts retain normal SDD and delegated-work guidance (0.201ms)
✔ always-on parent prompt requires a narrow writer edit surface before launch (0.2995ms)
✔ review integration documents the opaque Pi adapter and Go-owned authority boundary (0.2782ms)
✔ technical reference declares the tested Pi minimum required for agent_settled (2.448ms)
✔ package manifest has no obsolete native activation build surface (0.5209ms)
✔ package verification names the native review runtime boundary and packaged fixtures (1.6623ms)
✔ Pi delivery relay is absent from the packaged extension (1.0801ms)
✔ generated runtime modules and packed-package checks are deterministic (0.6331ms)
✖ package manifest ships and runs the checked-in package-local Gentle AI installer (1.7211ms)
✔ package manifest installs pi-pretty through a wrapper without bundling native optional dependencies (0.6964ms)
✔ package verification binds the published Gentle AI v2.8.2 runtime pin (1.2457ms)
✔ Markdown section extraction isolates policy text from sibling sections (0.7923ms)
✔ packaged agents use YAML list syntax for tool allowlists (2.5816ms)
✔ packaged agents declare only tool names a Pi child session can resolve (2.6564ms)
✖ selective delegation installation owns only generic agents (7.2309ms)
✖ selective installation retires only assets belonging to the selected owner (3.7038ms)
✖ selective delegation installation covers its catalog without cross-owner files (4.7986ms)
✖ selective review installation covers its catalog without cross-owner files (5.4785ms)
✖ selective sdd installation covers its catalog without cross-owner files (5.9908ms)
✖ legacy all-assets installation covers every packaged file with explicit ownership (7.2711ms)
✖ selective refresh preserves unselected ownership and selected user changes after an all-assets install (5.7281ms)
✖ selective review migration adopts only untouched legacy copies and preserves routing (6.0097ms)
✖ unowned legacy research migrates by exact normalized hash, preserving routing and user edits (4.9304ms)
✔ the retired Pi adversarial role agents are not packaged (0.2096ms)
✔ forced package installation preserves same-path user-authored agents and separate shadows, including on retired asset paths (11.146ms)
✔ v0.13 ownership evidence is bundled and matches the self-contained upgrade fixture (0.6711ms)
✔ v0.14 ownership evidence is bundled and matches the self-contained bounded-review fixture (0.5305ms)
✖ first forced sync migrates untouched v0.13 assets, preserves routing, and owns new assets (4.1956ms)
✖ first forced sync migrates untouched v0.14 review contracts and preserves routing (4.7227ms)
✔ first forced sync preserves a body-edited v0.13 asset byte-for-byte (3.7282ms)
✖ forced package installation refreshes an asset recorded as package-managed (4.5097ms)
✖ forced package installation preserves a model-only edit to a managed agent (5.3964ms)
✖ forced package installation preserves a thinking-only edit to a managed agent (4.922ms)
✖ forced package installation preserves an ordinary body edit to a managed agent (5.1869ms)
✖ package model assignment keeps only package-managed agents owned (5.5219ms)
✔ jd-fix-agent packaged allowlist includes write tools (0.6655ms)
✔ sdd-explore packages its CodeGraph-enabled exploration allowlist (0.5104ms)
✔ gentle-ai-worker packages the exact scoped writer contract (2.9247ms)
✖ installSddAssets installs gentle-ai-worker with a loader-compatible scoped identity (2.7562ms)
✔ agent home resolver centralizes Gentle and Pi agent-dir precedence (1.0335ms)
✖ asset installation uses PI_CODING_AGENT_DIR as the Pi agent home when no explicit Gentle override is set (2.6313ms)
✖ global model routing uses PI_CODING_AGENT_DIR for package-installed agents (4.7244ms)
✖ normal and forced installation copy generic agents with complete role contracts (2.5795ms)
✔ bounded implementation routing uses the same explicit fallback in both policy sections (0.9885ms)
✔ orchestrator routes generic roles without static RDD lens routing (1.2423ms)
✔ pi-pretty wrapper uses real package path resolution for pnpm symlink installs (0.2626ms)
✖ v2.6.2 release package and runtime stop before publication (0.4929ms)
✔ bounded review keeps the Judgment Day skill contract at canon metadata version 1.7 (0.2722ms)
✔ technical reference documents dynamic Gentle AI RDD ownership and the installed permission boundary (0.4206ms)
✔ package verification explicitly requires the managed remediation actor (0.2003ms)
✔ neutral mode composed prompt does not instruct to use voseo (4.1689ms)
✔ neutral mode composed prompt has no positive voseo/Rioplatense instruction and includes explicit prohibition (1.5467ms)
✔ gentleman mode composed prompt contains voseo reference (1.3169ms)
✔ gentleman mode composed prompt contains Rioplatense reference (1.0953ms)
✔ neutral mode composed prompt explicitly states active mode is neutral (1.0722ms)
✔ gentleman mode composed prompt explicitly states active mode is gentleman (1.0507ms)
✔ neutral mode composed prompt explicitly forbids voseo conjugations (0.7811ms)
✔ neutral and gentleman modes produce different language-boundary text (1.7183ms)
✔ fixture integrity: PRE byte counts match design.md judge-measured figures (2.0175ms)
✔ fixture integrity: POST_WRAPPER_IDENTITY_BLOCK matches design.md converged 817 B (0.2236ms)
✔ Table A rule: wrapper :177 'You are el Gentleman...' survives verbatim (KEEP once, wrapper) (2.7909ms)
✔ Table A rule: wrapper :180/:181 + orchestrator :9,:12 self-description MERGE into wrapper bullet 1 (2.0976ms)
✔ Table A rule: orchestrator :17 'never introduce yourself...' ADDED to wrapper (orchestrator-only rule) (1.7801ms)
✔ Table A rule: persona-mode selection (trimmed) survives; language clause NOT restated in Identity contract (1.4228ms)
✔ Table A rule: SDD/OpenSpec artifacts + subagents core-capabilities bullet survives (KEEP once) (0.7764ms)
✔ Table A rule: memory rule (wrapper phrasing, with never-invent clause) survives (KEEP wrapper) (1.2912ms)
✔ Table A rule: 'Do not claim portability outside the Pi runtime.' survives (KEEP once, byte-identical wrapper :184 / orchestrator :20) (1.9797ms)
✔ Table B rule: LB2 subagent-English delegation kept verbatim in orchestrator (unique) (1.557ms)
✔ Table B rule: LB3 artifacts-English kept verbatim in orchestrator (unique) (0.7476ms)
✔ Table B rule: LB4 public-comment target language kept verbatim in orchestrator (unique) (0.6808ms)
✔ Table B rule: LB5 exceptions kept verbatim in orchestrator (unique) (1.1003ms)
✔ orchestrator.md Identity Contract collapses to the one-line pointer (post-change) (0.341ms)
✔ orchestrator.md Language Boundary LB1 collapses to the one-line pointer; LB2-LB5 remain verbatim (post-change) (0.2714ms)
✔ dup guard (exact-string): 'Do not claim portability outside the Pi runtime.' occurs exactly once (0.799ms)
✔ dup guard (exact-string): identity self-description sentence occurs exactly once (0.6035ms)
✔ dup guard (exact-string): LB2/LB3/LB4 each occur exactly once (1.0695ms)
✔ dup guard (concept-level): language-match regex matches exactly once per rendered mode, excluding the scoped self-description exception (0.7395ms)
✔ added rule: gentleman output contains the new GENTLEMAN_PERSONA_PROMPT language-match clause (0.3788ms)
✔ regression: neutral output still contains its own unchanged language-match clause (:158) (0.343ms)
✔ byte delta: wrapper Identity contract block grows by the measured delta (post > pre) (0.1116ms)
✔ byte delta: orchestrator.md Identity Contract shrinks to the measured pointer size (149 B, ±1 B of design's 148 B estimate) (0.0755ms)
✔ byte delta: orchestrator.md Language Boundary LB1->pointer shrinks by the measured 38 B (LB2-LB5 unchanged) (0.0617ms)
✔ byte delta: new GENTLEMAN_PERSONA_PROMPT clause is present and small (single added line) (0.0524ms)
✔ byte delta: net per-session injection delta matches byte-measurements.md (gentleman -283 B, neutral -341 B, section-sum method) (0.0907ms)
✔ gentleman persona selected: GENTLEMAN_PERSONA_PROMPT content appears once, no neutral-only rule leaks in (0.4623ms)
✔ neutral persona selected: NEUTRAL_PERSONA_PROMPT content appears once, no gentleman-only rule leaks in (0.3563ms)
✔ orchestrator model refs split only on a real provider boundary (3.7328ms)
✔ reading the orchestrator distinguishes missing, unreadable, unset and set (9.492ms)
✔ an orchestrator entry without a model never touches the settings file (4.4761ms)
✔ applying the orchestrator preserves every unrelated settings key (7.814ms)
✔ a missing settings file is created with only the orchestrator keys (5.7176ms)
✔ an orchestrator entry without thinking clears a stale thinking level (7.043ms)
✔ re-applying the same selection is a no-op (5.6506ms)
✔ an unusable target is refused instead of being overwritten (6.0699ms)
✔ restoring returns the previous bytes, or removes a file the write created (14.1139ms)
✔ verifies the generated 1.1.0 fixture tree and reports the exact contract surface (10.5198ms)
✔ verifies the same bundle as an in-memory-read archive and reports the archive digest (17.033ms)
✔ a 1.0.0 manifest without runtimes is a VALID bundle, but pi is reported unregistered for relay trust (3.48ms)
✔ generated baselines project roles, capabilities, and runtime registration deterministically (4.9608ms)
✔ generated 1.2.0 baselines record the mirrored orchestration entry (2.8054ms)
✔ rejects a ninth file in the inventory (1.8492ms)
✔ rejects a missing bundle entry (1.5878ms)
✔ rejects a bundle whose schema bytes do not match the manifest SHA-256 (1.5872ms)
✔ rejects a vector that no longer equals the schema's canonical example even when its hash is updated (1.3789ms)
✔ rejects unknown manifest fields (1.0365ms)
✔ rejects duplicate manifest JSON keys (0.9114ms)
✔ rejects an unpinned transport capability (0.9331ms)
✔ rejects an unsupported contract major (0.8611ms)
✔ rejects a 1.1.0 manifest without the required runtimes registry (1.0171ms)
✔ rejects a 1.1.0 manifest whose runtimes registry does not register pi (1.4145ms)
✔ rejects a 1.0.0 manifest that carries a runtimes registry it cannot have (2.1992ms)
✔ rejects an unknown role id (1.283ms)
✔ rejects an unknown mandatory capability (1.0719ms)
✔ rejects a schema whose $id does not match the manifest result schema id (0.9307ms)
✔ verifies the 1.2.0 fixture tree and exposes the mirrored pi orchestration text (2.0793ms)
✔ rejects a 1.2.0 manifest without the required orchestration array (1.0578ms)
✔ rejects a 1.2.0 orchestration entry whose runtime is not registered in manifest.runtimes (1.2466ms)
✔ rejects a 1.2.0 orchestration entry whose file bytes do not match its manifest SHA-256 (1.195ms)
✔ rejects an orchestration array on a 1.1.0 manifest (0.9468ms)
✔ rejects a tar entry that escapes the bundle root (4.3357ms)
✔ rejects a non-regular tar entry (symlink typeflag) (6.2287ms)
✔ rejects an executable or setuid tar entry mode (5.7454ms)
✔ rejects trailing data after the tar terminator (3.9243ms)
✔ rejects a duplicated tar entry path (8.4916ms)
﹣ rejects a bundle tree containing a symlink (0.2073ms) # SKIP
﹣ rejects a bundle tree entry with an executable mode (0.0767ms) # SKIP
✔ mirrors a verified local bundle tree and the offline drift check passes (35.6368ms)
✔ mirrors a verified local 1.2.0 bundle tree, including its orchestration entry, and the offline drift check passes (37.6067ms)
✔ mirrors a verified local archive and records the archive digest in the lock (25.7453ms)
✔ refuses to mirror a 1.0.0 bundle because the pi runtime identity is not registered (12.9393ms)
✔ drift check fails when a mirrored schema byte changes (18.7112ms)
✔ drift check fails when a generated baseline is edited by hand (20.7483ms)
✔ drift check fails when the lock record disagrees with the mirror (19.6162ms)
✔ drift check fails on an unexpected file inside the mirror directory (24.294ms)
✔ drift check fails when the lock is missing entirely (1.2302ms)
✔ the committed repository mirror matches its lock and generated baselines (3.332ms)
✔ orchestrator-delegation.md carries the provider defect handoff section (1.3644ms)
✔ orchestrator-delegation.md references the prerelease consent/v3 contract (0.2526ms)
✔ orchestrator-delegation.md lists all three semantic choice tokens (0.2781ms)
✔ orchestrator-delegation.md orders the three choices: report_and_continue, continue_without_reporting, stop_here (0.2797ms)
✔ orchestrator-delegation.md preserves the rc.8 choice-1 sub-bullet ordering (0.4951ms)
✔ orchestrator-delegation.md states the admissibility-before-relay rule (0.3432ms)
✔ orchestrator-delegation.md excludes local consent lifecycle outcomes from provider-defect reporting (0.398ms)
✔ orchestrator-delegation.md states the never-offer-to-repair rule (0.2924ms)
✔ orchestrator-delegation.md states the consent requirement (0.4232ms)
✔ orchestrator-delegation.md states the privacy scrub requirement and ordering (0.5423ms)
✔ orchestrator-delegation.md states the definitive lookup gate (0.4644ms)
✔ orchestrator-delegation.md states evidence-channel routing from installed build string (0.3944ms)
✔ orchestrator-delegation.md states other-channel occurrence routing (0.3772ms)
✔ orchestrator-delegation.md states outdated-build and regression routing (0.4103ms)
✔ orchestrator-delegation.md states confirmed-creation identity requirement (0.2585ms)
✔ orchestrator-delegation.md states the uncertainty continuation (decline invocation runs, not withheld) (0.3818ms)
✔ orchestrator-delegation.md states the exact-captured-decline-invocation rule (0.6024ms)
✔ orchestrator-delegation.md states handoff scope and mode preservation (0.4665ms)
✔ orchestrator-delegation.md states observed-evidence reporting (0.4337ms)
✔ orchestrator-delegation.md states the resume route (published fix or maintainer-authorized recovery) (0.3476ms)
✔ orchestrator-delegation.md does NOT carry the gentle-report label discipline (0.2567ms)
✔ orchestrator-delegation.md does NOT make published fixes the sole resumption route (0.1947ms)
✔ orchestrator-delegation.md does NOT retain the rc.3 hard-stop that withholds the decline invocation (0.14ms)
✔ orchestrator-delegation.md does NOT reference the rc.3 canon (0.1738ms)
✔ sdd-orchestrator-workflow.md points provider defects to the complete delegation contract (0.468ms)
✔ the complete delegation handoff invokes `gentle-ai review mode disable` exactly once (0.3508ms)
✔ quiet tool rendering registers noisy built-in tools (4.7164ms)
✖ quiet tool execution uses the tool-call cwd (146.6487ms)
✔ quiet Bash rendering leaves configured shellPath outside its scope (#107) (3.9583ms)
✔ quiet tool rendering can be disabled by env (0.303ms)
✔ pi-pretty suppresses overlapping tools before quiet tools register (1.4797ms)
✔ pi-pretty suppression is skipped when quiet tools are disabled (3.1397ms)
✔ quiet tool rendering uses bounded previews while preserving search summaries (5.756ms)
✔ quiet tool rendering keeps compact collapsed summaries for search and listing tools (0.647ms)
▶ quiet search and placeholder summaries preserve exact-result behavior
  ✔ grep (0.9392ms)
  ✔ exact (0.5244ms)
  ✔ collision (0.4376ms)
✔ quiet search and placeholder summaries preserve exact-result behavior (5.2879ms)
✔ quiet Bash errors preserve meaningful rows for both public output orderings (1.3237ms)
✔ quiet Bash normalizes compact JSON for bounded previews while keeping expanded text complete (1.0631ms)
✔ quiet tool rendering identifies only routine Gentle AI SDD and RDD commands (0.4877ms)
✔ quiet tool rendering refuses to compact composed Gentle AI shell commands (2.561ms)
✔ quiet tool rendering hides every collapsed direct Gentle AI result and preserves expanded errors (32.3064ms)
✔ quiet tool rendering transitions one Gentle AI header through lifecycle states (2.2923ms)
✔ quiet Bash keeps direct Gentle AI calls seamless while streaming (3.688ms)
✔ quiet tool rendering displays only finite safe Gentle AI operation paths (10.3292ms)
✔ quiet tool rendering covers version and future standalone Gentle AI commands (2.0228ms)
✔ quiet tool rendering recognizes exact quoted, escaped, Windows, and command-prefixed Gentle AI executables (2.8967ms)
✔ quiet tool rendering recognizes only the exact resolved dev binary (3.2946ms)
✔ quiet tool rendering keeps unregistered dev lookalikes and composed calls generic (2.4189ms)
✔ quiet tool rendering hides the routine partial result because the header owns state (1.4511ms)
✔ quiet tool rendering collapses grant calls to action and authorization-root cardinality (1.4122ms)
✔ quiet tool rendering counts grant authorization roots without rendering values (1.6784ms)
✔ quiet tool rendering hides invocation secrets from collapsed Gentle AI calls and results (0.9359ms)
✔ quiet tool rendering keeps shell compositions, expansions, and lookalikes generic (3.5808ms)
✔ quiet Bash previews semantic lines for generic JSON output (1.9266ms)
✔ quiet tool rendering keeps collapsed git bash result tails (0.3182ms)
✔ quiet tool rendering keeps concise collapsed edit and write summaries (0.5494ms)
✔ quiet tool rendering sanitizes collapsed output and call rows (1.5231ms)
✔ quiet tool rendering sanitizes only rendered fields (29.9649ms)
✔ quiet tool rendering call rows show tool calls without result output (1.1492ms)
✔ quiet tool rendering limits collapsed visual rows at the actual width (15.5647ms)
✔ quiet tool rendering classifies quoted and escaped literal shell metacharacters as direct Gentle AI calls (1.8465ms)
✔ quiet tool rendering keeps unescaped expansions inside double quotes generic (1.8958ms)
✔ quiet tool rendering recognizes a quoted exact dev override path containing spaces (0.966ms)
✔ quiet tool rendering bounds and sanitizes partial text without a completion hint (2.2927ms)
✔ quiet tool rendering bounds completed previews, errors, and edit/write summaries (2.1413ms)
✔ quiet tool rendering preserves complete expanded text and delegates sanitized image reads (2.3401ms)
✔ quiet tool rendering preserves directional visual preview rows at narrow widths (5.4034ms)
✔ quiet tool rendering fails closed on unquoted shell expansions (4.4438ms)
✔ quiet tool rendering redacts only exact package-local executable paths with spaces (2.4672ms)
✔ quiet tool rendering respects command and env wrapper order (1.7357ms)
✔ quiet tool rendering lets a final result promote a replayed call card to its outcome (2.3391ms)
✔ quiet tool rendering puts the expand key in the finished call card's top rule, not in the result (1.7851ms)
✔ trigger 5 (Verification rule) states the exact on-line routing: writer report is the verification of record (2.1047ms)
✔ trigger 5 states the exact off/unknown-line routing: the parent calls gentle_review's assess operation and follows the returned plan (0.1838ms)
✔ trigger 5 states the native risk tier table exactly once, with all four rows (0.2523ms)
✔ trigger 5 states the small-model bias and the unknown-never-lowers-a-tier rule (0.1376ms)
✔ trigger 5 keeps the parent spot check requirement in every tier (0.1171ms)
✔ trigger 5 states that the on branch holds only while the native review closes for this candidate, falling back to the off path exactly once (gentle-pi#668) (0.1132ms)
✔ the on-branch fallback sentence names all three non-closed triggers and never introduces a forbidden native RDD marker (0.2641ms)
✔ the on-line and off/unknown-line routing sentences appear exactly once each (normative statement lives only in trigger 5) (0.1313ms)
✔ trigger 5 never restates the retired #661 off/unknown non-trivial judgment (0.2998ms)
✔ the Simple Delegation paragraph references trigger 5 instead of restating the on/off/unknown routing (0.2521ms)
✔ delegation overlay's trigger 5 (Verification rule) is RDD-aware (0.2747ms)
✔ delegation overlay reserves separate exploration for parent routing decisions (0.2325ms)
✔ delegation overlay keeps the required headings (0.1398ms)
✔ worker asset declares the Verification section after Test discipline (0.1384ms)
✔ worker asset requires foreground, one-at-a-time verification with nothing left unreported (0.1091ms)
✔ worker asset reports each verification command as <exact command>: <observed result> in validation (0.0902ms)
✔ worker asset owns the canonical Known environmental failures definition (0.203ms)
✔ delegation asset references the worker's Known environmental failures definition instead of restating it (0.1422ms)
✔ worker asset never claims completion while a required verification command fails under RDD, except a named environmental failure (0.2002ms)
✔ worker keeps candidate review disposition and lifecycle parent-owned (0.4284ms)
✔ worker asset keeps the existing Return contract fields (0.2965ms)
✔ renderRddStatusLine renders the fail-closed unknown line for an unresolved status (1.6493ms)
✔ renderRddStatusLine renders the effective mode and deciding source (0.2642ms)
✔ renderRddStatusLine fails closed to unknown for a malformed or partial status object (0.2354ms)
✔ resolveRddModeStatus reads the on status from a stubbed native reviewMode reader (1.0248ms)
✔ resolveRddModeStatus reads the off status from a stubbed native reviewMode reader (0.225ms)
✔ resolveRddModeStatus resolves to undefined when the native review CLI wrapper is null or absent (0.172ms)
✔ resolveRddModeStatus resolves to undefined when the native reviewMode call rejects (0.2403ms)
✔ resolveRddModeStatus resolves to undefined within the deadline when reviewMode never settles (154.2965ms)
✔ resolveRddModeStatus memoizes a resolved status per cwd for RDD_STATUS_MEMO_TTL_MS (0.6687ms)
✔ resolveRddModeStatus re-reads once the memoized status expires (0.459ms)
✔ resolveRddModeStatus memoizes independently per cwd (0.259ms)
✔ resolveRddStatusLine renders on, off, and unavailable from the stubbed native reader (0.2441ms)
✔ RDD_STATUS_TIMEOUT_MS is a small, positive bounded-deadline constant (0.1009ms)
✔ getOrchestratorPrompt renders the resolved RDD status line next to the background policy line (2.9498ms)
✔ getOrchestratorPrompt defaults to the worst-case unknown RDD status line (budget-critical path) (0.7258ms)
✔ the prompt cache key distinguishes on, off, and unknown so each renders a distinct prompt (2.0525ms)
✔ the on and off renders are never longer than the unknown (worst-case) render (2.4366ms)
✔ every read-only review actor leads its tool map with the deny-all rule (2.3514ms)
✔ a tool absent from the allowlist resolves to denied under the deny-all rule (1.7868ms)
✔ the deny-all rule never enables a tool and never empties the runtime allowlist (2.1158ms)
✖ agent_end after approved acknowledgement: same (444.0203ms)
✖ agent_end after approved acknowledgement: changed (421.6538ms)
✖ agent_end after approved acknowledgement: sibling-root (472.6914ms)
✖ agent_end after approved acknowledgement: nested-root (460.602ms)
✖ agent_end after approved acknowledgement: failed (401.067ms)
✖ agent_end after approved acknowledgement: unknown (422.7049ms)
✖ agent_end after approved acknowledgement: shutdown (447.3749ms)
✖ agent_end after approved acknowledgement: other-session (474.7318ms)
✖ agent_end after approved acknowledgement: legacy-success (432.4298ms)
✖ agent_end after approved acknowledgement: new-write (432.5781ms)
✖ agent_end after approved acknowledgement: concurrent-write (401.5567ms)
✔ agent_end performs no STATUS call and sends nothing when RDD is off (197.7792ms)
✔ agent_end nudges exactly once when RDD is on and STATUS offers review.start (382.3705ms)
✔ agent_end nudges once per target identity and again for a fresh identity (918.8731ms)
✔ agent_end sends nothing when STATUS offers collect or stop (713.7104ms)
✔ agent_end skips headless sessions before any native call (0.4161ms)
✔ agent_end pairs a named agent's start with its own end, then still nudges for the primary loop's end (358.1503ms)
✔ gentle-ai-worker agent_end never queries native review (177.6698ms)
✔ agent_end resets the subagent depth when a fresh primary loop starts (370.8491ms)
✔ agent_end handler exists but sends nothing when nativeReviewCli is null (0.2203ms)
✔ agent_end sends nothing and does not throw when target STATUS rejects (395.6503ms)
✔ session_shutdown ignores late agent_end after a consumed mutation (400.2866ms)
✔ agent_end restores pending receipts only for the active session branch: reload (807.3305ms)
✔ agent_end restores pending receipts only for the active session branch: fork (701.4394ms)
✔ agent_end restores pending receipts only for the active session branch: new (739.3528ms)
✔ agent_end restores pending receipts only for the active session branch: off-branch (720.8018ms)
✔ agent_end binds consumption to the captured mutation during async STATUS: concurrent-write (772.9857ms)
✔ agent_end binds consumption to the captured mutation during async STATUS: shutdown (383.2739ms)
✔ successful direct writes in another canonical root do not authorize this root's reminder (478.2361ms)
✔ unsuccessful or non-mutating direct read never authorizes shared STATUS (184.6666ms)
✔ unsuccessful or non-mutating direct bash never authorizes shared STATUS (209.5188ms)
✔ unsuccessful or non-mutating direct subagent_run never authorizes shared STATUS (197.7754ms)
✔ unsuccessful or non-mutating direct edit never authorizes shared STATUS (188.2043ms)
✔ unsuccessful or non-mutating direct write never authorizes shared STATUS (186.0344ms)
✔ session_start negotiates the current target identity when RDD is on (190.2677ms)
✔ agent_end skips pre-session work, then nudges after an own mutation (787.2277ms)
✔ agent_end ignores a foreign session's changed target after read-only work (366.5909ms)
✔ agent_end still checks and reminds after this session's successful direct write (615.186ms)
✔ agent_end reminds for an own write after startup with RDD off (642.7963ms)
✔ agent_end reminds for an own write after startup STATUS rejects (640.567ms)
✔ session_shutdown does not turn the baseline into an own mutation (406.2285ms)
✔ technical reference documents the narrow published native maintenance contract (4.0639ms)
✔ controller help keeps authorization, blocked outcomes, and recovery boundaries explicit (2.9624ms)
warning: in the working copy of 'file.txt', LF will be replaced by CRLF the next time Git touches it
✔ repository facade mutates under the portable atomic mkdir authority lock (947.1683ms)
✔ canonical JSON has stable bytes and domain hashes (3.1448ms)
✔ canonical JSON rejects invalid values and non-canonical input (1.6653ms)
✔ the native client exposes no legacy compact input parser (1.042ms)
✔ compact finalize parser enforces the final evidence pairing and forecast range (1.037ms)
✔ native finalize preserves arbitrary non-empty evidence text byte-for-byte (0.3102ms)
✔ targeted validation document keeps its strict provider-bound shape (1.4611ms)
warning: in the working copy of 'README.md', LF will be replaced by CRLF the next time Git touches it
warning: in the working copy of 'README.md', LF will be replaced by CRLF the next time Git touches it
warning: in the working copy of 'README.md', LF will be replaced by CRLF the next time Git touches it
Preparing worktree (new branch 'feature')
✔ no latch is recorded by default (613.2176ms)
✔ recording the latch is one-way: it reads back true, forever, with exact canonical bytes at mode 0600 (1155.6722ms)
✔ a linked worktree of the same clone shares one latch via the git common directory (915.4007ms)
✔ an unresolvable (non-Git) directory throws rather than silently reporting a latch (39.2954ms)
✔ primary consent is compact by default and opens exact details only with D (14.2001ms)
✔ context and complete effects precede enabled consent, while short terminals stay safe (9.8245ms)
✔ primary preserves provider risk reasons without paraphrasing (4.0664ms)
✔ selection anchors fitting effects despite long context and invalidates rapid confirmation (835.1703ms)
✔ fixed title separates an enormous provider context from anchored consent actions (3.7612ms)
✔ fixed title uses a heading token without recoloring context or selection (1.9262ms)
✔ oversized selected consequences stay complete in read-only context without enabling consent (4230.6246ms)
✔ before_agent_start injects the mirrored review execution contract for the primary session (7.5895ms)
✔ before_agent_start does not inject the review execution contract for a named agent session (0.8046ms)
✔ before_agent_start does not inject the review execution contract for gentle-ai-worker (0.3962ms)
✔ before_agent_start does not inject the review execution contract for jd-fix-agent (0.339ms)
✔ before_agent_start does not inject the review execution contract for an SDD executor session (1.0961ms)
✔ before_agent_start injects nothing when nativeReviewCli is null (0.87ms)
✔ rejects a tampered mirror, accepts a matching one, and warns once (86.6446ms)
warning: in the working copy of 'app.ts', LF will be replaced by CRLF the next time Git touches it
warning: in the working copy of 'app.ts', LF will be replaced by CRLF the next time Git touches it
✔ INSPECT treats released lock residue as non-blocking and still blocks on live lock claims (1032.4147ms)
✔ START precondition ignores released lock residue and still blocks on live lock claims (1036.7849ms)
✔ native reclaim and recover preserve their exact authority bindings (5.8351ms)
✔ native abandon carries the exact discarded-work authorization and audit record (1.1593ms)
✔ nativeReviewAbandonAuthorization renders the native eight-line v2 binding (0.1857ms)
✔ native quarantine retains published legacy-v1 maintenance compatibility (0.4599ms)
✔ native reconciliation accepts only its exact predecessor and successor binding (0.5581ms)
✔ native maintenance rejects tampered authority authorization before launch (0.6543ms)
✔ native authority inventory remains a strict read-only maintenance surface (9.3939ms)
✔ negotiated repair replays only provider-published inputs after a strict preflight (3.9494ms)
✔ native repair-legacy-alias keeps the historical fixed binding and rejects a tampered one before launch (1.5643ms)
✔ native recovery operations reject malformed canonical inputs before a process can mutate (0.6545ms)
✔ partial maintenance failures preserve the provider audit record and unknown mutation outcome (0.9583ms)
✔ RESET requests native reclaim inputs rather than inventing authority values (117.6993ms)
✔ RECOVER rejects caller-authored authorization before status, UI, or native mutation (135.4967ms)
✔ RECONCILE_AUTHORITY returns exact missing-input guidance before native mutation (133.3252ms)
✔ native abandon rejects a legacy authorization before process launch (0.653ms)
✔ maintenance cancellation preserves the exact signal and unknown mutation outcome (1.1742ms)
✔ RECOVER derives a provider-bound authorization, rechecks it, and fails closed on every drift (742.7928ms)
✔ RECOVER, RESET, and RECONCILE keep provider inputs and failures authority-scoped (637.2874ms)
✔ destructive maintenance remains UI-gated and derives authorization at the public controller boundary (244.9771ms)
✔ RECOVER requires a live UI decision and RECOVER_LOCK requires its owner binding (570.1432ms)
✔ REPAIR_LEGACY_ALIAS derives its immutable target from fresh native inventory (227.525ms)
fatal: not a git repository (or any of the parent directories): .git
fatal: not a git repository (or any of the parent directories): .git
fatal: not a git repository (or any of the parent directories): .git
fatal: not a git repository (or any of the parent directories): .git
✔ EXPORT is retired: returns a structured not-supported envelope without touching disk (64.333ms)
✔ EXPORT retirement does not require the legacy transport parameters (50.3294ms)
✔ IMPORT is retired: returns a structured not-supported envelope even when acknowledged (51.6817ms)
✔ IMPORT retirement does not require the legacy transport parameters (56.0345ms)
✔ controller SDD status treats removed OpenSpec recovery authority and deleted marker as blocking (2287.2488ms)
✔ controller SDD status ignores recovery-required review markers after terminal burn (693.7592ms)
✔ controller keeps graph-v1 ordinary mutation read-only while preserving repository-file input confinement (3160.2211ms)
✔ controller rejects graph-style ADVANCE without graph-v1 authority (1126.129ms)
✔ controller successfully starts the explicitly supported judgment-day mode (1766.5841ms)
✔ general STATUS returns the typed native-status-unsupported boundary without authority selection (1.7212ms)
✔ gentle-pi#185: general STATUS on a non-negotiated native CLI names the exact status command to run (590.8174ms)
✔ failed START gives exact mode and serialization guidance and creates no lineage (743.5357ms)
✔ shipped controller fails closed while static prompts defer RDD lifecycle ownership to Gentle AI (3.652ms)
✔ captured correction-required result preserves the provider status continuation (2.9323ms)
✔ correction status continuation stays bound to its enclosing closure and provider target (1.9828ms)
✔ correction-required result and refuter closures require one status continuation (0.7684ms)
✔ closures outside result or refuter correction-required forbid a status continuation (0.6264ms)
✔ current capture fails closed when fresh STATUS no longer offers the corrected candidate binding (128.2458ms)
✔ the outcome domain is exactly the three closed provider values (1.746ms)
✔ an outcome outside the closed domain is rejected with no step and no charge (0.7297ms)
✔ a missing or non-string outcome is refused rather than defaulted (1.9756ms)
✔ passed is the only outcome that unlocks targeted validation (0.4038ms)
✔ verification_failed keeps the transaction open and charges nothing (0.3855ms)
✔ verification_failed carries the prior identity as supersedes and demands a NEW capture (0.4244ms)
✔ verification_failed never consumes budget even when lines were already charged (0.2655ms)
✔ procedural_tooling_failed escalates terminally before any retry is eligible (0.4918ms)
✔ every closed outcome resolves to exactly one distinct step kind (0.3975ms)
✔ a second capture with a distinct identity and an unchanged prior record is accepted (0.8504ms)
✔ a second capture reusing the prior evidence identity is correction-evidence-replaced (0.4942ms)
✔ a prior evidence record whose bytes changed is correction-evidence-replaced (0.3635ms)
✔ a prior evidence record that no longer resolves is correction-evidence-replaced (0.3448ms)
✔ the step machine is pure: repeated calls on frozen input return equal results and mutate nothing (0.3219ms)
warning: in the working copy of 'internal/parser.go', LF will be replaced by CRLF the next time Git touches it
Preparing worktree (new branch 'feature/fence-info')
✔ STATUS keeps hydrating and stays read-only when hydration fails (55145.8849ms)
warning: in the working copy of 'app.ts', LF will be replaced by CRLF the next time Git touches it
warning: in the working copy of 'app.ts', LF will be replaced by CRLF the next time Git touches it
warning: in the working copy of 'app.ts', LF will be replaced by CRLF the next time Git touches it
warning: in the working copy of 'app.ts', LF will be replaced by CRLF the next time Git touches it
warning: in the working copy of 'app.ts', LF will be replaced by CRLF the next time Git touches it
warning: in the working copy of 'app.ts', LF will be replaced by CRLF the next time Git touches it
warning: in the working copy of 'app.ts', LF will be replaced by CRLF the next time Git touches it
warning: in the working copy of 'app.ts', LF will be replaced by CRLF the next time Git touches it
warning: in the working copy of 'app.ts', LF will be replaced by CRLF the next time Git touches it
warning: in the working copy of 'app.ts', LF will be replaced by CRLF the next time Git touches it
warning: in the working copy of 'app.ts', LF will be replaced by CRLF the next time Git touches it
warning: in the working copy of 'app.ts', LF will be replaced by CRLF the next time Git touches it
warning: in the working copy of 'app.ts', LF will be replaced by CRLF the next time Git touches it
warning: in the working copy of 'app.ts', LF will be replaced by CRLF the next time Git touches it
warning: in the working copy of 'app.ts', LF will be replaced by CRLF the next time Git touches it
warning: in the working copy of 'app.ts', LF will be replaced by CRLF the next time Git touches it
warning: in the working copy of 'app.ts', LF will be replaced by CRLF the next time Git touches it
warning: in the working copy of 'app.ts', LF will be replaced by CRLF the next time Git touches it
warning: in the working copy of 'app.ts', LF will be replaced by CRLF the next time Git touches it
warning: in the working copy of 'app.ts', LF will be replaced by CRLF the next time Git touches it
warning: in the working copy of 'app.ts', LF will be replaced by CRLF the next time Git touches it
warning: in the working copy of 'app.ts', LF will be replaced by CRLF the next time Git touches it
warning: in the working copy of 'app.ts', LF will be replaced by CRLF the next time Git touches it
warning: in the working copy of 'app.ts', LF will be replaced by CRLF the next time Git touches it
warning: in the working copy of 'app.ts', LF will be replaced by CRLF the next time Git touches it
warning: in the working copy of 'app.ts', LF will be replaced by CRLF the next time Git touches it
warning: in the working copy of 'app.ts', LF will be replaced by CRLF the next time Git touches it
warning: in the working copy of 'app.ts', LF will be replaced by CRLF the next time Git touches it
warning: in the working copy of 'app.ts', LF will be replaced by CRLF the next time Git touches it
warning: in the working copy of 'app.ts', LF will be replaced by CRLF the next time Git touches it
HEAD is now at 0c85689 base
warning: in the working copy of 'ancestor.ts', LF will be replaced by CRLF the next time Git touches it
warning: in the working copy of 'app.ts', LF will be replaced by CRLF the next time Git touches it
warning: in the working copy of 'app.ts', LF will be replaced by CRLF the next time Git touches it
warning: in the working copy of 'app.ts', LF will be replaced by CRLF the next time Git touches it
warning: in the working copy of 'app.ts', LF will be replaced by CRLF the next time Git touches it
warning: in the working copy of 'app.ts', LF will be replaced by CRLF the next time Git touches it
warning: in the working copy of 'app.ts', LF will be replaced by CRLF the next time Git touches it
warning: in the working copy of 'app.ts', LF will be replaced by CRLF the next time Git touches it
warning: in the working copy of 'app.ts', LF will be replaced by CRLF the next time Git touches it
warning: in the working copy of 'app.ts', LF will be replaced by CRLF the next time Git touches it
warning: in the working copy of 'app.ts', LF will be replaced by CRLF the next time Git touches it
warning: in the working copy of 'app.ts', LF will be replaced by CRLF the next time Git touches it
warning: in the working copy of 'app.ts', LF will be replaced by CRLF the next time Git touches it
warning: in the working copy of 'app.ts', LF will be replaced by CRLF the next time Git touches it
warning: in the working copy of 'app.ts', LF will be replaced by CRLF the next time Git touches it
warning: in the working copy of 'app.ts', LF will be replaced by CRLF the next time Git touches it
warning: in the working copy of 'app.ts', LF will be replaced by CRLF the next time Git touches it
warning: in the working copy of 'app.ts', LF will be replaced by CRLF the next time Git touches it
warning: in the working copy of 'app.ts', LF will be replaced by CRLF the next time Git touches it
warning: in the working copy of 'app.ts', LF will be replaced by CRLF the next time Git touches it
warning: in the working copy of 'app.ts', LF will be replaced by CRLF the next time Git touches it
warning: in the working copy of 'app.ts', LF will be replaced by CRLF the next time Git touches it
warning: in the working copy of 'app.ts', LF will be replaced by CRLF the next time Git touches it
warning: in the working copy of 'app.ts', LF will be replaced by CRLF the next time Git touches it
warning: in the working copy of 'app.ts', LF will be replaced by CRLF the next time Git touches it
warning: in the working copy of 'app.ts', LF will be replaced by CRLF the next time Git touches it
warning: in the working copy of 'app.ts', LF will be replaced by CRLF the next time Git touches it
warning: in the working copy of 'app.ts', LF will be replaced by CRLF the next time Git touches it
warning: in the working copy of 'app.ts', LF will be replaced by CRLF the next time Git touches it
warning: in the working copy of 'app.ts', LF will be replaced by CRLF the next time Git touches it
warning: in the working copy of 'app.ts', LF will be replaced by CRLF the next time Git touches it
warning: in the working copy of 'app.ts', LF will be replaced by CRLF the next time Git touches it
warning: in the working copy of 'app.ts', LF will be replaced by CRLF the next time Git touches it
warning: in the working copy of 'app.ts', LF will be replaced by CRLF the next time Git touches it
warning: in the working copy of 'app.ts', LF will be replaced by CRLF the next time Git touches it
warning: in the working copy of 'app.ts', LF will be replaced by CRLF the next time Git touches it
warning: in the working copy of 'app.ts', LF will be replaced by CRLF the next time Git touches it
warning: in the working copy of 'app.ts', LF will be replaced by CRLF the next time Git touches it
warning: in the working copy of 'app.ts', LF will be replaced by CRLF the next time Git touches it
warning: in the working copy of 'app.ts', LF will be replaced by CRLF the next time Git touches it
warning: in the working copy of 'app.ts', LF will be replaced by CRLF the next time Git touches it
warning: in the working copy of 'app.ts', LF will be replaced by CRLF the next time Git touches it
warning: in the working copy of 'app.ts', LF will be replaced by CRLF the next time Git touches it
✔ unsafe publication Git environment matching preserves actual mixed-case keys (3.1356ms)
✔ unbranded receipts are rejected before lifecycle gate evaluation (4202.0211ms)
✔ authoritative receipts cannot be validated through another repository store (6892.2073ms)
✔ exact intended commit target allows with zero actors and journal replay is stable (4887.6675ms)
✔ exact gate retries replay before stale receipt binding while new requests still deny (4814.2977ms)
✔ intended commit target denies when the actual staged tree drifted after approval (3452.6943ms)
✔ changed exact target returns one deterministic child with a non-refreshing budget (5372.8523ms)
✔ push gate allows normal same-name updates while preserving exact-old and create rules (9787.0081ms)
▶ push gate treats only successful empty output as absent and fails closed on probe failures
  ✖ nonzero (1209.0722ms)
  ✖ malformed (1217.4251ms)
  ✖ ambiguous (1236.7917ms)
✖ push gate treats only successful empty output as absent and fails closed on probe failures (8188.8253ms)
✔ push CREATE rejects unreviewed ancestor history (5478.2496ms)
✔ PR and release gates resolve exact refs, commits, tag objects, peels, and trees (5036.4185ms)
✔ unsupported, ambiguous, nonexistent, and non-approved targets fail closed (3304.7118ms)
✔ scope child claim and parent gate journal publish atomically across faults (5652.6195ms)
✔ release fast path independently accepts complete successful Check Runs despite a pending legacy status (4899.4817ms)
✔ release fast path proves the immutable origin/main SHA and ignores local branch position and worktree dirtiness (2382.3377ms)
✔ release fast path fails closed when the tag does not target the current immutable origin/main SHA (2216.0337ms)
✔ release fast path requires successful required CI bound to the exact origin/main SHA (2998.0439ms)
✔ release fast path fails closed on escalating or invalidating fresh risk evidence (2609.0715ms)
✔ major, post-incident, and unprovable-version releases always require explicit extraordinary review (1973.2529ms)
✔ release fast path treats vX.0.0 and pre-1.0 v0.Y.0 minor bumps as major-equivalent, while v0.Y.Z patch releases remain eligible (2547.4691ms)
✔ release fast path applies only to protected main with a provable remote head and exact tag identity (2279.9768ms)
✔ release fast path denies a remote endpoint that is not the repository's actually configured remote name (2752.4667ms)
✔ release fast path requires independently derived CI success via the gh CLI bound to the exact remote SHA — caller-supplied CI evidence alone is never sufficient (3429.8402ms)
✔ release fast path remote head recheck detects an advanced or unresolvable protected main before tag push (2730.1575ms)
✔ event identity commits to canonical body and predecessor (3.7523ms)
✔ schema rejects invalid genesis and tampered event identities (0.8535ms)
✔ event schema commits a canonical reducer transition and input (1.0905ms)
✔ graph-v1 rejects the discarded ordinary follow-up lifecycle transition (0.2255ms)
warning: in the working copy of 'app.ts', LF will be replaced by CRLF the next time Git touches it
warning: in the working copy of 'app.ts', LF will be replaced by CRLF the next time Git touches it
warning: in the working copy of 'app.ts', LF will be replaced by CRLF the next time Git touches it
warning: in the working copy of 'app.ts', LF will be replaced by CRLF the next time Git touches it
✔ an unachievable declaration survives the controller restart as a typed stop, not a reoffer (5810.2458ms)
✔ a fresh controller process reoffers the exact public binding before one capture closes (14072.9583ms)
✔ every provider-owned binding drift forbids a capture after restart (16769.9215ms)
✔ a missing restarted reoffer exposes no public binding and forbids capture (5768.1643ms)
warning: in the working copy of 'app.ts', LF will be replaced by CRLF the next time Git touches it
warning: in the working copy of 'app.ts', LF will be replaced by CRLF the next time Git touches it
warning: in the working copy of 'app.ts', LF will be replaced by CRLF the next time Git touches it
warning: in the working copy of 'app.ts', LF will be replaced by CRLF the next time Git touches it
warning: in the working copy of 'app.ts', LF will be replaced by CRLF the next time Git touches it
warning: in the working copy of 'app.ts', LF will be replaced by CRLF the next time Git touches it
warning: in the working copy of 'app.ts', LF will be replaced by CRLF the next time Git touches it
warning: in the working copy of 'app.ts', LF will be replaced by CRLF the next time Git touches it
warning: in the working copy of 'app.ts', LF will be replaced by CRLF the next time Git touches it
warning: in the working copy of 'app.ts', LF will be replaced by CRLF the next time Git touches it
warning: in the working copy of 'app.ts', LF will be replaced by CRLF the next time Git touches it
warning: in the working copy of 'app.ts', LF will be replaced by CRLF the next time Git touches it
warning: in the working copy of 'app.ts', LF will be replaced by CRLF the next time Git touches it
warning: in the working copy of 'app.ts', LF will be replaced by CRLF the next time Git touches it
warning: in the working copy of 'app.ts', LF will be replaced by CRLF the next time Git touches it
warning: in the working copy of 'app.ts', LF will be replaced by CRLF the next time Git touches it
warning: in the working copy of 'app.ts', LF will be replaced by CRLF the next time Git touches it
warning: in the working copy of 'app.ts', LF will be replaced by CRLF the next time Git touches it
warning: in the working copy of 'app.ts', LF will be replaced by CRLF the next time Git touches it
warning: in the working copy of 'app.ts', LF will be replaced by CRLF the next time Git touches it
warning: in the working copy of 'app.ts', LF will be replaced by CRLF the next time Git touches it
warning: in the working copy of 'app.ts', LF will be replaced by CRLF the next time Git touches it
warning: in the working copy of 'app.ts', LF will be replaced by CRLF the next time Git touches it
warning: in the working copy of 'app.ts', LF will be replaced by CRLF the next time Git touches it
warning: in the working copy of 'app.ts', LF will be replaced by CRLF the next time Git touches it
warning: in the working copy of 'app.ts', LF will be replaced by CRLF the next time Git touches it
warning: in the working copy of 'app.ts', LF will be replaced by CRLF the next time Git touches it
warning: in the working copy of 'app.ts', LF will be replaced by CRLF the next time Git touches it
warning: in the working copy of 'app.ts', LF will be replaced by CRLF the next time Git touches it
✔ one materialize binding routes exactly one provider slot through the host relay (431.7759ms)
✔ Pi-authored review documents are rejected at the capture input boundary (347.6085ms)
✔ grouped capture forecasts once, reaches a four-reviewer barrier, and reconciles unclosed submissions (608.1266ms)
✔ captured v5 STATUS accepts capture-phase Pn when authority has advanced to Rn at the forecast boundary (480.2077ms)
✔ group rejects STATUS repository target mismatch and per-slot revision, context, or target drift before launch (845.2159ms)
✔ group rejects absent or mismatched current repository context before launch (693.5055ms)
✔ group rejects partial, duplicate, reordered, stale, mixed, and late-invalid bindings before launch (1021.0148ms)
✔ group preserves earlier admission when a later STATUS drifts, and stops on closure or unknown outcome (787.542ms)
✔ an old binary reports the relay as unavailable without touching existing behavior (413.7443ms)
✔ a handshake refusal surfaces the provider refusal verbatim through the controller envelope (416.3128ms)
✔ a transport failure stops the selected capture without auto-follow (418.465ms)
✔ an admission refusal reaches the model as a proven non-mutation carrying the refusal and a continuation (433.1834ms)
✔ a submission whose outcome is genuinely indeterminate still reconciles through STATUS and carries its evidence (428.321ms)
✔ a relay timeout reports its one-slot measurements and no auto-follow (410.5175ms)
✔ a deterministic pi timeout declares the slot unachievable and renders the typed stop (417.5824ms)
✔ repairable submission refusals retain the exact-slot retry path (587.057ms)
✔ a stop whose slots do not match the declared identity reports a reconciliation failure (401.4409ms)
✔ a stop carrying several declared slots exposes only the one this session declared (455.9458ms)
✔ a bound STATUS that reoffers the collect transition instead of the stop reports a reconciliation failure (417.3569ms)
✔ a bound STATUS stop with a foreign reason code or no transition reports a reconciliation failure (574.551ms)
✔ an unachievable stop renders the withdraw hint only for the requested lineage (552.4788ms)
✔ an unknown-verb refusal falls back to today's transport-failure behavior (438.4553ms)
✔ a refused declaration surfaces both failures instead of the transport fall-back (450.9028ms)
✔ a declaration failure whose envelope already committed propagates its mutation state (447.2807ms)
✔ an unknown declaration outcome is proven committed by one bound STATUS re-query (445.2284ms)
✔ a malformed declaration error without an envelope keeps mutation none (456.3053ms)
✔ a non-timeout transport failure keeps its generic continuation and now carries its measurements (437.3091ms)
✔ materialize tokens without a provider submission fail closed as a typed contract mismatch (398.8787ms)
✔ collect inputs without the provider-issued materialize token never reach the relay (432.857ms)
✖ the central native CLI runner declares the relay contract on every gentle-ai spawn (21.873ms)
✔ relay contract constants are the compiled gentle-ai handshake values (0.2889ms)
✖ relay happy path moves prompt and result bytes verbatim through a fresh empty scratch pi subprocess (7.5185ms)
✖ the pi lockdown argv is pinned exactly with no model or provider selection (5.9632ms)
✖ preparation snapshots mutable submission tokens and values before materialization (12.7697ms)
✖ preparation keeps reviewer bytes private through deferred submission (11.0998ms)
✖ the supplied AbortSignal stays live through deferred submission (10.0977ms)
✖ four reviewers cross a shared barrier before any result submission can begin (10.075ms)
✔ four reviewer results retain provider order when their preparation resolves in reverse (6.7695ms)
✔ partial reviewer failures wait for a later pending transport and report the first provider-ordered error (17.9222ms)
✖ materialize nonzero exit fails closed with a typed error and never launches pi or submits (8.1701ms)
✖ an empty materialized prompt fails closed before pi launches (10.3097ms)
✖ pi nonzero exit fails closed with a typed error and no submission (7.1519ms)
✖ empty pi stdout fails closed with a typed error and no submission (5.5034ms)
✖ pi timeout fails closed with a typed error and no submission (4.8796ms)
✔ the reviewer bound scales with materialized prompt bytes instead of one fixed number (0.2941ms)
✔ the reviewer bound honours the environment override and ignores malformed values (0.2633ms)
✖ the production relay path resolves the reviewer bound from the environment, with no injected timeout (6.2117ms)
✖ a relay Pi timeout keeps its typed mapping and timing evidence when opaque scratch cleanup also fails (6.691ms)
✖ a killed reviewer reports elapsed, limit, and what to change instead of an opaque transport failure (7.4182ms)
✖ a crashed reviewer stays distinguishable from a killed one and still carries its measurements (10.2423ms)
✖ submission refusal is a typed error whose outcome is unknown pending STATUS (8.6156ms)
✖ a reviewer printing garbage is refused at admission as a proven non-mutation carrying Go's refusal (10.0279ms)
✖ a reviewer echoing a different subject is refused at admission as a proven non-mutation carrying Go's continuation (10.3368ms)
✖ a submission the fake admits with the expected subject still completes (7.3999ms)
✖ submission refusal preserves its primary evidence when result staging cleanup also fails (5.9342ms)
✖ relay scratch and staging directories are removed after failures too (6.3083ms)
✖ a result staging cleanup failure remains a typed submit failure (9.037ms)
✖ an old binary's unknown-flag refusal classifies as relay-unavailable with the exact report (6.8097ms)
✖ a handshake refusal surfaces the provider refusal verbatim (7.4508ms)
✔ refusal classification distinguishes unknown-flag, handshake, and other (0.4751ms)
✔ the unachievable predicate names only deterministic slot failures (0.6434ms)
✔ only provider-issued pi --materialize capture-result inputs become relay slots (1.1572ms)
✔ relay input validation rejects empty or malformed inputs before any process launches (0.4646ms)
✔ a materialize slot without a provider submission fails closed before any process launches (7.4679ms)
✔ a submission form the relay cannot bind is a typed contract mismatch, never a repaired invocation (11.1406ms)
✔ resolveReviewHostRelaySubmission returns the provider binding untouched (0.5253ms)
✔ the negotiated decoder carries the provider submission through the capture-result collect input (4.2214ms)
✔ captured capabilities retain their exact schema identity (6.269ms)
✔ historical v3 FINALIZE status remains rejected without rewriting fixture bytes (3.9259ms)
✔ v5 STATUS rejects malformed receipt status, identity, and extra fields (1.2914ms)
✔ legacy-v1 v5 STATUS accepts only its two compatible receipt states (6.3231ms)
✔ captured terminal closure decodes without a compatibility status projection (0.6881ms)
✔ derived and pinned capabilities remain separately schema-pinned (1.213ms)
✔ capabilities reject a protocol minor that disagrees with their exact identity (0.6268ms)
✔ captured v5 STATUS preserves its provider forecast and collect binding (0.5518ms)
✔ v3 status identity rejects v5-only forecast fields (0.5621ms)
✔ captured v5 STATUS retains its opaque repository context reference (1.1505ms)
✔ the singular v5 capture-result submission normalizes to one typed value (1.6949ms)
✔ the singular capture-result form rejects competing legacy values (1.1688ms)
✔ consent/v3 accepts the Pi runtime only when its exact agent binding matches (2.6516ms)
✔ consent identities remain cross-decoder incompatible (0.7799ms)
✔ captured granted START keeps its repository-context event binding (0.9409ms)
✔ result artifacts retain mutually exclusive reference and path locators (0.7178ms)
✔ result artifacts reject a second locator (0.356ms)
✔ nonuniform role capture closures retain their exact upstream operation identities (0.5922ms)
✔ the derived capabilities/v2.1 payload decodes with protocol minor 1 (0.5984ms)
✔ a status/v3 payload never carries a top-level repository context (0.51ms)
✔ a v5 forecast requires the next transition and a coherent horizon (0.9145ms)
✔ a v5 provider role task input decodes and is confined to external.run_provider_role (0.7265ms)
✔ the v3 identity keeps rejecting the singular capture-result value form (0.5603ms)
✔ the v3 next transition keeps rejecting every v5-only surface (0.4826ms)
✔ consent/v3 keeps every v2 semantic guard and rejects agents outside the fixed runtime contract (0.7208ms)
✔ start/v3 repository context event fields stay optional and exact (0.9741ms)
✔ a result artifact rejects unknown keys and weakened bindings (0.6248ms)
✔ capabilities/v2.3 retains status/v5 while v2.4 requires status/v6 (2.4286ms)
✔ capabilities/v2.5 negotiates the v2.6.0 advertisement and status/v7 decodes the eligible untracked inventory (4.8594ms)
✔ status/v6 decodes and enforces the intended-untracked selection submission (3.8345ms)
✔ START/v4 accepts only its reviewing status continuation and preserves v3 strictness (2.2916ms)
✔ START/v4 falls back to the frozen overlay target when repository_context is absent (0.9603ms)
✔ START/v4 rejects status vectors that drift from frozen bindings (3.7639ms)
✔ START/v4 rejects incomplete or incoherent provider-owned status selectors (9.3356ms)
✔ START/v4 closed approval keeps acknowledgement but forbids a continuation (0.7671ms)
✔ review-acknowledged/v1 decodes the captured burn envelope exactly (0.6756ms)
✔ review-acknowledged/v1 rejects identity drift, foreign fields, and a binding that names another burn (1.5552ms)
✔ review-acknowledged/v1 is disjoint from every prior captured identity in both directions (2.8892ms)
✔ v7 escalation is typed metadata and preserves native stop authority (0.8291ms)
✔ v7 escalation strictly decodes all causes and optional refuter evidence (6.0101ms)
✔ current review integration fixtures decode (4.9667ms)
✔ capabilities enforce every required top-level and nested property (6.9354ms)
✔ capabilities reject additional properties at every exact object boundary (1.8369ms)
✔ capabilities reject an incompatible protocol identity (0.7009ms)
✔ START enforces required, exact, and enum-bounded payloads (1.9921ms)
✔ start/v3 transports the published selected_lenses wire contract without Pi-owned risk policy (1.6932ms)
✔ historical status fixture with a receipt is rejected after receipt retirement (0.9599ms)
✔ projection enforces every required property and rejects additional keys (1.1544ms)
✔ failure enforces exact keys, enums, and identifiers (1.1625ms)
✔ failure with code managed_assets_outdated decodes its continuation, degrades without one, and forbids it elsewhere (1.5782ms)
✔ net-new decoders: consent, next-transition, and artifact-subject reject malformed payloads (3.1346ms)
✔ authority repair assessment decodes eligible and unsupported statuses (0.754ms)
✔ repair execute-without-execution is rejected (0.4233ms)
✔ capabilities enforce the exact mandatory feature set while accepting a superset of advertised operations (1.476ms)
✔ capabilities gates and projections accept an additive superset beyond the required floor (0.9904ms)
✔ capabilities gates and projections still enforce the required floor (0.6121ms)
✔ START independently binds base/candidate tree and the target-mode overlay pair (0.7657ms)
✔ failure context accepts scope_change or binding_revision but rejects both or neither (1.2549ms)
✔ consent rejects a swapped choice order, invalid answer domain, or invocation outside the frozen target (1.2451ms)
✔ next_transition decodes an execute variant and rejects a stop that carries a transition (0.7681ms)
✔ next_transition stop decodes a managed_assets_outdated continuation and rejects a malformed one (0.8661ms)
✔ next_transition stop decodes unachievable_lens_slots and their withdraw bindings only on that reason code (2.3963ms)
✔ next_transition stop refuses an unachievable slot whose withdraw arguments disagree with its identity (1.1062ms)
✔ next_transition stop refuses duplicate identities and non-exact withdraw commands (2.0868ms)
✔ next_transition stop requires exactly one canonical --withdraw=true argument (0.8431ms)
✔ next_transition stop bounds an unachievable slot detail at 512 UTF-8 bytes (0.3982ms)
✔ acknowledgement execute rejects decoy bindings, closed-vector drift, and malformed approval (1.1602ms)
✔ repair decodes a committed execute result and rejects a non-eligible preflight carrying provider_inputs (0.3077ms)
✔ artifact-subject accepts an optional correction_target_identity (0.3742ms)
✔ repair eligible preflight with wrong required_inputs order is rejected (0.2226ms)
✔ next_transition.execute accepts the optional selector_arguments and artifacts the schema declares (0.23ms)
✔ next_transition decodes the self-contained provider role capture vectors strictly (0.9709ms)
✔ v5 targeted-validator collect inputs carry the exact provider-owned validation request (2.4625ms)
✔ status.frozen carries the optional frozen manifest digest (0.8745ms)
✔ a capture-result collect input decodes without changed_path_manifest, which the artifact subject digest already binds (0.6737ms)
✔ status enforces authority/frozen/receipt conditionals and decodes the required repair field (0.8887ms)
✔ next_transition.execute.binding stays open, as its schema declares no properties (0.2562ms)
✔ strictly decodes the real zero-lens closed START and every last-event closure (5.6043ms)
✔ approved closure preserves complete admitted reviewer results before acknowledgement (1.2218ms)
✔ retired legacy client no longer exposes a FINALIZE route (0.2057ms)
✔ one exact offered materialize binding executes only its selected slot and never follows STATUS (114.379ms)
✔ malformed, stale, duplicate, and incomplete collect bindings reject before capture mutation (1212.3725ms)
✔ forecast spends zero and acknowledgement runs exactly one materialize reviewer (285.0111ms)
✔ correction-plan preserves exact provider tokens and bounds without a follow-up lifecycle call (353.6702ms)
✔ refuter and validation each execute one self-contained provider vector (249.073ms)
✔ terminal capture closes directly, nonterminal capture does not auto-follow, and unknown mutation reconciles once (218.0155ms)
✔ unknown-capture reconciliation preserves agentless legacy callers and forwards an explicit Pi agent (1.5871ms)
✔ unknown targeted-validator capture reconciliation requires current exact authority and target (602.4045ms)
✔ unknown-capture reconciliation rejects a binding without a target identity (0.5327ms)
✔ the approved acknowledgement fixture decodes as a runnable continuation (1.3837ms)
✔ an approved acknowledgement must prove the target its relayed token burns (0.5734ms)
✔ an unreadable acknowledgement degrades the continuation, never the approval (0.3909ms)
✔ canonical contract defines compact risk, causal admission, correction, CAS, compatibility, and the delivery boundary (10.0913ms)
✔ assets/agents/review-risk.md requires causal evidence and remains a one-shot read-only result producer (0.7506ms)
✔ assets/agents/review-resilience.md requires causal evidence and remains a one-shot read-only result producer (0.5418ms)
✔ assets/agents/review-readability.md requires causal evidence and remains a one-shot read-only result producer (0.4909ms)
✔ assets/agents/review-reliability.md requires causal evidence and remains a one-shot read-only result producer (0.412ms)
✔ packaged ordinary review lenses resolve their Markdown file dependencies (4.9311ms)
✔ ordinary review dependencies allow packaged files and reject unresolved paths (3.9774ms)
✔ ordinary lens prompts contain the literal compact-v2 native result envelope (3.652ms)
✔ canonical ordinary review specs preserve the negotiated one-correction contract (1.3476ms)
✔ historical lifecycle change specs preserve their completed one-attempt design context (1.2539ms)
✔ risk lens distinguishes trusted orchestration from concrete boundary bypasses (0.5507ms)
✔ the Pi-owned adversarial role agents are retired: roles execute through Go-owned pi processes (0.5516ms)
✔ assets/agents/jd-judge-a.md preserves graph-v1 Judgment Day discovery and scoped re-judgment (0.3452ms)
✔ assets/agents/jd-judge-b.md preserves graph-v1 Judgment Day discovery and scoped re-judgment (0.2193ms)
✔ Judgment Day judge prompts contain distinct graph-v1 discovery and re-judgment shapes (1.2448ms)
✔ Judgment Day canonical and packaged surfaces preserve the independent lifecycle (0.9227ms)
✔ Judgment Day skill and prompts preserve bounded fix and re-judgment authority (0.6441ms)
✔ Judgment Day fix routing has one canonical shape and never falls back to generic roles (2.3201ms)
✔ orchestrator, injected skill, and technical reference defer RDD lifecycle ownership to Gentle AI (3.1305ms)
✔ technical reference documents the dynamic runtime authority boundary without an old package route (0.9067ms)
✔ managed contracts retain no fresh lifecycle review directive (1.8609ms)
✔ static 4R chain runs each selected lens once and owns no orchestration (0.4342ms)
✔ exclusive lock acquisition requires its owner token to release (32.7245ms)
✔ active and ambiguous lock ownership fail closed during recovery (12.7063ms)
✔ stale recovery moves only the observed owner into a persistent token-fenced quarantine (13.6126ms)
✔ production owner-death proof only accepts a conclusively absent process (0.3856ms)
✔ production lock uses atomic mkdir and releases only the observed owner (13.1263ms)
✔ stale lock recovery succeeds via the default production platform without an injected test adapter (5.3502ms)
✔ default production lock platform preserves no-replace semantics when the quarantine destination is already occupied (10.0451ms)
✔ qualified production moveNoReplace never replaces an existing destination file on any platform (5.7447ms)
✔ qualified production moveNoReplace never replaces an existing destination directory on any platform (15.6849ms)
✔ incomplete acquisition may be quarantined only with a dead durable intent (19.0933ms)
warning: in the working copy of 'README.md', LF will be replaced by CRLF the next time Git touches it
✔ repository factory resolves the graph object path beneath the exact common directory (592.7648ms)
✔ immutable event installation is idempotent and rejects conflicting bytes (13.4651ms)
✔ CURRENT only selects a root after a two-slot quorum and preserves old-or-new authority (28.7729ms)
✔ root publication exposes the old quorum when a fault occurs before the second new slot (32.3599ms)
✔ genesis quorum-loss crash is forward-recoverable when exactly one unambiguous candidate root set exists (29.095ms)
✔ genesis repair stays fail closed when two candidate root sets are ambiguous (9.994ms)
✔ genesis repair stays fail closed when the sole candidate root set is corrupted (7.9639ms)
✔ root successors must name the current root and repair restores only a quorum-backed pointer (33.5634ms)
✔ explicit Judgment Day starts with exactly two blind judges and zero refuters (22.6948ms)
✔ Judgment Day with no severe findings skips fixes and re-judgment then verifies once (0.9957ms)
✔ Judgment Day permits at most two scoped fix and re-judgment rounds (1.4149ms)
✔ findings surviving round two escalate and expose no third-round edge (1.0377ms)
✔ Judgment Day reducer rejects ordinary mode without changing its counters (1.2673ms)
✔ ordinary discovery runs the selected zero, one, or four lenses exactly once (27.735ms)
✔ ordinary discovery enforces selected lenses and normalizes severe actor rows fail closed (2.5697ms)
✔ no-finding ordinary path runs zero refuters, fixes, and validators then verifies once (2.3136ms)
✔ ordinary uses at most one complete-list refuter, one fix, one targeted validator, and one final verification (3.542ms)
✔ ordinary corroboration has explicit no-fix and zero-budget paths to terminal escalation (1.2399ms)
✔ inconclusive or incomplete evidence escalates without a second refuter (0.8492ms)
✔ validator cannot alter frozen claims, add findings, repeat, or hide regressions (3.3385ms)
✔ failed final verification escalates and ordinary rejects Judgment Day state (1.3092ms)
✔ ordinary fixes require exact genesis-scoped IDs and targeted validation evidence (2.5188ms)
✔ ordinary fixes reject omitted and extra frozen IDs independently of path scope (1.0307ms)
✔ targeted validation requires one passing regression proof for every frozen ID (1.0651ms)
✔ targeted validation rejects action-bearing follow-ups and preserves sorted inert records (2.1765ms)
warning: in the working copy of 'tracked.txt', LF will be replaced by CRLF the next time Git touches it
warning: in the working copy of 'tracked.txt', LF will be replaced by CRLF the next time Git touches it
✔ STATUS discovery hydrates the dispatch binding for an externally recovered lineage (249359.4152ms)
✔ STATUS discovery never hydrates without pending reviewer-result collection (43466.9175ms)
✔ declareReviewRelayHandshake exports the exact contract and reports whether it changed anything (0.9432ms)
✔ loading the extension declares the handshake in the session environment (1.5283ms)
warning: in the working copy of 'app.ts', LF will be replaced by CRLF the next time Git touches it
warning: in the working copy of 'app.ts', LF will be replaced by CRLF the next time Git touches it
warning: in the working copy of 'app.ts', LF will be replaced by CRLF the next time Git touches it
warning: in the working copy of 'app.ts', LF will be replaced by CRLF the next time Git touches it
warning: in the working copy of 'app.ts', LF will be replaced by CRLF the next time Git touches it
warning: in the working copy of 'app.ts', LF will be replaced by CRLF the next time Git touches it
warning: in the working copy of 'app.ts', LF will be replaced by CRLF the next time Git touches it
warning: in the working copy of 'app.ts', LF will be replaced by CRLF the next time Git touches it
warning: in the working copy of 'app.ts', LF will be replaced by CRLF the next time Git touches it
warning: in the working copy of 'app.ts', LF will be replaced by CRLF the next time Git touches it
warning: in the working copy of 'app.ts', LF will be replaced by CRLF the next time Git touches it
✔ the negotiated status asks for the pi agent so the provider offers its materialize relay slot (388.8736ms)
✔ capture forecasts the reviewer model run once and spends nothing until it is acknowledged (542.3188ms)
✔ a provider that refuses the pi transport blocks immediately without an agent-less lifecycle fallback (417.727ms)
✔ a transport refusal names the runnable wrapper continuation, never a raw CLI command as the only exit (836.8492ms)
✔ a remembered pi transport refusal remains blocked without re-probing or lifecycle continuation (512.4672ms)
✔ every typed Pi transport refusal code fails closed (1242.9951ms)
✔ typed status errors outside the Pi transport refusal set remain native errors (442.6483ms)
✔ ordinary STATUS inspection uses the Pi public collect-binding route (1084.7875ms)
✔ receipts survive reload but are isolated by session, root, and active branch (2.7778ms)
✔ nudged consumes only its captured prefix, retaining a concurrent own mutation (0.758ms)
✔ acknowledged consumes only its captured prefix, retaining a concurrent own mutation (0.4201ms)
✔ malformed, unknown-version, and unmatched consumption entries do not establish ownership (0.5267ms)
warning: in the working copy of 'README.md', LF will be replaced by CRLF the next time Git touches it
warning: in the working copy of 'README.md', LF will be replaced by CRLF the next time Git touches it
warning: in the working copy of 'README.md', LF will be replaced by CRLF the next time Git touches it
Preparing worktree (new branch 'linked')
warning: in the working copy of 'README.md', LF will be replaced by CRLF the next time Git touches it
warning: in the working copy of 'README.md', LF will be replaced by CRLF the next time Git touches it
Switched to a new branch 'gh-pages'
warning: in the working copy of 'orphan.txt', LF will be replaced by CRLF the next time Git touches it
Switched to branch 'main'
warning: in the working copy of 'README.md', LF will be replaced by CRLF the next time Git touches it
warning: in the working copy of 'README.md', LF will be replaced by CRLF the next time Git touches it
warning: in the working copy of 'README.md', LF will be replaced by CRLF the next time Git touches it
Switched to a new branch 'second-root'
warning: in the working copy of 'second.txt', LF will be replaced by CRLF the next time Git touches it
Switched to branch 'main'
warning: in the working copy of 'README.md', LF will be replaced by CRLF the next time Git touches it
✔ review Git environment uses a Git-compatible null config path on Windows (2.724ms)
✔ review Git environment runs a real Git authority probe (570.0741ms)
✔ review Git environment rejects inherited unsafe Git overrides (1.0685ms)
✔ a Windows drive-letter Git common directory resolves repository authority (695.8432ms)
✔ linked worktrees resolve one common-directory authority (972.8095ms)
✔ non-Git directories and empty repositories fail closed (327.0676ms)
✔ repository identity is pinned once and reused on later resolutions (799.599ms)
✔ an orphan root added after store establishment leaves identity unchanged and reads/mutations still succeed (3392.2899ms)
✔ a store transplanted into an unrelated repository fails closed (2033.9987ms)
✔ removing a pinned root commit via history rewrite violates the subset and fails closed (1162.0979ms)
✔ a reader racing the first-time IDENTITY write recovers once the concurrent writer completes, instead of dying on a transient partial read (814.9604ms)
✔ decodeReviewAssessmentV1 accepts a well-formed gentle-ai.review-assessment/v1 envelope (2.2102ms)
✔ decodeReviewAssessmentV1 accepts a base-diff candidate with base_ref (0.2045ms)
✔ decodeReviewAssessmentV1 accepts passive and high risk values (0.1501ms)
✔ decodeReviewAssessmentV1 rejects a wrong schema (0.8557ms)
✔ decodeReviewAssessmentV1 rejects an unrecognized risk value (0.3125ms)
✔ decodeReviewAssessmentV1 rejects a malformed shape (0.3749ms)
✔ verificationPlan: rdd on + closed, passive risk -> structural readback only regardless of writer profile (0.2514ms)
✔ verificationPlan: rdd on + closed, medium/high/unassessable risk -> writer self-verification, no independent verifier (0.2253ms)
✔ verificationPlan: rdd on + non-closed outcome behaves exactly like rdd off for every risk/profile combination (0.4098ms)
✔ verificationPlan: an omitted nativeReviewOutcome under rdd on defaults to unknown (fail closed), exactly like rdd off (0.2816ms)
✔ verificationPlan: on+closed+medium+large -> no verifier (0.133ms)
✔ verificationPlan: on+declined+medium+large -> no verifier (medium, large) (0.092ms)
✔ verificationPlan: on+declined+medium+small -> verifier (0.0911ms)
✔ verificationPlan: on+declined+high -> verifier (0.0869ms)
✔ verificationPlan: on+unavailable+high -> verifier (0.0654ms)
✔ verificationPlan: on+unknown (omitted)+high -> verifier (0.0645ms)
✔ verificationPlan: on+declined+passive -> structural readback (0.0599ms)
✔ verificationPlan: off+closed+high -> verifier (outcome ignored) (0.0558ms)
✔ verificationPlan: off/unknown lines ignore nativeReviewOutcome entirely (0.4257ms)
✔ verificationPlan: rdd off, passive risk -> structural readback only, no verifier, no tests (0.1028ms)
✔ verificationPlan: rdd off, medium risk -> independent verifier only for a small writer profile (0.0857ms)
✔ verificationPlan: rdd off, high or unassessable risk -> writer self-verification plus independent verifier, always (0.0938ms)
✔ verificationPlan: rdd unknown, passive risk -> structural readback only, no verifier, no tests (0.0359ms)
✔ verificationPlan: rdd unknown, medium risk -> independent verifier only for a small writer profile (0.0389ms)
✔ verificationPlan: rdd unknown, high or unassessable risk -> writer self-verification plus independent verifier, always (0.0649ms)
✔ verificationPlan: an unknown rdd line never lowers a tier relative to off (0.1169ms)
✔ verificationPlan: reason is a non-empty distinctive string for every branch (0.2314ms)
✔ isSmallWriterProfile: true when the resolved effort is low (0.0937ms)
✔ isSmallWriterProfile: true when the resolved model id carries mini as a whole token, case-insensitively (0.2002ms)
✔ isSmallWriterProfile: false for a model id where mini is only a bare substring (gemini) (0.1241ms)
✔ isSmallWriterProfile: false for a large model with medium/high effort (0.1062ms)
✔ isSmallWriterProfile: true (fail closed) when the profile is undefined, empty, or carries only an unrecognized effort with no model id (0.0713ms)
✔ isSmallWriterProfile: false when effort alone is known and not low, even without a model id (0.0645ms)
✔ resolveWriterProfile maps the predicate to the small/large verificationPlan input (0.0831ms)
✔ resolveWriterProfile: an unknown or omitted profile fails closed to small, never large (0.0593ms)
✔ gentle_review assess: an older binary without the assess verb fails closed to high (111.3059ms)
✔ gentle_review assess: a rejected assess call fails closed to high, and RDD status read failure fails closed to unknown (109.701ms)
✔ gentle_review assess: a successful native assessment is reflected directly in the returned plan (116.4253ms)
✔ gentle_review assess: baseRef without committedOnly is rejected (112.6163ms)
✔ gentle_review assess: writerModelId/writerEffort in input select the writer profile, and an omitted profile fails closed to small (444.0196ms)
✔ gentle_review assess: an explicit nativeReviewOutcome:"declined" input falls back to the risk-gated plan even when RDD is on (gentle-pi#668) (126.8833ms)
✔ gentle_review assess: an unrecognized nativeReviewOutcome value is rejected (142.7175ms)
✖ gentle_review assess: derivation is bound to the exact candidate recorded, closed can only ever be passed explicitly (gentle-pi#668 correction) (245.3803ms)
✔ gentle_review assess never requires a lineageId (unlike most other operations) (120.5402ms)
✔ native assess: decodes a well-formed envelope and sends the exact plain-versioned argv (41.8842ms)
✔ native assess: passes baseRef/committedOnly through as --base-ref and --committed-only (4.5419ms)
✔ native assess: baseRef requires explicit committedOnly acknowledgement (0.623ms)
✔ native assess: a non-zero exit (an older binary reporting an unknown command) fails closed with a native error, never a synthesized result (4.7882ms)
✔ native assess: a wrong schema or unrecognized risk value fails closed as schema-incompatible (2.331ms)
✔ generated adapter goldens remain explicit and do not hide ordinary tests or fixtures (1.773ms)
✔ risk classification freezes deterministic low, medium, and high routes (3.8077ms)
✔ binary-only and mode-only candidates keep zero authored lines but require a lens (0.6263ms)
✔ correction budget rounds up and caps at two hundred authored lines (0.6964ms)
✔ host UI preserves the complete provider envelope and adds a separately owned third action (3.0379ms)
✔ the real Pi Text primitive bounds every consent line at narrow terminal widths (19.9769ms)
✔ selection maps only exact displayed actions and cancellation or UI failure stays unresolved (12.9369ms)
✔ non-TUI selection preserves the existing action and cancellation mapping (0.8935ms)
✔ a validated intended-untracked selection may use the host third action only for its selected repository (400856.8065ms)
✔ standing permission replays an explicit sibling-worktree consent against its binding-owned workspace root (75106.6196ms)
✔ provider grant and decline remain candidate-only and cancellation stores nothing (196906.4751ms)
✔ explicit revocation ends the host grant without changing provider mode or authority (148608.451ms)
✔ reload shutdown preserves the grant, while nonreload shutdown revokes it (222264.5534ms)
✔ successful decoded native START action variants remain eligible for a host grant (870665.7707ms)
✔ blocked-scope-action never persists host permission (183337.0212ms)
✔ a stale consent result with contextual native status never arms host permission (224463.381ms)
✔ a failed consent invocation never arms host permission (181612.9ms)
✔ headless, child, and changed post-UI identity never use host permission (181025.8027ms)
✔ standing permission never replays provider v2 or non-Pi v3 consents (207165.9647ms)
✔ a child never asks its broker to replay provider v2 or non-Pi v3 consents (118482.9273ms)
✔ child permission transport survives reload shutdown but closes on terminal session shutdown (306.2072ms)
✔ a package-owned child replays its exact pending ordinary grant from a sibling Git worktree only while its parent session remains authorized (202647.9679ms)
✖ the production child fd3 client gets grant, revocation, closure, denial, and request bounds from its parent broker (10188.412ms)
✖ fresh Jiti moduleCache:false reloads share fd3 structurally and reject stale terminal callbacks (17414.2899ms)
✔ an incompatible process registry fails closed rather than replacing ownership (0.951ms)
✔ a package-owned child receives one parent-session authorization only after the parent checks its live task (2.367ms)
✔ the parent bounds each child channel before an untrusted request stream can keep asking (0.8362ms)
✔ a broken, timed-out, or malformed parent-owned channel fails closed (4.0605ms)
✔ the authorization wire carries no candidate data or provider consent vectors (1.3786ms)
✔ a child disconnect during a pending parent response cannot crash the broker process (51.6628ms)
✔ actual Pi SDK loader preserves permission only across reload and disposes it on replacement lifecycles (2268.9584ms)
✔ a fresh Node process has no standing permission registry authority (552.3391ms)
✔ standing permission is process-memory-only and bound to one live manager, session, and Git common directory (1481.8164ms)
✔ review session Git identity lookups hide every Windows child process (336.2144ms)
✔ headless, child, empty-session, and non-Git contexts cannot offer or consume standing permission (588.437ms)
✔ revocation advances an epoch that prevents an older awaited UI from re-granting (494.027ms)
✔ session revocation removes only the exact manager and session partition (590.6396ms)
✔ an incompatible Symbol.for registry fails closed instead of being replaced (461.5729ms)
✖ complete snapshot captures the repository root from a nested cwd without mutating index or worktree (1000.5377ms)
✔ ephemeral live candidate binding derives the complete candidate without retaining a snapshot (1028.6257ms)
✔ intended-commit projection binds its resolved tree while complete snapshot retains later scope (1318.913ms)
✔ snapshot derives its ordinary route and selected lenses from the captured diff (836.0528ms)
✔ generated testdata goldens stay in snapshot identity but not authored risk lines (927.8271ms)
✔ explicit Judgment Day captures non-trivial scope without ordinary classification (800.8846ms)
✔ isolated snapshot objects survive live Git GC until explicit sensitive-object cleanup (1562.6879ms)
✔ snapshot rejects unsupported and unresolved projections without changing the real index (1281.9937ms)
✔ ordinary snapshots bind canonical genesis paths (852.993ms)
warning: in the working copy of 'fixture.ts', LF will be replaced by CRLF the next time Git touches it
warning: in the working copy of 'fixture.ts', LF will be replaced by CRLF the next time Git touches it
warning: in the working copy of 'fixture.ts', LF will be replaced by CRLF the next time Git touches it
warning: in the working copy of 'fixture.ts', LF will be replaced by CRLF the next time Git touches it
warning: in the working copy of 'fixture.ts', LF will be replaced by CRLF the next time Git touches it
warning: in the working copy of 'release.ts', LF will be replaced by CRLF the next time Git touches it
✔ canonical frozen rows are ID-sorted and tampering invalidates their hash (18.5052ms)
✔ receipt envelope hashes only its canonical body and binds exact projection (2.4622ms)
✔ journaled operation replay survives restart and rejects key reuse with a changed request (1881.1734ms)
✔ lineage start is journaled and duplicate graph creation fails closed across restart (1803.9548ms)
✔ pending reducer work is crash-completable and exact completion replay is stable (2495.9528ms)
✔ graph publication faults preserve the prior authoritative revision (1907.2971ms)
✔ store exposes only reducer-bound authority transitions (949.4201ms)
✔ repository authority fails closed until Git has stable root commit anchors (294.5989ms)
✔ ordinary follow-ups are ID-sorted action-free validation evidence and do not change lifecycle authority (1.8761ms)
✔ new ordinary lineages fail closed when immutable genesis paths are absent (0.601ms)
✖ tag PUSH CREATE accepts an annotated tag for an approved commit advertised by the bound destination (6443.2688ms)
✔ routing constants expose stable runtime values (3.6873ms)
✔ objectively trivial documentation diff requests zero lenses (0.7358ms)
✔ objectively trivial hot-path documentation remains trivial (0.3387ms)
✔ incomplete evidence fails conservatively to one standard lens (0.3955ms)
✔ executable ambiguity fails conservatively to one standard lens (0.2537ms)
✔ configuration ambiguity fails conservatively to one standard lens (0.2282ms)
✔ standard routing selects exactly one dominant lens by fixed precedence (0.4458ms)
✔ 399 ordinary changed lines remain standard (0.2869ms)
✔ 400 ordinary changed lines remain standard (0.4346ms)
✔ 401 ordinary changed lines route to full 4R in stable order (0.4574ms)
✔ non-trivial hot path routes to full 4R regardless of size (0.3426ms)
✔ pre-commit cannot classify outside ordinary transaction start (0.8203ms)
✔ pre-push cannot classify outside ordinary transaction start (0.2529ms)
✔ pre-pr cannot classify outside ordinary transaction start (0.1234ms)
✔ on-ci cannot classify outside ordinary transaction start (0.1108ms)
✔ on-schedule cannot classify outside ordinary transaction start (0.0765ms)
✔ runtime evidence proves documentation-only changes trivial (3.7643ms)
✔ runtime evidence treats executable and configuration content as unproven (0.3259ms)
✔ documentation-like executable and configuration paths remain non-trivial (0.3459ms)
✔ runtime evidence identifies hot paths and dominant-risk signals (0.1959ms)
✔ sensitive configuration basenames select the risk lens at pre-commit (0.2543ms)
✔ ordinary files containing sensitive-looking substrings do not select risk (0.1803ms)
✔ incomplete runtime collection remains standard instead of trivial (0.0985ms)
✔ incomplete triviality evidence cannot suppress a known 401-line full route (0.1144ms)
✔ stable full-lens order is independent of standard-risk signals (0.0876ms)
✔ runtime collection keeps a large documentation-only hot-path edit trivial (0.0916ms)
node:fs:439
    return binding.readFileUtf8(path, stringToFlags(options.flag));
                   ^

Error: ENOENT: no such file or directory, open 'D:\jero-pi\jero-pi\lib\contracts\telemetry\runtime-aggregate-v1.schema.json'
    at readFileSync (node:fs:439:20)
    at file:///D:/jero-pi/jero-pi/lib/metrics/runtime-metrics.ts:3:34
    at ModuleJob.run (node:internal/modules/esm/module_job:430:25)
    at async onImport.tracePromise.__proto__ (node:internal/modules/esm/loader:661:26)
    at async asyncRunEntryPointWithESMLoader (node:internal/modules/run_main:101:5) {
  errno: -4058,
  code: 'ENOENT',
  syscall: 'open',
  path: 'D:\\jero-pi\\jero-pi\\lib\\contracts\\telemetry\\runtime-aggregate-v1.schema.json'
}

Node.js v24.13.1
✖ tests\runtime-metrics-children.test.ts (308.0803ms)
✔ callback returns before a blocked attempt; busy events are never queued (7.57ms)
✔ failure is silent and the next fresh event may attempt without cooldown (1.2055ms)
✔ replacement cancels an unstarted attempt without stale execution (0.7994ms)
✔ shutdown aborts immediately but cannot overlap an unsettled process (1.0209ms)
✔ bounded shutdown join waits for the accepted attempt without replaying busy work (1.2028ms)
✔ bounded shutdown join returns after its deadline (18.3073ms)
node:fs:439
    return binding.readFileUtf8(path, stringToFlags(options.flag));
                   ^

Error: ENOENT: no such file or directory, open 'D:\jero-pi\jero-pi\lib\contracts\telemetry\runtime-aggregate-v1.schema.json'
    at readFileSync (node:fs:439:20)
    at file:///D:/jero-pi/jero-pi/lib/metrics/runtime-metrics.ts:3:34
    at ModuleJob.run (node:internal/modules/esm/module_job:430:25)
    at async onImport.tracePromise.__proto__ (node:internal/modules/esm/loader:661:26)
    at async asyncRunEntryPointWithESMLoader (node:internal/modules/run_main:101:5) {
  errno: -4058,
  code: 'ENOENT',
  syscall: 'open',
  path: 'D:\\jero-pi\\jero-pi\\lib\\contracts\\telemetry\\runtime-aggregate-v1.schema.json'
}

Node.js v24.13.1
✖ tests\runtime-metrics-extension.test.ts (277.5638ms)
node:fs:439
    return binding.readFileUtf8(path, stringToFlags(options.flag));
                   ^

Error: ENOENT: no such file or directory, open 'D:\jero-pi\jero-pi\lib\contracts\telemetry\runtime-aggregate-v1.schema.json'
    at readFileSync (node:fs:439:20)
    at file:///D:/jero-pi/jero-pi/lib/metrics/runtime-metrics.ts:3:34
    at ModuleJob.run (node:internal/modules/esm/module_job:430:25)
    at async onImport.tracePromise.__proto__ (node:internal/modules/esm/loader:661:26)
    at async asyncRunEntryPointWithESMLoader (node:internal/modules/run_main:101:5) {
  errno: -4058,
  code: 'ENOENT',
  syscall: 'open',
  path: 'D:\\jero-pi\\jero-pi\\lib\\contracts\\telemetry\\runtime-aggregate-v1.schema.json'
}

Node.js v24.13.1
✖ tests\runtime-metrics-model.test.ts (176.3743ms)
node:fs:439
    return binding.readFileUtf8(path, stringToFlags(options.flag));
                   ^

Error: ENOENT: no such file or directory, open 'D:\jero-pi\jero-pi\lib\contracts\telemetry\runtime-aggregate-v1.schema.json'
    at readFileSync (node:fs:439:20)
    at file:///D:/jero-pi/jero-pi/lib/metrics/runtime-metrics.ts:3:34
    at ModuleJob.run (node:internal/modules/esm/module_job:430:25)
    at async onImport.tracePromise.__proto__ (node:internal/modules/esm/loader:661:26)
    at async asyncRunEntryPointWithESMLoader (node:internal/modules/run_main:101:5) {
  errno: -4058,
  code: 'ENOENT',
  syscall: 'open',
  path: 'D:\\jero-pi\\jero-pi\\lib\\contracts\\telemetry\\runtime-aggregate-v1.schema.json'
}

Node.js v24.13.1
✖ tests\runtime-metrics-native.test.ts (285.1108ms)
✔ only strict enabled policy grants; uses bounded policy invocation exclusively (5.5416ms)
✔ missing, old, timed-out and malformed binary responses fail closed without fallback (1.8487ms)
✔ outer deadline releases callers even when an exec adapter never settles (1010.2584ms)
✔ native-compatible environment veto accepts broad truthy spellings (0.6308ms)
node:fs:439
    return binding.readFileUtf8(path, stringToFlags(options.flag));
                   ^

Error: ENOENT: no such file or directory, open 'D:\jero-pi\jero-pi\lib\contracts\telemetry\runtime-aggregate-v1.schema.json'
    at readFileSync (node:fs:439:20)
    at file:///D:/jero-pi/jero-pi/lib/metrics/runtime-metrics.ts:3:34
    at ModuleJob.run (node:internal/modules/esm/module_job:430:25)
    at async onImport.tracePromise.__proto__ (node:internal/modules/esm/loader:661:26)
    at async asyncRunEntryPointWithESMLoader (node:internal/modules/run_main:101:5) {
  errno: -4058,
  code: 'ENOENT',
  syscall: 'open',
  path: 'D:\\jero-pi\\jero-pi\\lib\\contracts\\telemetry\\runtime-aggregate-v1.schema.json'
}

Node.js v24.13.1
✖ tests\runtime-metrics.test.ts (185.3366ms)
✔ SDD package agents declare role-appropriate tools as YAML arrays (4.3904ms)
✔ artifact-producing SDD agents can persist OpenSpec files while status remains read-only (1.0032ms)
✔ research instructions require executed evidence rather than blanket denial (0.5323ms)
✔ project does not ship local SDD agent overrides (0.2587ms)
✔ generic non-SDD agents declare exact role tool allowlists (1.895ms)
✔ sdd-verify phase text carries the verify-result envelope and validate-before-persist rule (0.5038ms)
✔ the retired Pi adversarial role agents are not packaged (0.2223ms)
✔ assets/support/sdd-status-contract.md: native v2 status remains read-only and authoritative (1.4567ms)
✔ assets/sdd-orchestrator-workflow.md: native v2 status remains read-only and authoritative (0.5009ms)
✔ assets/agents/sdd-status.md: native v2 status remains read-only and authoritative (0.2803ms)
✔ assets/agents/sdd-verify.md: native v2 status remains read-only and authoritative (0.2979ms)
✔ assets/agents/sdd-archive.md: native v2 status remains read-only and authoritative (0.2973ms)
✔ workflow preserves explicit continuation and the manual sync resolver (1.5871ms)
✔ remediation evidence requires every exact planned command and rollback observation (4.3506ms)
✔ remediation refuses nonzero without parsing prose (1.5755ms)
✔ remediation refuses null without parsing prose (0.2464ms)
✔ remediation refuses cwd without parsing prose (0.2233ms)
✔ remediation refuses id without parsing prose (0.2407ms)
✔ remediation refuses truncated without parsing prose (0.2414ms)
✔ remediation refuses unmatched without parsing prose (0.1674ms)
✔ remediation plan is bounded and cannot select another working directory (0.7257ms)
✖ remediation shell captures numeric exit, preserves stock errors and executes once (2239.2736ms)
✔ remediation owner and packaged actor are installed through existing ownership (1.4145ms)
✖ native remediation admission refuses unsupported owner before acquire (0.3976ms)
✖ admitted remediation retains exact settlement before one lost-reply replay (0.4173ms)
✖ native blocked refuses without settlement (2.0704ms)
✖ native complete refuses without settlement (0.6592ms)
✖ terminal failed settles without passing evidence and retains exact untracked scope (0.4263ms)
✖ terminal cancelled settles without passing evidence and retains exact untracked scope (0.2507ms)
✖ terminal timed_out settles without passing evidence and retains exact untracked scope (0.223ms)
✖ failure to retain settlement never mutates native; two lost replies retain uncertainty (0.4242ms)
✔ runtime harness requires its own observed command; malformed content cannot pass (0.9252ms)
✖ stock local shell wrapper observes real exit zero and preserves cancellation (0.5011ms)
✔ nonzero observed exits remain concrete failure evidence (0.3121ms)
✔ history pruning retains admitted unsettled and uncertain task payloads (68.5908ms)
✖ selected actor instructions must match the managed owner before acquisition (0.8583ms)
✖ settlement is single-finalization and cannot pass drifted failed-evidence identity (0.3784ms)
✖ native refusal or uncertain settlement is not a completed managed correction (0.3282ms)
✖ a received blocked settlement names the block; a lost settlement reply retains unresolved history (0.5691ms)
✔ remediationUnresolved treats a received settlement as terminal, regardless of state, unless uncertain (0.4021ms)
✔ remediation actor preserves separately authorized memory artifact tools (2.129ms)
✖ managed parent admission continues an explicitly retained token without a new acquire (0.3183ms)
✔ R3-duplicate-command-evidence requires a distinct execution for every indexed slot (1.1636ms)
✖ R1 confirms exact canonical paths and commands; data, denial and symlinks grant nothing (0.486ms)
✖ R3/R4 acquire request is durable before mutation and token before actor admission (0.2299ms)
✖ R3/R4 acquire persistence failure refuses before native mutation (0.3216ms)
✔ R1 denial/headless/cancellation gives zero acquisition and durable mutation (0.3112ms)
✖ R1 child invokes only the exact confirmed command/cwd/count with distinct call IDs (0.1991ms)
✖ R3/R4 known non-mutating acquire failures retain retryable blocked history while ambiguity remains unresolved (1.4551ms)
✔ remediation actor explains one-launch human authority and indexed command evidence (0.4216ms)
node:fs:439
    return binding.readFileUtf8(path, stringToFlags(options.flag));
                   ^

Error: ENOENT: no such file or directory, open 'D:\jero-pi\jero-pi\lib\contracts\telemetry\runtime-aggregate-v1.schema.json'
    at readFileSync (node:fs:439:20)
    at file:///D:/jero-pi/jero-pi/lib/metrics/runtime-metrics.ts:3:34
    at ModuleJob.run (node:internal/modules/esm/module_job:430:25)
    at async onImport.tracePromise.__proto__ (node:internal/modules/esm/loader:661:26)
    at async asyncRunEntryPointWithESMLoader (node:internal/modules/run_main:101:5) {
  errno: -4058,
  code: 'ENOENT',
  syscall: 'open',
  path: 'D:\\jero-pi\\jero-pi\\lib\\contracts\\telemetry\\runtime-aggregate-v1.schema.json'
}

Node.js v24.13.1
✖ tests\sdd-native-managed-uptake.test.ts (2811.7774ms)
✔ assets/sdd-orchestrator-workflow.md: native planning tokens are the only automatic routes (2.2866ms)
✔ assets/sdd-orchestrator-workflow.md: planning preserves native blocker and edit-root guards (0.3599ms)
✔ assets/support/sdd-status-contract.md: native planning tokens are the only automatic routes (0.2441ms)
✔ assets/support/sdd-status-contract.md: planning preserves native blocker and edit-root guards (0.2605ms)
✔ workflow and support contract agree on bounded planning routing (0.3805ms)
✔ production callers distinguish first-session confirmation from explicit field editing (4.7532ms)
✔ capability-constrained artifact selector elision (8.2679ms)
✔ headless defaults stay silent while UI confirms defaults (2.4057ms)
✔ disk preferences are suggestions and resolved choices are reused only in session (5.7265ms)
✖ no-callback preflight fallback installs only SDD-owned assets (9.7251ms)
✔ managed asset replacements use exclusive same-directory temporary files (2.1543ms)
✖ managed ownership update waits for installer lock and atomically updates the file and manifest (6.594ms)
✖ managed ownership update exposes lock timeout without writing a partial routed file (9.084ms)
✖ cross-process owner installations preserve both managed manifest entries (764.8527ms)
✔ installer preserves foreign, malformed, and unsafe lock paths (10.7817ms)
✔ RPC children cannot promote or persist headless defaults (2.8452ms)
✔ explicit field editing cannot open RPC or no-UI dialogs (1.3919ms)
✔ cancelled confirmation cannot become current-session consent (1.3883ms)
✔ explicit UI selections override defaults when a field is genuinely unresolved (1.4087ms)
✔ legacy persisted strategies normalize to canonical values (7.9126ms)
✔ exception-ok requires narrow delivery-gate provenance (6.7239ms)
✔ sddPreflightDiskPath returns project-local .pi/gentle-ai/sdd-preflight.json (10.5304ms)
✔ writeSddPreflightToDisk creates parent dirs and writes valid JSON (2.2825ms)
✔ readSddPreflightFromDisk returns undefined when no file exists (1.053ms)
✔ readSddPreflightFromDisk returns persisted prefs after write (2.6839ms)
✔ persisted preferences require fresh session confirmation (2.6871ms)
✔ readSddPreflightFromDisk returns undefined for corrupt JSON (2.9134ms)
✔ readSddPreflightFromDisk returns undefined for JSON with invalid fields (2.3898ms)
✔ readSddPreflightFromDisk normalizes unknown chainedPrStrategy to ask-on-risk (1.6272ms)
✔ writeSddPreflightToDisk is non-fatal when directory is not writable (no throw) (1.7179ms)
✖ forced asset refresh migrates the exact v0.10.7 malformed sdd-apply asset and preserves user edits (13.535ms)
✖ forced asset refresh migrates only untouched v0.14 package contracts and preserves user edits (5.2028ms)
✔ a persisted legacy 'both' artifact store loads as hybrid (8.3904ms)
✔ a persisted canonical 'hybrid' artifact store loads unchanged (1.9568ms)
✔ the shared shipped SDD inventory includes every executor, including remediation (0.2852ms)
✔ only a structurally valid parent-rendered preflight block can reach an SDD child (2.2304ms)
✔ affirmative natural-language SDD requests trigger preflight without matching a finite phrase list (2.5535ms)
✔ slash SDD preflight trigger accepts the gentle-sdd command prefix (0.2748ms)
✔ approved active external tools reach the actual child CLI allowlist (4.7315ms)
✔ class-specific grants remain exact when both classes are explicitly selected (3.8892ms)
✔ open-web requires all four canonical tools, each active and unrestricted (1.1747ms)
✔ restrictions, inactive tools and unknown tools never become grants (0.5567ms)
✔ documentation can run independently of unavailable open-web search (0.3967ms)
✔ SDK-only tools and unavailable inventory fail closed (0.5231ms)
✔ selected documentation never inherits available open-web routes or arbitrary extensions (0.5584ms)
✔ selected grants refuse missing, inactive, SDK, restricted and unknown routes without removing local authorization (1.6501ms)
✔ artifact intent narrows exact paths and topics without granting tools or replacement scope (16.5214ms)
✔ only actual exact OpenSpec bytes and Engram metadata satisfy readback identity (4.4949ms)
✖ R4 research write crash reload requires durable desired identity and actual backend readback (2257.597ms)
✔ R4 corrupted or broadened durable research scope is not a restart grant (13.8019ms)
✔ research actor explains crash readback without store substitution or replay (0.5736ms)
﹣ LIVE installed web tools execute through the candidate research runner (1.8127ms) # opt in with GENTLE_PI_LIVE_RESEARCH_TEST=1; no live execution performed
✖ remediation read tools are limited to canonical relative paths inside the confirmed worktree (101.6342ms)
✔ selected SDD change snapshots at task construction and reaches child startup in a multi-change workspace (20.33ms)
✔ selected native v2 archive authority is injected whole and never falls back to the local resolver (8.141ms)
✔ selected native v2 failures fail closed without consulting the local resolver (25.2719ms)
✔ a native verify evidence-refresh route starts under its own blocker while every other phase stays closed (4.1479ms)
✔ a throwing SDD selection flag reader fails closed without resolving an unselected status (3.0762ms)
✔ selected SDD startup fails closed for malformed identity, root, phase, symlink, and resolver errors (8.15ms)
▶ before_agent_start resolves the unnamed packaged executor and renders native v2 selection
  ✔ contradictory names (0.6181ms)
  ✔ contradictory named phase (0.4211ms)
  ✔ unknown explicit name (1.0219ms)
  ✔ ambiguous executor body (0.4576ms)
  ✔ unknown executor body (5.0742ms)
✔ before_agent_start resolves the unnamed packaged executor and renders native v2 selection (37.3755ms)
﹣ producer v2 preservation: selected status is read-only and retains all seven dependencies (0.1558ms) # SKIP
✔ status command renders native facts without confirmation, mutation, or phase launch (9.712ms)
✔ only exact marker confirmation permits continuation, never source authority or launch (4.9772ms)
✔ read-only, excluded-marker, cancellation and headless scope suppress every mutation (7.3479ms)
✔ malformed recommendation and misleading prose refuse before continuation or phase launch (6.8045ms)
✔ continuation rejects workspace mismatch and missing UI; marker-only confirmation grants no roots (3.9992ms)
✔ managed apply guidance refuses local reconstruction and preserves native authority (0.4853ms)
✔ unsafe planning context and marker symlink refuse before mutation (4.9567ms)
✔ typed remediation selection preserves native failed evidence and refuses stale binding (3.8771ms)
✔ planning recommendations are executable tokens with separate diagnostics (22.4697ms)
✔ partial planning artifacts route to their repair phase (30.14ms)
✔ unresolved change selection returns blocked rather than diagnostic prose (8.2066ms)
✔ listActiveOpenSpecChanges excludes archive and sorts active changes (4.5725ms)
✔ resolveSddStatus blocks when there are no active changes (1.4126ms)
✔ resolveSddStatus blocks when change selection is ambiguous (1.7362ms)
✔ resolveSddStatus selects the only active change and counts task progress (8.4953ms)
✔ resolveSddStatus routes completed implementation through archive without RDD authority (12.7098ms)
✔ resolveSddStatus ignores legacy parent review actions after implementation (7.0984ms)
✔ resolveSddStatus treats malformed ownership as unresolved implementation work (5.405ms)
✔ resolveSddStatus routes completed legacy implementation directly to verify (4.5953ms)
✔ resolveSddStatus blocks sync when verify report is not clearly passing (9.3733ms)
✔ resolveSddStatus rejects negated pass and sync-complete phrases (11.1001ms)
✔ resolveSddStatus blocks sync when verify report contains critical text (9.6397ms)
✔ resolveSddStatus reports same-domain collisions (12.065ms)
✔ resolveSddStatus blocks apply when tasks has no checkboxes (6.0907ms)
✔ resolveSddStatus marks legacy flat specs partial and blocks sync (4.7304ms)
✔ resolveSddStatus accepts nested domain specs even when a legacy flat spec also exists (6.9245ms)
✔ resolveSddStatus blocks sync when core artifacts are missing even with clean verify (7.3791ms)
✔ resolveSddStatus blocks stale sync report when current verify is not passing (12.4978ms)
✔ resolveSddStatus blocks archive when required artifacts are missing (7.1824ms)
✔ resolveSddStatus reports partial core artifacts as blockers (13.1898ms)
✔ resolveSddStatus marks archive ready only after clean verify, sync, and complete tasks (11.5308ms)
✔ renderSddStatusMarkdown includes structured JSON (8.1698ms)
✔ resolveSddStatus with artifactStore engram returns non-authoritative status without disk scan (2.4652ms)
✔ resolveSddStatus with artifactStore none returns non-authoritative status without disk scan (1.3933ms)
✔ resolveSddStatus with artifactStore hybrid uses disk scan and reflects store (5.0449ms)
✔ resolveSddStatus with undefined store and existing openspec dir defaults to openspec and blocks (1.5205ms)
✔ resolveSddStatus with undefined store and NO openspec dir returns non-authoritative status (1.0584ms)
✔ resolveSddStatus non-authoritative status has neutral planningHome (no misleading openspec path) (1.1161ms)
✔ parseSddStatusCommandArgs extracts change and json flag (0.8238ms)
✔ resolveSddStatus with artifactStore hybrid and NO openspec dir returns non-authoritative status (1.7046ms)
✔ resolveSddStatus with artifactStore hybrid and existing openspec dir runs authoritative disk scan (6.4917ms)
✔ isNonAuthoritativeStatus reads typed isNonAuthoritative field and matches resolve-via-engram sentinel (6.8298ms)
✔ isNonAuthoritative boolean field is set correctly across all store/disk combinations (6.7768ms)
✔ resolveSddStatus with artifactStore hybrid, openspec dir present but change not on disk returns non-authoritative (2.1243ms)
✔ resolveSddStatus with artifactStore hybrid, openspec dir present and change on disk is authoritative (9.1406ms)
✔ resolveSddStatus with artifactStore openspec and change not found still blocks (3.5245ms)
✔ renderSddDispatcherMarkdown for both-without-openspec does NOT render Ready (1.0556ms)
✔ renderNativeSddPhasePrompt for both-without-openspec emits non-authoritative line (1.0863ms)
✔ renderPhaseInstructions for not_applicable applyState emits neutral line (0.9779ms)
✔ resolveSddStatus hybrid + openspec/ dir + zero active changes + no changeName returns non-authoritative (1.7687ms)
✔ resolveSddStatus hybrid + openspec/ dir + multiple active changes + no changeName stays authoritative (2.4269ms)
✔ resolveSddStatus hybrid + openspec/ dir + exactly one active change is authoritative (7.1677ms)
✔ resolveSddStatus openspec + zero active changes still blocks (2.1677ms)
✔ resolveSddStatus openspec + named change missing still blocks (2.5827ms)
✔ resolveSddStatus projects archived terminal state when the change lives in the archive (3.7203ms)
✔ resolveSddStatus archived projection prefers the newest archive date (4.7433ms)
✔ resolveSddStatus still blocks a change that never existed and has no archive entry (6.6129ms)
✔ resolveSddStatus archive matching requires the exact change-name suffix (1.8267ms)
✔ renderSddDispatcherMarkdown for non-authoritative both status shows artifact store 'both' (0.9707ms)
✔ canonical roots include cwd, dedupe aliases immediately and reject unrelated clones (2261.3466ms)
✔ restore reads the whole session tree, resumes the same id, and ignores new/fork/clone ids (4023.816ms)
✔ durable append works without a shell listener and independent registries do not double append (1946.412ms)
✔ restoration validates entries and hides missing roots without deleting their registrations (1523.3772ms)
✔ Git child environment removes routing and config overrides without mutating its source (0.6148ms)
✔ session startup identity lookup hides its direct Git children (485.7764ms)
✔ only standard path-bearing calls have registration candidates; shell and prose never do (0.4919ms)
✔ renderGauge fills cells proportionally to the percentage (1.6556ms)
✔ gaugeTone turns to warning at 80% and error at 95% (0.229ms)
✔ formatTokens and formatCost keep the bar compact (0.1769ms)
✔ renderShellBar renders one line with the segments in order (29.0557ms)
✔ renderShellBar colors the brand, model, effort, and gauge by role (1.6839ms)
✔ renderShellBar shows the branch as dirty-neutral and omits it outside git (0.5826ms)
✔ renderShellBar shows the session dirty count next to the branch (1.1748ms)
✔ renderShellBar adds the subscription windows after the cost when usage is known (0.7924ms)
✔ renderShellBar shows an unknown context as a question mark after compaction (0.4793ms)
✔ renderShellBar right-aligns the session name when it fits (0.5409ms)
✔ renderShellBar appends extension statuses as trailing segments (0.9509ms)
✔ renderShellBar repaints extension statuses in the bar role, discarding colors the extension embedded (0.9473ms)
✔ renderShellBar compacts the path and branch before it sacrifices an extension status (1.2433ms)
✔ renderShellBar drops the session name, then trailing segments, before truncating (0.7655ms)
✔ shellEnabled stays off inside a Gentle Agents child (0.1815ms)
✔ shellEnabled honors GENTLE_PI_SHELL=0 (0.4544ms)
✔ renderCard draws the rounded frame with the title in the top rule and wraps the body inside (34.88ms)
✔ renderCard collapses to the frame and the first body line with an expand hint (1.5873ms)
✔ renderCard keeps the rail and its corners in the tone and the rest of the frame in the border color (1.2856ms)
✔ renderCard places a hint at the right end of the top rule without background fill (0.5151ms)
✔ cards remain transparent across content resets and narrow widths (2.0262ms)
✔ renderCard accepts a custom glyph and an empty body (0.2936ms)
✔ renderCard keeps the top rule at width with a two-cell glyph (1.2166ms)
✔ renderCard drops the hint before truncating title content (1.0064ms)
✔ renderCard truncates ANSI-styled title content at display width (1.2141ms)
✔ renderCard never exceeds extremely narrow supplied widths (8.0642ms)
✔ worktree accordion keeps groups and nested files beside a framed lazy diff (49.9437ms)
✔ worktree accordion selects a clicked file without opening its editor (4.5115ms)
✔ worktree accordion receives native fullscreen press and release as a file click (10.4387ms)
✔ worktree pointer regions scroll independently and expire on refresh or dispose (3.8652ms)
✔ file-list pointer capture is limited to an active left gesture in both views (2.9405ms)
✔ an outside release clears an active left gesture in both views (1.2934ms)
✔ a stale-layout release clears an active left gesture in both views (1.9598ms)
✔ non-left gestures pass through with current, stale, and missing layouts in both views (2.2541ms)
✔ right press reaches the native Windows paste fallback when eligible (2.1312ms)
✔ worktree list keeps selection visible, preserves root across reorder and refreshes from either level (6.8724ms)
✔ worktree labels remove terminal controls without changing diff or editor roots (5.8853ms)
✔ accordion refresh preserves expanded roots and selected file; left returns to parent then collapses (8.0525ms)
✔ accordion selection scrolls flattened rows and diff scrolling does not open the editor (10.3844ms)
✔ both file lists render modified with colored signed counts (21.3193ms)
✔ both file lists render added with colored signed counts (19.1237ms)
✔ both file lists render deleted with colored signed counts (18.5246ms)
✔ both file lists render renamed with colored signed counts (14.4538ms)
✔ both file lists render untracked with colored signed counts (29.5869ms)
✔ colorDiff drops git headers and colors hunks, additions, and removals by role (0.3192ms)
✔ ChangesView renders a framed two-pane layout at the requested size (8.8457ms)
✔ ChangesView loads the selected diff lazily and moves with j/k and arrows (6.5953ms)
✔ ChangesView scrolls the diff pane and shows an empty state for files without a diff (19.8091ms)
✔ ChangesView opens the selected file and closes on escape or q (1.0179ms)
✔ ChangesView click selects a file without opening it (14.8563ms)
✔ ChangesView receives native fullscreen press and release as a click (3.2149ms)
✔ ChangesView rebuilds pointer geometry when its overlay height changes (1.6827ms)
✔ ChangesView scrolls the file list and diff independently, ignores hover, and clears stale pointer layouts (5.1137ms)
✔ ChangesView keeps keyboard selection visible after file-list scrolling (3.3551ms)
✔ ChangesView.update keeps the selected file, reloads moved diffs, and survives an empty tree (49.7497ms)
✔ parseNumstat reads counts, treats binaries as zero, and resolves rename braces (2.159ms)
✔ parsePorcelain reads NUL-separated status entries including renames and untracked files (0.2873ms)
✔ snapshotChanges merges status with counts and keeps untracked files without counts (0.3005ms)
✔ changesModel sorts files by path and totals the counts (1.1676ms)
✖ changesSummary and the widget describe the session at a glance (27.2832ms)
✔ renderChangesWidget colors counts by direction and yields nothing when clean (6.9435ms)
✔ renderChangesWidget drops the file list before truncating on narrow terminals (1.166ms)
✔ ChangesTracker reads the working tree on start and again on refresh (0.9382ms)
✔ ChangesTracker stays quiet outside a git repository (0.344ms)
✔ ChangesTracker coalesces overlapping refreshes into at most one extra round (12.2424ms)
✔ registered roots hide clean and missing worktrees while metadata never admits bare or prunable siblings (2.4929ms)
✔ only registered worktrees are scanned, with whole preexisting and untracked contents (0.7726ms)
✔ worktree refresh shares one scan so polling faster than discovery cannot prolong it (0.4947ms)
✔ registration during an in-flight status scan is included before refresh resolves (0.5409ms)
✔ worktree porcelain preserves unusual directory names and detached fallback (0.1715ms)
✔ registered roots remain scannable during metadata discovery failure (0.5816ms)
✔ isolated Git worktrees include preexisting dirty files only after root registration (2383.694ms)
✔ untracked-only unborn roots remain visible without a HEAD diff (0.5294ms)
✔ ChangesTracker counts the lines of untracked files, which git numstat leaves out (0.5396ms)
✔ framePromptLines sets the petal in bold when the theme offers it (30.5804ms)
✔ framePromptLines draws rounded corners, side rules, and keeps every line at width (8.5861ms)
✔ framePromptLines paints the frame with the editor border color and the petal with the state tone (0.8348ms)
✔ petalTone rests bright, walks the rose ramp while working, and turns to warning when queued (1.5216ms)
✔ petalGlyph spins through the flowers while working and rests otherwise (0.359ms)
✔ framePromptLines spins the petal and labels the working and queued states (1.3824ms)
✔ framePromptLines keeps the editor scroll indicators inside the frame (0.842ms)
✔ withPromptHint places a dim hint after the cursor on an empty editor line (0.5505ms)
✔ withPromptHint leaves the line alone when the hint does not fit (0.2322ms)
✔ working prompt stays transparent at narrow and normal widths (2.4956ms)
✔ transparent prompt preserves pi's cursor reset (0.7195ms)
✔ sidebar heading is only the centered literal product label (37.6492ms)
✔ heading uses the current theme on every render (0.2666ms)
✔ grouped Status preserves structured fields and opaque integration text (40.3442ms)
✔ scrollable TODO keeps every task while bottom and collapsed cards stay bounded (18.5323ms)
✔ installation on a missing-terminal host is a harmless no-op (0.6138ms)
✔ only fullscreen at 140 columns activates; shrinking restores bottom paint (3.2002ms)
✔ rail orders Status, changes, agents, TODO independent of registration order (0.6964ms)
✔ branding belongs to scroll content before Status, never transcript or narrow bottom (1.0856ms)
✔ wheel scrolls the rail and is consumed at both boundaries and blank space (1.0358ms)
✔ rail dispatches a clipped, scroll-translated left click to only the matching sidebar part (1.1074ms)
✔ rail rejects removed or replaced parts before cached geometry is prepared again (0.8088ms)
✔ real layout frames reuse unchanged sidebar output and invalidate at state and breakpoint boundaries (25.2636ms)
✔ a rail digest refreshes live state that no invalidation announces (11.3302ms)
✔ reuses final sidebar presentation until a relevant invalidation (0.9451ms)
✔ cleanup restores the native layout and bottom paint without disposing widgets (0.2393ms)
✔ unsupported roots, empty rails and overflowing parts leave native layout intact (0.6869ms)
✔ unsupported hosts retain the original bottom widget and disposal (1.503ms)
✔ terminal state survives host replacement without leaking across terminals (0.2248ms)
✔ bottom paint is suppressed only while the sidebar owns the host (0.1898ms)
✔ disposing an old part preserves its replacement and releases its bottom (0.1943ms)
✔ applyTodo write replaces the list, assigns ids, defaults to pending, and records the turn (4.3567ms)
✔ applyTodo write keeps ids the model passes back and drops the rest (0.526ms)
✔ applyTodo add, update, and clear mutate one task at a time and validate ids (0.751ms)
✔ applyTodo accepts completed as an alias of done, rejects unknown statuses, and sanitizes text (0.5193ms)
✔ applyTodo list reports the state without changing it (0.6118ms)
✔ todoSummary and staleTurns describe progress and how long the list went untouched (0.5662ms)
✔ replayTodo rebuilds the latest state from Gentle and rpiv tool results alike (0.9884ms)
✔ todoPromptBlock lists open work with the rules, and stays silent when there is nothing open (0.895ms)
✔ renderTodoCard draws the framed list with status glyphs and keeps every line at width (40.674ms)
✔ renderTodoCard folds a long list: done tasks become one row and the open ones are capped (1.9555ms)
✔ renderTodoCard keeps the configured collapse shortcut in the header while stale state remains visible (1.4625ms)
✔ renderTodoCard keeps English controls visible and falls back to their icons at narrow widths (2.5437ms)
✔ completed titles strike only title cells across wrapped lines, never padding or rails (4.2958ms)
✔ renderTodoCard keeps stale indicators and collapse hints in scrollable lists (2.8931ms)
✔ renderTodoCard uses custom shortcuts, omits disabled shortcuts, and remains width-safe when hints cannot fit (6.5331ms)
✔ UsageView frames the panel, keeps every line at width, and shows the empty state (40.6031ms)
✔ UsageView refetches on r and closes on escape or q (10.2363ms)
✔ windowLabel names the common windows and falls back to hours or days (1.2193ms)
✔ formatReset speaks in minutes, hours, or days (0.4843ms)
✔ parseCodexUsage keeps plan, windows, and named limits, and never keeps the email (1.9209ms)
✔ parseCodexUsage tolerates a payload without rate limits (0.4605ms)
✔ parseCodexHeaders reads the SSE rate-limit headers when a provider sends them (0.8059ms)
✔ accountIdFromToken decodes the chatgpt account claim from an OAuth JWT (0.5891ms)
✔ renderUsageBar summarizes the main limit with a gauge and the rest as percentages (1.4317ms)
✔ renderUsagePanel lists each provider with meters, resets, and a stale marker (5.8582ms)
✔ renderUsagePanel puts the active provider first and explains missing data (25.4714ms)
✔ UsageStore keeps the latest snapshot per provider and lists them in order (0.4292ms)
✔ parseAnthropicHeaders turns the unified utilization fractions into 5h and weekly windows (0.3086ms)
✔ parseUsageHeaders picks whichever provider the headers belong to (0.1876ms)
✔ skills/branch-pr/SKILL.md frontmatter name is prefixed (1.6337ms)
✔ skills/chained-pr/SKILL.md frontmatter name is prefixed (0.4389ms)
✔ skills/cognitive-doc-design/SKILL.md frontmatter name is prefixed (0.3381ms)
✔ skills/comment-writer/SKILL.md frontmatter name is prefixed (0.2432ms)
✔ skills/issue-creation/SKILL.md frontmatter name is prefixed (0.2468ms)
✔ skills/judgment-day/SKILL.md frontmatter name is prefixed (0.2504ms)
✔ skills/rdd-defect-workflow/SKILL.md frontmatter name is prefixed (0.2362ms)
✔ skills/skill-creator/SKILL.md frontmatter name is prefixed (0.2058ms)
✔ skills/skill-improver/SKILL.md frontmatter name is prefixed (0.2165ms)
✔ skills/skill-registry/SKILL.md frontmatter name is prefixed (0.2743ms)
✔ skills/work-unit-commits/SKILL.md frontmatter name is prefixed (0.213ms)
✔ technical reference documents legacy skill-name compatibility aliases (1.0927ms)
✔ skills/gentle-ai/SKILL.md frontmatter name carries no gentle-ai- prefix (0.4117ms)
✔ skills/release/SKILL.md frontmatter name carries no gentle-ai- prefix (0.1886ms)
✔ project skill dirs include supported workspace roots (2.0348ms)
✔ registry renders indexed skill paths instead of compact rules (2.7236ms)
✔ frontmatter parser accepts CRLF line endings (0.7927ms)
✔ frontmatter parser keeps full multiline descriptions (0.4503ms)
✔ description normalization preserves trigger and collapses whitespace (0.4117ms)
✔ project-scoped duplicate wins over user duplicate (0.5962ms)
✔ uniqueExistingDirs normalizes duplicates and ignores missing roots (14.9892ms)
✔ findSkillFiles scans one skill directory level only (6.7085ms)
✔ findSkillFiles follows symlinked skill directories (4.6385ms)
✔ skill registry watchers close on shutdown (46.8624ms)
✔ startup skip honors no skill registry controls (0.726ms)
✔ duplicate extension load is skipped only across different sources (0.8703ms)
✖ project-local skill registry extension wins over installed package copy (3.6568ms)
✔ scope and markdown cells are represented in registry (1.4113ms)
✔ generated registry file indexes skill path and omits body rules (14.5097ms)
✔ orchestrator documents path injection protocol (1.2637ms)
✔ non-forced regeneration invalidates cache when skill bytes change but path, size, and mtime are restored (65.5813ms)
✔ startup branch lookup uses direct git argv and hides its Windows child (4.0725ms)
✔ startup banner keeps animating after invalidate and cleans up on dispose (40.9358ms)
✔ startup art respects rose=false, logo=false and cyan palette (28.0283ms)
✔ startup art respects rose=false, logo=true and cyan palette (17.836ms)
✔ startup art respects rose=true, logo=false and cyan palette (30.5325ms)
✔ startup art respects rose=true, logo=true and cyan palette (30.7663ms)
✔ shouldTriggerTelemetry: pure predicate table (3.4212ms)
✔ spawnTelemetryTrigger: launches the expected argv, detached, hidden, and stdio-ignored (1.1766ms)
✔ spawnTelemetryTrigger: never spawns under each kill switch (0.3241ms)
✔ spawnTelemetryTrigger: a throwing spawn is swallowed, never thrown (0.2163ms)
✔ spawnTelemetryTrigger: the 3 s kill timer fires exactly once and is unref'd (1.142ms)
✔ decodeTelemetryTriggerDecision: decodes a well-formed v1 payload (0.2295ms)
✔ decodeTelemetryTriggerDecision: every documented decision round-trips (0.2409ms)
✔ decodeTelemetryTriggerDecision: an old binary's output decodes as nothing to do (0.1467ms)
✔ decodeTelemetryTriggerDecision: rejects a mismatched schema, unknown decision, or missing source (0.207ms)
✔ activation: spawns the telemetry trigger exactly once for a primary session (6.3778ms)
✔ activation: never spawns for a named or SDD agent event (1.4012ms)
✔ activation: a missing binary or spawn error never affects activation (1.1099ms)
✔ /jero:telemetry relays a status --json payload (0.6343ms)
✔ /jero:telemetry disable prints a one-line confirmation (0.2967ms)
✔ /jero:telemetry relays a typed non-zero failure (0.3581ms)
✔ /jero:telemetry rejects an unknown sub-action without calling the binary (0.2089ms)
✔ sanitizeTerminalText removes user-controlled ANSI and control characters (1.5528ms)
✔ sanitizeTerminalText removes unterminated OSC payloads (0.1741ms)
✔ stripAnsi removes OSC payloads and ANSI styling (0.123ms)
✔ contracts/ walk fails on a file that exists on disk but is unlisted in contractHashes (5.8497ms)
✔ contracts/ walk fails on a contractHashes entry that is missing from disk (3.2773ms)
✔ contracts/ walk excludes the provider contract mirror subtree, whose bytes are pinned by its own lock (5.9097ms)
✔ sources <-> runtime/*.mjs walk fails when a generated runtime file is absent from the generator's sources array (2.9625ms)
✔ sources <-> runtime/*.mjs walk fails when a sources entry is absent from requiredPaths (2.8054ms)
✔ Gentle AI version pin mismatch is reported with a specific message when a derived location disagrees with the authoritative constant (0.2777ms)
✔ Gentle AI version pin mismatch also flags a drifted release URL and a drifted Windows source tag (0.1815ms)
✔ Gentle AI version pin agrees across the installer version, the release URL, the Windows source tag, and lib/core/gentle-ai-binary.ts (0.1513ms)
✔ both walks report no drift when sources, runtime/*.mjs, requiredPaths, and contractHashes fully agree (4.382ms)
✔ task-scoped surfaces are accepted ahead of a deeper heading (7.9531ms)
✔ task-scoped surfaces reject trailing prose before the next heading (2.2757ms)
✔ canonical headings close the surface section with up to three ASCII spaces (1.971ms)
✔ canonical empty headings with trailing spaces close the surface section (0.9895ms)
✔ pseudo-headings remain inside the surface section and reject dangerous paths (4.541ms)
✔ only ASCII spaces may separate Markdown list markers from entries (1.9711ms)
✔ the documented task shape from issue #484 is accepted (0.5791ms)
✔ bullet, backtick and plain-line surfaces reach the same decision (4.2154ms)
✔ a list broken by a blank line still validates every entry (1.5379ms)
✔ an entry hidden below a paragraph is validated, not discarded (0.6705ms)
✔ whitespace-bearing surfaces require whole-entry backticks (19.4458ms)
✔ out-of-scope and empty surfaces stay rejected (4.7064ms)
✔ agents outside the bounded writer set are not scope-guarded (1.1591ms)
ℹ tests 1997
ℹ suites 0
ℹ pass 1847
ℹ fail 132
ℹ cancelled 0
ℹ skipped 18
ℹ todo 0
ℹ duration_ms 3371305.6753

✖ failing tests:

test at tests\asset-installation-runtime.test.ts:85:2
✖ actual SDK discovers SDD only after explicit activation in the same session (1925.0752ms)
  AssertionError [ERR_ASSERTION]: 
  node:internal/modules/run_main:107
      triggerUncaughtException(
      ^
  
  AssertionError [ERR_ASSERTION]: Expected values to be strictly deep-equal:
  + actual - expected
  
  + [
  +   {
  +     error: "Failed to load extension: Cannot find module 'D:/jero-pi/jero-pi/extensions/gentle-ai.ts'\n" +
  +       'Require stack:\n' +
  +       '- C:\\Users\\Administrator\\AppData\\Local\\Temp\\jero-pi-assets-sdk-2fZmOB\\project\\extensions.ts',
  +     path: 'C:\\Users\\Administrator\\AppData\\Local\\Temp\\jero-pi-assets-sdk-2fZmOB\\project\\extensions.ts'
  +   }
  + ]
  - []
  
      at createAgentSessionRuntime.cwd.cwd (file:///D:/jero-pi/jero-pi/tests/asset-installation-runtime.test.ts:43:10)
      at async createAgentSessionRuntime (file:///D:/jero-pi/jero-pi/node_modules/@earendil-works/pi-coding-agent/dist/core/agent-session-runtime.js:313:20)
      at async proveLazyDiscovery (file:///D:/jero-pi/jero-pi/tests/asset-installation-runtime.test.ts:34:18)
      at async file:///D:/jero-pi/jero-pi/tests/asset-installation-runtime.test.ts:83:2 {
    generatedMessage: true,
    code: 'ERR_ASSERTION',
    actual: [
      {
        path: 'C:\\Users\\Administrator\\AppData\\Local\\Temp\\jero-pi-assets-sdk-2fZmOB\\project\\extensions.ts',
        error: "Failed to load extension: Cannot find module 'D:/jero-pi/jero-pi/extensions/gentle-ai.ts'\n" +
          'Require stack:\n' +
          '- C:\\Users\\Administrator\\AppData\\Local\\Temp\\jero-pi-assets-sdk-2fZmOB\\project\\extensions.ts'
      }
    ],
    expected: [],
    operator: 'deepStrictEqual',
    diff: 'simple'
  }
  
  Node.js v24.13.1
  
  
  1 !== 0
  
      at TestContext.<anonymous> (file:///D:/jero-pi/jero-pi/tests/asset-installation-runtime.test.ts:102:11)
      at Test.runInAsyncScope (node:async_hooks:214:14)
      at Test.run (node:internal/test_runner/test:1103:25)
      at Test.start (node:internal/test_runner/test:1000:17)
      at startSubtestAfterBootstrap (node:internal/test_runner/harness:358:17) {
    generatedMessage: false,
    code: 'ERR_ASSERTION',
    actual: 1,
    expected: 0,
    operator: 'strictEqual',
    diff: 'simple'
  }

test at tests\feature-request-form.test.ts:17:1
✖ feature request form has supported structure and only intake labels (1.8343ms)
  Error: ENOENT: no such file or directory, open 'D:\jero-pi\jero-pi\.github\ISSUE_TEMPLATE\feature_request.yml'
      at readFileSync (node:fs:439:20)
      at readForm (file:///D:/jero-pi/jero-pi/tests/feature-request-form.test.ts:12:33)
      at TestContext.<anonymous> (file:///D:/jero-pi/jero-pi/tests/feature-request-form.test.ts:18:15)
      at Test.runInAsyncScope (node:async_hooks:214:14)
      at Test.run (node:internal/test_runner/test:1103:25)
      at Test.start (node:internal/test_runner/test:1000:17)
      at startSubtestAfterBootstrap (node:internal/test_runner/harness:358:17) {
    errno: -4058,
    code: 'ENOENT',
    syscall: 'open',
    path: 'D:\\jero-pi\\jero-pi\\.github\\ISSUE_TEMPLATE\\feature_request.yml'
  }

test at tests\feature-request-form.test.ts:40:1
✖ duplicate and privacy affirmations are individually required (0.3754ms)
  Error: ENOENT: no such file or directory, open 'D:\jero-pi\jero-pi\.github\ISSUE_TEMPLATE\feature_request.yml'
      at readFileSync (node:fs:439:20)
      at readForm (file:///D:/jero-pi/jero-pi/tests/feature-request-form.test.ts:12:33)
      at TestContext.<anonymous> (file:///D:/jero-pi/jero-pi/tests/feature-request-form.test.ts:41:22)
      at Test.runInAsyncScope (node:async_hooks:214:14)
      at Test.run (node:internal/test_runner/test:1103:25)
      at Test.processPendingSubtests (node:internal/test_runner/test:785:18)
      at Test.postRun (node:internal/test_runner/test:1232:19)
      at Test.run (node:internal/test_runner/test:1160:12)
      at async startSubtestAfterBootstrap (node:internal/test_runner/harness:358:3) {
    errno: -4058,
    code: 'ENOENT',
    syscall: 'open',
    path: 'D:\\jero-pi\\jero-pi\\.github\\ISSUE_TEMPLATE\\feature_request.yml'
  }

test at tests\feature-request-form.test.ts:55:1
✖ feature questions require problem and outcome but keep alternatives and context optional (0.316ms)
  Error: ENOENT: no such file or directory, open 'D:\jero-pi\jero-pi\.github\ISSUE_TEMPLATE\feature_request.yml'
      at readFileSync (node:fs:439:20)
      at readForm (file:///D:/jero-pi/jero-pi/tests/feature-request-form.test.ts:12:33)
      at TestContext.<anonymous> (file:///D:/jero-pi/jero-pi/tests/feature-request-form.test.ts:56:20)
      at Test.runInAsyncScope (node:async_hooks:214:14)
      at Test.run (node:internal/test_runner/test:1103:25)
      at Test.processPendingSubtests (node:internal/test_runner/test:785:18)
      at Test.postRun (node:internal/test_runner/test:1232:19)
      at Test.run (node:internal/test_runner/test:1160:12)
      at async Test.processPendingSubtests (node:internal/test_runner/test:785:7) {
    errno: -4058,
    code: 'ENOENT',
    syscall: 'open',
    path: 'D:\\jero-pi\\jero-pi\\.github\\ISSUE_TEMPLATE\\feature_request.yml'
  }

test at tests\gentle-ai-dev-binary-surfacing.test.ts:64:1
✖ jero:doctor and jero:status surface the active dev-binary override loudly (47.2762ms)
  AssertionError [ERR_ASSERTION]: jero:doctor: el Gentleman doctor
  warn: Global delegation assets stale: 3 file(s) — run /jero:install-delegation --force to refresh managed assets
  warn: Global review assets stale: 8 file(s) — run /jero:install-review --force to refresh managed assets
  info: Global SDD assets: on demand (not installed)
  warn: OpenSpec config missing
  warn: Skill registry missing
  pass: Global model config missing
  pass: Sensitive-path guard active for read/write/edit tools
  warn: Engram memory tools not active in this session
  warn: Gentle AI dev binary override active (unpinned, field-test only): C:\Users\Administrator\AppData\Local\Temp\jero-pi-dev-surface-bin-Zb8UOo\gentle-ai version unavailable sha256:8fd735543ec2fa59
      at file:///D:/jero-pi/jero-pi/tests/gentle-ai-dev-binary-surfacing.test.ts:77:12
      at process.processTicksAndRejections (node:internal/process/task_queues:103:5)
      at async withDevOverride (file:///D:/jero-pi/jero-pi/tests/gentle-ai-dev-binary-surfacing.test.ts:58:10)
      at async TestContext.<anonymous> (file:///D:/jero-pi/jero-pi/tests/gentle-ai-dev-binary-surfacing.test.ts:68:3)
      at async Test.run (node:internal/test_runner/test:1110:7)
      at async startSubtestAfterBootstrap (node:internal/test_runner/harness:358:3) {
    generatedMessage: false,
    code: 'ERR_ASSERTION',
    actual: false,
    expected: true,
    operator: '==',
    diff: 'simple'
  }

test at tests\gentle-ai-dev-binary-surfacing.test.ts:167:1
✖ session start announces the active override once, loudly (92.3963ms)
  AssertionError [ERR_ASSERTION]: [{"message":"Gentle AI dev binary override active (unpinned, field-test only): C:\\Users\\Administrator\\AppData\\Local\\Temp\\jero-pi-dev-surface-bin-XR3419\\gentle-ai version unavailable sha256:8fd735543ec2fa59","severity":"warning"}]
      at file:///D:/jero-pi/jero-pi/tests/gentle-ai-dev-binary-surfacing.test.ts:188:11
      at async withDevOverride (file:///D:/jero-pi/jero-pi/tests/gentle-ai-dev-binary-surfacing.test.ts:58:10)
      at async TestContext.<anonymous> (file:///D:/jero-pi/jero-pi/tests/gentle-ai-dev-binary-surfacing.test.ts:171:3)
      at async Test.run (node:internal/test_runner/test:1110:7)
      at async Test.processPendingSubtests (node:internal/test_runner/test:785:7) {
    generatedMessage: false,
    code: 'ERR_ASSERTION',
    actual: undefined,
    expected: true,
    operator: '==',
    diff: 'simple'
  }

test at tests\gentle-ai-dev-binary.test.ts:54:1
✖ the explicit env override resolves a verified dev binary and never changes the pinned path (7.3311ms)
  Error [GentleAiDevBinaryOverrideError]: dev-binary-override-invalid: GENTLE_PI_GENTLE_AI_DEV_BINARY names "C:\Users\Administrator\AppData\Local\Temp\jero-pi-dev-bin-P7MDdA\gentle-ai", which is not a POSIX executable. Fix or remove the override; the pinned binary is never used silently while an override is declared.
      at validateDevBinary (file:///D:/jero-pi/jero-pi/lib/core/gentle-ai-binary.ts:130:66)
      at resolveGentleAiDevBinaryOverride (file:///D:/jero-pi/jero-pi/lib/core/gentle-ai-binary.ts:172:60)
      at TestContext.<anonymous> (file:///D:/jero-pi/jero-pi/tests/gentle-ai-dev-binary.test.ts:61:19)
      at async Test.run (node:internal/test_runner/test:1110:7)
      at async startSubtestAfterBootstrap (node:internal/test_runner/harness:358:3) {
    code: 'dev-binary-override-invalid',
    source: 'env',
    origin: 'GENTLE_PI_GENTLE_AI_DEV_BINARY'
  }

test at tests\gentle-ai-dev-binary.test.ts:75:1
✖ a registration is strict, env wins, and unregister restores the pinned resolver (3.5176ms)
  Error [GentleAiDevBinaryOverrideError]: dev-binary-override-invalid: C:\Users\Administrator\AppData\Local\Temp\jero-pi-dev-home-GGjy47\.pi\gentle-ai\dev-binary.json names "C:\Users\Administrator\AppData\Local\Temp\jero-pi-dev-bin-HSpfL7\gentle-ai", which is not a POSIX executable. Fix or remove the override; the pinned binary is never used silently while an override is declared.
      at validateDevBinary (file:///D:/jero-pi/jero-pi/lib/core/gentle-ai-binary.ts:130:66)
      at registerGentleAiDevBinary (file:///D:/jero-pi/jero-pi/lib/core/gentle-ai-binary.ts:197:20)
      at TestContext.<anonymous> (file:///D:/jero-pi/jero-pi/tests/gentle-ai-dev-binary.test.ts:81:27)
      at async Test.run (node:internal/test_runner/test:1110:7)
      at async Test.processPendingSubtests (node:internal/test_runner/test:785:7) {
    code: 'dev-binary-override-invalid',
    source: 'registration',
    origin: 'C:\\Users\\Administrator\\AppData\\Local\\Temp\\jero-pi-dev-home-GGjy47\\.pi\\gentle-ai\\dev-binary.json'
  }

test at tests\gentle-ai-dev-binary.test.ts:147:1
✖ registered binary replacement is observed on the next resolution (3.3522ms)
  Error [GentleAiDevBinaryOverrideError]: dev-binary-override-invalid: C:\Users\Administrator\AppData\Local\Temp\jero-pi-dev-home-ClZtEw\.pi\gentle-ai\dev-binary.json names "C:\Users\Administrator\AppData\Local\Temp\jero-pi-dev-bin-k138eh\gentle-ai", which is not a POSIX executable. Fix or remove the override; the pinned binary is never used silently while an override is declared.
      at validateDevBinary (file:///D:/jero-pi/jero-pi/lib/core/gentle-ai-binary.ts:130:66)
      at resolveGentleAiDevBinaryOverride (file:///D:/jero-pi/jero-pi/lib/core/gentle-ai-binary.ts:175:9)
      at TestContext.<anonymous> (file:///D:/jero-pi/jero-pi/tests/gentle-ai-dev-binary.test.ts:153:16)
      at async Test.run (node:internal/test_runner/test:1110:7)
      at async Test.processPendingSubtests (node:internal/test_runner/test:785:7) {
    code: 'dev-binary-override-invalid',
    source: 'registration',
    origin: 'C:\\Users\\Administrator\\AppData\\Local\\Temp\\jero-pi-dev-home-ClZtEw\\.pi\\gentle-ai\\dev-binary.json'
  }

test at tests\gentle-ai-installer.test.ts:607:1
✖ Darwin/Linux signed bundles retain their four-field manifest and reusable compatibility (35.6144ms)
  Error: signed bundle must be reused
      at download (file:///D:/jero-pi/jero-pi/tests/gentle-ai-installer.test.ts:626:82)
      at downloadPinnedGentleAiAsset (file:///D:/jero-pi/jero-pi/scripts/gentle-ai-installer.mjs:96:9)
      at file:///D:/jero-pi/jero-pi/scripts/gentle-ai-installer.mjs:663:10
      at async withInstallLock (file:///D:/jero-pi/jero-pi/scripts/gentle-ai-installer.mjs:616:15)
      at async TestContext.<anonymous> (file:///D:/jero-pi/jero-pi/tests/gentle-ai-installer.test.ts:626:16)
      at async Test.run (node:internal/test_runner/test:1110:7)
      at async Test.processPendingSubtests (node:internal/test_runner/test:785:7)

test at tests\gentle-ai-installer.test.ts:695:1
✖ extractors use only absolute trusted system paths, never lifecycle PATH or SystemRoot (0.5467ms)
  Error: Gentle AI installer requires a trusted system tar extractor
      at trustedSystemExtractor (file:///D:/jero-pi/jero-pi/scripts/gentle-ai-installer.mjs:221:22)
      at TestContext.<anonymous> (file:///D:/jero-pi/jero-pi/tests/gentle-ai-installer.test.ts:696:20)
      at Test.runInAsyncScope (node:async_hooks:214:14)
      at Test.run (node:internal/test_runner/test:1103:25)
      at Test.processPendingSubtests (node:internal/test_runner/test:785:18)
      at Test.postRun (node:internal/test_runner/test:1232:19)
      at Test.run (node:internal/test_runner/test:1160:12)
      at async Test.processPendingSubtests (node:internal/test_runner/test:785:7)

test at tests\gentle-ai-installer.test.ts:758:1
✖ installer promotes only the expected regular executable with executable POSIX mode (33.5277ms)
  AssertionError [ERR_ASSERTION]: The expression evaluated to a falsy value:
  
    assert.ok(((await stat(binary)).mode & 0o111) !== 0)
  
      at TestContext.<anonymous> (file:///D:/jero-pi/jero-pi/tests/gentle-ai-installer.test.ts:779:9)
      at async Test.run (node:internal/test_runner/test:1110:7)
      at async Test.processPendingSubtests (node:internal/test_runner/test:785:7) {
    generatedMessage: true,
    code: 'ERR_ASSERTION',
    actual: false,
    expected: true,
    operator: '==',
    diff: 'simple'
  }

test at tests\jero-agents.test.ts:1:1
✖ tests\jero-agents.test.ts (1956.1706ms)
  'test failed'

test at tests\jero-ai.test.ts:727:1
✖ managed routing timeout leaves its profile, agent, and manifest unchanged (3.9146ms)
  Error: ENOENT: no such file or directory, open 'C:\Users\Administrator\AppData\Local\Temp\jero-pi-managed-routing-timeout-BahbQQ\agent-home\agents\sdd-apply.md'
      at readFileSync (node:fs:439:20)
      at TestContext.<anonymous> (file:///D:/jero-pi/jero-pi/tests/jero-ai.test.ts:744:22)
      at Test.runInAsyncScope (node:async_hooks:214:14)
      at Test.run (node:internal/test_runner/test:1103:25)
      at Test.processPendingSubtests (node:internal/test_runner/test:785:18)
      at Test.postRun (node:internal/test_runner/test:1232:19)
      at Test.run (node:internal/test_runner/test:1160:12)
      at async Test.processPendingSubtests (node:internal/test_runner/test:785:7) {
    errno: -4058,
    code: 'ENOENT',
    syscall: 'open',
    path: 'C:\\Users\\Administrator\\AppData\\Local\\Temp\\jero-pi-managed-routing-timeout-BahbQQ\\agent-home\\agents\\sdd-apply.md'
  }

test at tests\jero-ai.test.ts:760:1
✖ a later alias keeps managed-root precedence and manifest ownership (9.8316ms)
  AssertionError [ERR_ASSERTION]: Expected values to be strictly equal:
  + actual - expected
  
  + 'C:\\Users\\Administrator\\AppData\\Local\\Temp\\jero-pi-agent-root-alias-0XMa4S\\agent-home\\subagents\\sdd-apply.md'
  - 'C:\\Users\\Administrator\\AppData\\Local\\Temp\\jero-pi-agent-root-alias-0XMa4S\\agent-home\\agents\\sdd-apply.md'
  
      at TestContext.<anonymous> (file:///D:/jero-pi/jero-pi/tests/jero-ai.test.ts:795:9)
      at Test.runInAsyncScope (node:async_hooks:214:14)
      at Test.run (node:internal/test_runner/test:1103:25)
      at Test.processPendingSubtests (node:internal/test_runner/test:785:18)
      at Test.postRun (node:internal/test_runner/test:1232:19)
      at Test.run (node:internal/test_runner/test:1160:12)
      at async Test.processPendingSubtests (node:internal/test_runner/test:785:7) {
    generatedMessage: true,
    code: 'ERR_ASSERTION',
    actual: 'C:\\Users\\Administrator\\AppData\\Local\\Temp\\jero-pi-agent-root-alias-0XMa4S\\agent-home\\subagents\\sdd-apply.md',
    expected: 'C:\\Users\\Administrator\\AppData\\Local\\Temp\\jero-pi-agent-root-alias-0XMa4S\\agent-home\\agents\\sdd-apply.md',
    operator: 'strictEqual',
    diff: 'simple'
  }

test at tests\jero-shell.test.ts:515:1
✖ registered canonical root governs real Git discovery, status and diff despite inherited routing (528.7575ms)
  AssertionError [ERR_ASSERTION]: The input did not match the regular expression /worktree C:\Users\Administrator\AppData\Local\Temp\shell-git-routing-HD2k5o\selected/. Input:
  
  'worktree C:/Users/Administrator/AppData/Local/Temp/shell-git-routing-HD2k5o/selected\x00HEAD b83c6c250364f3ff7f64673f8d69bf15b026119b\x00branch refs/heads/main\x00\x00'
  
      at TestContext.<anonymous> (file:///D:/jero-pi/jero-pi/tests/jero-shell.test.ts:548:9)
      at async Test.run (node:internal/test_runner/test:1110:7)
      at async Test.processPendingSubtests (node:internal/test_runner/test:785:7) {
    generatedMessage: true,
    code: 'ERR_ASSERTION',
    actual: 'worktree C:/Users/Administrator/AppData/Local/Temp/shell-git-routing-HD2k5o/selected\x00HEAD b83c6c250364f3ff7f64673f8d69bf15b026119b\x00branch refs/heads/main\x00\x00',
    expected: /worktree C:\Users\Administrator\AppData\Local\Temp\shell-git-routing-HD2k5o\selected/,
    operator: 'match',
    diff: 'simple'
  }

test at tests\native-review-cli.test.ts:86:1
✖ native SDD status executes its exact selected-root argv and returns only a validated v2 authority (2.1709ms)
  Error [NativeReviewCliError]: native response is schema incompatible
      at decode (file:///D:/jero-pi/jero-pi/lib/native/native-review-cli.ts:1156:107)
      at NativeReviewCliV216.sddProjection (file:///D:/jero-pi/jero-pi/lib/native/native-review-cli.ts:2197:10)
      at async TestContext.<anonymous> (file:///D:/jero-pi/jero-pi/tests/native-review-cli.test.ts:89:17)
      at async Test.run (node:internal/test_runner/test:1110:7)
      at async startSubtestAfterBootstrap (node:internal/test_runner/harness:358:3) {
    code: 'schema-incompatible',
    operation: 'sdd-status',
    launchAttempted: true,
    mutating: false,
    mutationOutcome: 'none',
    nextAction: undefined,
    diagnostics: { operation: 'sdd-status', error_code: 'schema-incompatible', timed_out: false, output_limit_exceeded: false },
    auditRecord: undefined
  }

test at tests\native-review-cli.test.ts:102:1
✖ native SDD status rejects malformed v2 identities, dependencies, instructions, and blockers (0.6475ms)
  AssertionError [ERR_ASSERTION]: Got unwanted exception.
  Actual message: "native SDD planning home escaped its workspace"
      at TestContext.<anonymous> (file:///D:/jero-pi/jero-pi/tests/native-review-cli.test.ts:104:9)
      at Test.runInAsyncScope (node:async_hooks:214:14)
      at Test.run (node:internal/test_runner/test:1103:25)
      at Test.processPendingSubtests (node:internal/test_runner/test:785:18)
      at Test.postRun (node:internal/test_runner/test:1232:19)
      at Test.run (node:internal/test_runner/test:1160:12)
      at async startSubtestAfterBootstrap (node:internal/test_runner/harness:358:3) {
    generatedMessage: false,
    code: 'ERR_ASSERTION',
    actual: Error: native SDD planning home escaped its workspace
        at decodeNativeSddStatusV2 (file:///D:/jero-pi/jero-pi/lib/native/native-review-cli.ts:1453:159)
        at file:///D:/jero-pi/jero-pi/tests/native-review-cli.test.ts:104:28
        at getActual (node:assert:611:5)
        at strict.doesNotThrow (node:assert:779:32)
        at TestContext.<anonymous> (file:///D:/jero-pi/jero-pi/tests/native-review-cli.test.ts:104:9)
        at Test.runInAsyncScope (node:async_hooks:214:14)
        at Test.run (node:internal/test_runner/test:1103:25)
        at Test.processPendingSubtests (node:internal/test_runner/test:785:18)
        at Test.postRun (node:internal/test_runner/test:1232:19)
        at Test.run (node:internal/test_runner/test:1160:12),
    expected: undefined,
    operator: 'doesNotThrow',
    diff: 'simple'
  }

test at tests\native-review-cli.test.ts:136:1
✖ native v2 read-only decoding preserves omitted optional phaseInstructions (0.1406ms)
  Error: native SDD planning home escaped its workspace
      at decodeNativeSddStatusV2 (file:///D:/jero-pi/jero-pi/lib/native/native-review-cli.ts:1453:159)
      at TestContext.<anonymous> (file:///D:/jero-pi/jero-pi/tests/native-review-cli.test.ts:139:15)
      at Test.runInAsyncScope (node:async_hooks:214:14)
      at Test.run (node:internal/test_runner/test:1103:25)
      at Test.processPendingSubtests (node:internal/test_runner/test:785:18)
      at Test.postRun (node:internal/test_runner/test:1232:19)
      at Test.run (node:internal/test_runner/test:1160:12)
      at async Test.processPendingSubtests (node:internal/test_runner/test:785:7)

test at tests\native-review-cli.test.ts:1004:1
✖ native continuation uses a distinct mutating operation and the same v2 decoder (0.4085ms)
  Error [NativeReviewCliError]: native response is schema incompatible
      at decode (file:///D:/jero-pi/jero-pi/lib/native/native-review-cli.ts:1156:107)
      at NativeReviewCliV216.sddProjection (file:///D:/jero-pi/jero-pi/lib/native/native-review-cli.ts:2197:10)
      at async TestContext.<anonymous> (file:///D:/jero-pi/jero-pi/tests/native-review-cli.test.ts:1008:16)
      at async Test.run (node:internal/test_runner/test:1110:7)
      at async Test.processPendingSubtests (node:internal/test_runner/test:785:7) {
    code: 'schema-incompatible',
    operation: 'sdd-continue',
    launchAttempted: true,
    mutating: true,
    mutationOutcome: 'unknown',
    nextAction: 'review.status',
    diagnostics: { operation: 'sdd-continue', error_code: 'schema-incompatible', timed_out: false, output_limit_exceeded: false },
    auditRecord: undefined
  }

test at tests\native-review-cli.test.ts:1014:1
✖ native discovery preserves nullable selection and rejects an invented selected identity (0.2159ms)
  Error: native SDD planning home escaped its workspace
      at decodeNativeSddStatusV2 (file:///D:/jero-pi/jero-pi/lib/native/native-review-cli.ts:1453:159)
      at TestContext.<anonymous> (file:///D:/jero-pi/jero-pi/tests/native-review-cli.test.ts:1016:15)
      at Test.runInAsyncScope (node:async_hooks:214:14)
      at Test.run (node:internal/test_runner/test:1103:25)
      at Test.processPendingSubtests (node:internal/test_runner/test:785:18)
      at Test.postRun (node:internal/test_runner/test:1232:19)
      at Test.run (node:internal/test_runner/test:1160:12)
      at async Test.processPendingSubtests (node:internal/test_runner/test:785:7)

test at tests\native-review-cli.test.ts:1020:1
✖ all twelve native actions retain their exact tokens without prose routing (0.2163ms)
  Error: native SDD planning home escaped its workspace
      at decodeNativeSddStatusV2 (file:///D:/jero-pi/jero-pi/lib/native/native-review-cli.ts:1453:159)
      at TestContext.<anonymous> (file:///D:/jero-pi/jero-pi/tests/native-review-cli.test.ts:1023:16)
      at Test.runInAsyncScope (node:async_hooks:214:14)
      at Test.run (node:internal/test_runner/test:1103:25)
      at Test.processPendingSubtests (node:internal/test_runner/test:785:18)
      at Test.postRun (node:internal/test_runner/test:1232:19)
      at Test.run (node:internal/test_runner/test:1160:12)
      at async Test.processPendingSubtests (node:internal/test_runner/test:785:7)

test at tests\opaque-pi-reviewer-adapter.test.ts:110:1
✖ the opaque adapter streams arbitrary prompt and stdout bytes verbatim through the fixed Pi subprocess (15.611ms)
  Error [OpaquePiReviewerTransportError]: Pi process could not start: spawn C:\Users\Administrator\AppData\Local\Temp\jero-pi-opaque-reviewer-B9Lxy8\pi ENOENT
      at runOpaquePiReviewer (file:///D:/jero-pi/jero-pi/lib/review/opaque-pi-reviewer-adapter.ts:225:10)
      at process.processTicksAndRejections (node:internal/process/task_queues:103:5)
      at async TestContext.<anonymous> (file:///D:/jero-pi/jero-pi/tests/opaque-pi-reviewer-adapter.test.ts:112:17)
      at async Test.run (node:internal/test_runner/test:1110:7)
      at async startSubtestAfterBootstrap (node:internal/test_runner/harness:358:3) {
    kind: 'launch-failed',
    exitCode: null,
    stderr: <Buffer >,
    timedOut: false,
    cancelled: false,
    elapsedMs: null,
    timeoutMs: null
  }

test at tests\opaque-pi-reviewer-adapter.test.ts:132:1
✖ the opaque adapter returns typed transport errors for launch, nonzero, empty, timeout, and cancellation (12.4967ms)
  AssertionError [ERR_ASSERTION]: The validation function is expected to return "true". Received false
  
  Caught error:
  
  OpaquePiReviewerTransportError: Pi process could not start: spawn C:\Users\Administrator\AppData\Local\Temp\jero-pi-opaque-reviewer-l1Xh2v\pi ENOENT
      at async rejectsWithTransportError (file:///D:/jero-pi/jero-pi/tests/opaque-pi-reviewer-adapter.test.ts:102:2)
      at async TestContext.<anonymous> (file:///D:/jero-pi/jero-pi/tests/opaque-pi-reviewer-adapter.test.ts:139:18)
      at async Test.run (node:internal/test_runner/test:1110:7)
      at async Test.processPendingSubtests (node:internal/test_runner/test:785:7) {
    generatedMessage: true,
    code: 'ERR_ASSERTION',
    actual: OpaquePiReviewerTransportError: Pi process could not start: spawn C:\Users\Administrator\AppData\Local\Temp\jero-pi-opaque-reviewer-l1Xh2v\pi ENOENT
        at runOpaquePiReviewer (file:///D:/jero-pi/jero-pi/lib/review/opaque-pi-reviewer-adapter.ts:225:10)
        at process.processTicksAndRejections (node:internal/process/task_queues:103:5)
        at async waitForActual (node:assert:646:5)
        at async strict.rejects (node:assert:769:25)
        at async rejectsWithTransportError (file:///D:/jero-pi/jero-pi/tests/opaque-pi-reviewer-adapter.test.ts:102:2)
        at async TestContext.<anonymous> (file:///D:/jero-pi/jero-pi/tests/opaque-pi-reviewer-adapter.test.ts:139:18)
        at async Test.run (node:internal/test_runner/test:1110:7)
        at async Test.processPendingSubtests (node:internal/test_runner/test:785:7),
    operator: 'rejects',
    diff: 'simple'
  }

test at tests\opaque-pi-reviewer-adapter.test.ts:169:1
✖ the opaque adapter leaves no prompt or result file in scratch and reports cleanup failure as transport-only (10.7497ms)
  AssertionError [ERR_ASSERTION]: The validation function is expected to return "true". Received false
  
  Caught error:
  
  OpaquePiReviewerTransportError: Pi process could not start: spawn C:\Users\Administrator\AppData\Local\Temp\jero-pi-opaque-reviewer-FglfAP\pi ENOENT
      at async rejectsWithTransportError (file:///D:/jero-pi/jero-pi/tests/opaque-pi-reviewer-adapter.test.ts:102:2)
      at async TestContext.<anonymous> (file:///D:/jero-pi/jero-pi/tests/opaque-pi-reviewer-adapter.test.ts:175:17)
      at async Test.run (node:internal/test_runner/test:1110:7)
      at async Test.processPendingSubtests (node:internal/test_runner/test:785:7) {
    generatedMessage: true,
    code: 'ERR_ASSERTION',
    actual: OpaquePiReviewerTransportError: Pi process could not start: spawn C:\Users\Administrator\AppData\Local\Temp\jero-pi-opaque-reviewer-FglfAP\pi ENOENT
        at runOpaquePiReviewer (file:///D:/jero-pi/jero-pi/lib/review/opaque-pi-reviewer-adapter.ts:225:10)
        at process.processTicksAndRejections (node:internal/process/task_queues:103:5)
        at async waitForActual (node:assert:646:5)
        at async strict.rejects (node:assert:769:25)
        at async rejectsWithTransportError (file:///D:/jero-pi/jero-pi/tests/opaque-pi-reviewer-adapter.test.ts:102:2)
        at async TestContext.<anonymous> (file:///D:/jero-pi/jero-pi/tests/opaque-pi-reviewer-adapter.test.ts:175:17)
        at async Test.run (node:internal/test_runner/test:1110:7)
        at async Test.processPendingSubtests (node:internal/test_runner/test:785:7),
    operator: 'rejects',
    diff: 'simple'
  }

test at tests\opaque-pi-reviewer-adapter.test.ts:192:1
✖ the opaque adapter preserves primary nonzero and timeout errors when scratch cleanup also fails (9.0411ms)
  AssertionError [ERR_ASSERTION]: The validation function is expected to return "true". Received false
  
  Caught error:
  
  OpaquePiReviewerTransportError: Pi process could not start: spawn C:\Users\Administrator\AppData\Local\Temp\jero-pi-opaque-reviewer-7bVFuO\pi ENOENT
      at async rejectsWithTransportError (file:///D:/jero-pi/jero-pi/tests/opaque-pi-reviewer-adapter.test.ts:102:2)
      at async TestContext.<anonymous> (file:///D:/jero-pi/jero-pi/tests/opaque-pi-reviewer-adapter.test.ts:198:19)
      at async Test.run (node:internal/test_runner/test:1110:7)
      at async Test.processPendingSubtests (node:internal/test_runner/test:785:7) {
    generatedMessage: true,
    code: 'ERR_ASSERTION',
    actual: OpaquePiReviewerTransportError: Pi process could not start: spawn C:\Users\Administrator\AppData\Local\Temp\jero-pi-opaque-reviewer-7bVFuO\pi ENOENT
        at runOpaquePiReviewer (file:///D:/jero-pi/jero-pi/lib/review/opaque-pi-reviewer-adapter.ts:225:10)
        at process.processTicksAndRejections (node:internal/process/task_queues:103:5)
        at async waitForActual (node:assert:646:5)
        at async strict.rejects (node:assert:769:25)
        at async rejectsWithTransportError (file:///D:/jero-pi/jero-pi/tests/opaque-pi-reviewer-adapter.test.ts:102:2)
        at async TestContext.<anonymous> (file:///D:/jero-pi/jero-pi/tests/opaque-pi-reviewer-adapter.test.ts:198:19)
        at async Test.run (node:internal/test_runner/test:1110:7)
        at async Test.processPendingSubtests (node:internal/test_runner/test:785:7),
    operator: 'rejects',
    diff: 'simple'
  }

test at tests\openspec-guardrails.test.ts:13:1
✖ detectActiveDomainCollisions finds other active changes touching the same domain (10.2159ms)
  AssertionError [ERR_ASSERTION]: The input did not match the regular expression /openspec\/changes\/other\/specs\/sdd-openspec\/spec\.md$/. Input:
  
  'C:\\Users\\Administrator\\AppData\\Local\\Temp\\jero-pi-guardrails-FwfgJT\\openspec\\changes\\other\\specs\\sdd-openspec\\spec.md'
  
      at TestContext.<anonymous> (file:///D:/jero-pi/jero-pi/tests/openspec-guardrails.test.ts:25:9)
      at async Test.run (node:internal/test_runner/test:1110:7)
      at async startSubtestAfterBootstrap (node:internal/test_runner/harness:358:3) {
    generatedMessage: true,
    code: 'ERR_ASSERTION',
    actual: 'C:\\Users\\Administrator\\AppData\\Local\\Temp\\jero-pi-guardrails-FwfgJT\\openspec\\changes\\other\\specs\\sdd-openspec\\spec.md',
    expected: /openspec\/changes\/other\/specs\/sdd-openspec\/spec\.md$/,
    operator: 'match',
    diff: 'simple'
  }

test at tests\orchestrator-budget.test.ts:139:1
✖ getOrchestratorPrompt keeps a controlled long (>= 93 char) assets root within the canonical budget (87.4796ms)
  AssertionError [ERR_ASSERTION]: measure-orchestrator-prompt.mjs exited 1 (stderr: node:internal/modules/esm/load:195
      throw new ERR_UNSUPPORTED_ESM_URL_SCHEME(parsed, schemes);
            ^
  
  Error [ERR_UNSUPPORTED_ESM_URL_SCHEME]: Only URLs with a scheme in: file, data, and node are supported by the default ESM loader. On Windows, absolute paths must be valid file:// URLs. Received protocol 'd:'
      at throwIfUnsupportedURLScheme (node:internal/modules/esm/load:195:11)
      at defaultLoadSync (node:internal/modules/esm/load:142:3)
      at #loadAndMaybeBlockOnLoaderThread (node:internal/modules/esm/loader:796:12)
      at #loadSync (node:internal/modules/esm/loader:816:49)
      at ModuleLoader.load (node:internal/modules/esm/loader:781:26)
      at ModuleLoader.loadAndTranslate (node:internal/modules/esm/loader:526:31)
      at #getOrCreateModuleJobAfterResolve (node:internal/modules/esm/loader:577:36)
      at afterResolve (node:internal/modules/esm/loader:625:52)
      at ModuleLoader.getOrCreateModuleJob (node:internal/modules/esm/loader:631:12)
      at onImport.tracePromise.__proto__ (node:internal/modules/esm/loader:650:32) {
    code: 'ERR_UNSUPPORTED_ESM_URL_SCHEME'
  }
  
  Node.js v24.13.1
  )
  
  1 !== 0
  
      at measureOrchestratorPromptBytes (file:///D:/jero-pi/jero-pi/tests/orchestrator-budget.test.ts:105:9)
      at TestContext.<anonymous> (file:///D:/jero-pi/jero-pi/tests/orchestrator-budget.test.ts:145:16)
      at Test.runInAsyncScope (node:async_hooks:214:14)
      at Test.run (node:internal/test_runner/test:1103:25)
      at Test.processPendingSubtests (node:internal/test_runner/test:785:18)
      at Test.postRun (node:internal/test_runner/test:1232:19)
      at Test.run (node:internal/test_runner/test:1160:12)
      at async startSubtestAfterBootstrap (node:internal/test_runner/harness:358:3) {
    generatedMessage: false,
    code: 'ERR_ASSERTION',
    actual: 1,
    expected: 0,
    operator: 'strictEqual',
    diff: 'simple'
  }

test at tests\package-manifest.test.ts:163:1
✖ package manifest ships and runs the checked-in package-local Gentle AI installer (1.7211ms)
  AssertionError [ERR_ASSERTION]: The input did not match the regular expression /"lib\/gentle-ai-binary\.ts"/. Input:
  
  '#!/usr/bin/env node\n' +
    'import { spawnSync } from "node:child_process";\n' +
    'import { createHash } from "node:crypto";\n' +
    'import { existsSync, readdirSync, readFileSync, statSync } from "node:fs";\n' +
    'import { join, relative, sep } from "node:path";\n' +
    'import { fileURLToPath, pathToFileURL } from "node:url";\n' +
    '\n' +
    'const root = join(fileURLToPath(new URL("..", import.meta.url)));\n' +
    '\n' +
    'const requiredPaths = [\n' +
    '  "assets/orchestrator.md",\n' +
    '  "assets/orchestrator-delegation.md",\n' +
    '  "assets/orchestrator-memory.md",\n' +
    '  "assets/orchestrator-skills.md",\n' +
    '  "assets/sdd-orchestrator-workflow.md",\n' +
    '  "assets/agents/gentle-ai-explore.md",\n' +
    '  "assets/agents/gentle-ai-verify.md",\n' +
    '  "assets/agents/gentle-ai-worker.md",\n' +
    '  "assets/agents/jd-fix-agent.md",\n' +
    '  "assets/agents/jd-judge-a.md",\n' +
    '  "assets/agents/jd-judge-b.md",\n' +
    '  "assets/agents/review-readability.md",\n' +
    '  "assets/agents/review-reliability.md",\n' +
    '  "assets/agents/review-resilience.md",\n' +
    '  "assets/agents/review-risk.md",\n' +
    '  "assets/agents/sdd-apply.md",\n' +
    '  "assets/agents/sdd-archive.md",\n' +
    '  "assets/agents/sdd-design.md",\n' +
    '  "assets/agents/sdd-explore.md",\n' +
    '  "assets/agents/sdd-init.md",\n' +
    '  "assets/agents/sdd-onboard.md",\n' +
    '  "assets/agents/sdd-proposal.md",\n' +
    '  "assets/agents/sdd-remediate.md",\n' +
    '  "assets/agents/sdd-research.md",\n' +
    '  "assets/agents/sdd-spec.md",\n' +
    '  "assets/agents/sdd-status.md",\n' +
    '  "assets/agents/sdd-sync.md",\n' +
    '  "assets/agents/sdd-tasks.md",\n' +
    '  "assets/agents/sdd-verify.md",\n' +
    '  "assets/chains/4r-review.chain.md",\n' +
    '  "assets/chains/sdd-full.chain.md",\n' +
    '  "assets/chains/sdd-plan.chain.md",\n' +
    '  "assets/chains/sdd-verify.chain.md",\n' +
    '  "assets/migrations/managed-assets-v0.10.7.json",\n' +
    '  "assets/migrations/managed-assets-v0.13.json",\n' +
    '  "assets/migrations/managed-assets-v0.14.json",\n' +
    '  "assets/support/sdd-status-contract.md",\n' +
    '  "assets/support/strict-tdd.md",\n' +
    '  "assets/support/strict-tdd-verify.md",\n' +
    '  "docs/delegated-verification.md",\n' +
    '  "docs/native-authority-architecture.md",\n' +
    '  "docs/skill-style-guide.md",\n' +
    '  "docs/review-integration.md",\n' +
    '  "extensions/jero-ai.ts",\n' +
    '  "extensions/sdd-init.ts",\n' +
    '  "extensions/skill-registry.ts",\n' +
    '  "lib/core/gentle-ai-binary.ts",\n' +
    '  "lib/native/native-review-cli.ts",\n' +
    '  "lib/core/provider-contract-bundle.ts",\n' +
    '  "lib/review/review-host-relay.ts",\n' +
    '  "lib/review/review-integration-v2.ts",\n' +
    '  "lib/review/review-relay-contract.ts",\n' +
    '  "lib/sdd/sdd-preflight.ts",\n' +
    '  "lib/core/telemetry-trigger.ts",\n' +
    '\t"runtime/gentle-ai-binary.mjs",\n' +
    '\t"runtime/native-review-cli.mjs",\n' +
    '\t"runtime/review-integration-v2.mjs",\n' +
    '\t"runtime/review-risk-assessment.mjs",\n' +
    '\t"runtime/review-relay-contract.mjs",\n' +
    '\t"runtime/telemetry-trigger.mjs",\n' +
    '  "scripts/check-provider-contract.mjs",\n' +
    '  "scripts/gentle-ai-installer.mjs",\n' +
    '  "scripts/install-gentle-ai.mjs",\n' +
    '  "scripts/mirror-provider-contract.mjs",\n' +
    '  "tests/fixtures/native-review-cli/v2.1.3/start.json",\n' +
    '  "tests/fixtures/provider-contract-bundle/v1.1.0/README.md",\n' +
    '  "tests/fixtures/provider-contract-bundle/v1.1.0/manifest.json",\n' +
    '  "tests/fixtures/provider-contract-bundle/v1.1.0/schemas/lens.schema.json",\n' +
    '  "tests/fixtures/provider-contract-bundle/v1.1.0/schemas/refuter.schema.json",\n' +
    '  "tests/fixtures/provider-contract-bundle/v1.1.0/schemas/targeted-validator.schema.json",\n' +
    '  "tests/fixtures/provider-contract-bundle/v1.1.0/vectors/lens.json",\n' +
    '  "tests/fixtures/provider-contract-bundle/v1.1.0/vectors/refuter.json",\n' +
    '  "tests/fixtures/provider-contract-bundle/v1.1.0/vectors/targeted-validator.json",\n' +
    '  // Provider contract mirror (gentle-pi#311 P1/P2). Presence is enforced here;\n' +
    '  // exact bytes are pinned by the lock-driven scripts/check-provider-contract.mjs\n' +
    '  // drift check, which runs in the same pnpm test flow.\n' +
    '  "contracts/review-provider-contract-mirror/provider-contract.lock.json",\n' +
    '  "contracts/review-provider-contract-mirror/v1.2.0/bundle/README.md",\n' +
    '  "contracts/review-provider-contract-mirror/v1.2.0/bundle/manifest.json",\n' +
    '  "contracts/review-provider-contract-mirror/v1.2.0/bundle/orchestration/pi.md",\n' +
    '  "contracts/review-provider-contract-mirror/v1.2.0/bundle/schemas/lens.schema.json",\n' +
    '  "contracts/review-provider-contract-mirror/v1.2.0/bundle/schemas/refuter.schema.json",\n' +
    '  "contracts/review-provider-contract-mirror/v1.2.0/bundle/schemas/targeted-validator.schema.json",\n' +
    '  "contracts/review-provider-contract-mirror/v1.2.0/bundle/vectors/lens.json",\n' +
    '  "contracts/review-provider-contract-mirror/v1.2.0/bundle/vectors/refuter.json",\n' +
    '  "contracts/review-provider-contract-mirror/v1.2.0/bundle/vectors/targeted-validator.json",\n' +
    '  "contracts/review-provider-contract-mirror/v1.2.0/generated/provider-capabilities.baseline.json",\n' +
    '  "contracts/review-provider-contract-mirror/v1.2.0/generated/provider-roles.baseline.json",\n' +
    '  "prompts/skill-creation.md",\n' +
    '  "skills/_shared/review-ledger-contract.md",\n' +
    '  "skills/branch-pr/SKILL.md",\n' +
    '  "skills/chained-pr/SKILL.md",\n' +
    '  "skills/cognitive-doc-design/SKILL.md",\n' +
    '  "skills/comment-writer/SKILL.md",\n' +
    '  "skills/gentle-ai/SKILL.md",\n' +
    '  "skills/issue-creation/SKILL.md",\n' +
    '  "skills/judgment-day/SKILL.md",\n' +
    '  "skills/rdd-defect-workflow/SKILL.md",\n' +
    '  "skills/release/SKILL.md",\n' +
    '  "skills/skill-creator/SKILL.md",\n' +
    '  "skills/skill-improver/SKILL.md",\n' +
    '  "skills/skill-registry/SKILL.md",\n' +
    '  "skills/work-unit-commits/SKILL.md",\n' +
    '];\n' +
    '\n' +
    'const contractHashes = {\n' +
    '  "contracts/review-integration/v1/fixtures/binding-revision-conflict.fixture.json": "c2e294843cee5185324cb7a41702574ef94852517239d99e7493a1414a60b363",\n' +
    '  "contracts/review-integration/v1/fixtures/capabilities-v1.1.fixture.json": "1b3dc40dce7bfb5d3ecc7e92af68d66e71b733ba0b0f71ba94d3c633adc48bcf",\n' +
    '  "contracts/review-integration/v1/fixtures/capabilities-v1.2.fixture.json": "2970d21cd95a7fcaea6547c47a591a5151046e7ede658b3e8c5b9a9c5d106b65",\n' +
    '  "contracts/review-integration/v1/fixtures/capabilities-v1.3.fixture.json": "0ec783ea13b4c82c0b002c5caa758f33e2b488537297cc2d0694ec92176ac0cb",\n' +
    '  "contracts/review-integration/v1/fixtures/capabilities-v1.4.fixture.json": "84e0db457b76b97b35c2be772dfc647f9eab66810ea98f64fed85645c3c266ba",\n' +
    '  "contracts/review-integration/v1/fixtures/capabilities-v1.5.fixture.json": "0cc952af3767c393bde9e4785e4071615a529fd672bc94da4fcc204780524a27",\n' +
    '  "contracts/review-integration/v1/fixtures/capabilities.fixture.json": "b3ca822189a236f2d891628c665ca23e308bf5185a1701e1f07231bd970461bb",\n' +
    '  "contracts/review-integration/v1/fixtures/consent.fixture.json": "28c7c86b55f8c9dbae3a1baa8fe298c4f3a14664aba21cd4051c7f579a61a4e9",\n' +
    '  "contracts/review-integration/v1/fixtures/failure.fixture.json": "e72b6ab5e3c529abac47bd324444f84ca90f67ef0a67189f5fd8d24d199a2759",\n' +
    '  "contracts/review-integration/v1/fixtures/final-verification-incident.fixture.json": "f8bc06549e62b0bee5cf2ecde625e18da178dd18c9d3023b7d7e8fd0ebbba646",\n' +
    '  "contracts/review-integration/v1/fixtures/operation.fixture.json": "3547748a4df57382178064abbdb1cf12f1d58a75c0e9d6452fdd9beb3aaeac3a",\n' +
    '  "contracts/review-integration/v1/fixtures/repair-preflight.fixture.json": "7168cb53ad470066d0b3edc3b7911d1aebff91abd41ecc3d822f8ffa5cea6cb1",\n' +
    '  "contracts/review-integration/v1/fixtures/start-v2.fixture.json": "2699660832c0d944184d5d314f08774ab9a02f5b8a7a4c2a07983440e0e346ad",\n' +
    '  "contracts/review-integration/v1/fixtures/start.fixture.json": "3b963b221cd1560eb8872cbabbb5407096f593ced2f13eb9cb06eb61e4cca4d1",\n' +
    '  "contracts/review-integration/v1/fixtures/status-ambiguous.fixture.json": "ee695fd58ba72adfb3b51dfd16432a177498173a45bfcb594d6bdc53bfa32e6e",\n' +
    '  "contracts/review-integration/v1/fixtures/status-corrupted.fixture.json": "4cfc0048c28a39cec8a32fecfaad66e56e5c1248263ceb4ce66b6717981880b2",\n' +
    '  "contracts/review-integration/v1/fixtures/status-recover.fixture.json": "714f762f72380ce93d567626cafbaa536ab3aae02af73d3d40ca123f1f30d8b0",\n' +
    '  "contracts/review-integration/v1/fixtures/status-unrelated.fixture.json": "deab36c877ced3c9b480ca33724c10d88f75c761d6426fa14be850345122891d",\n' +
    '  "contracts/review-integration/v1/fixtures/status-v2-ambiguous.fixture.json": "80a459a7a18d8d933dd42acb6a94a75ac19278e9a6c3b125e3017946768eaa47",\n' +
    '  "contracts/review-integration/v1/fixtures/status-v2-corrupted.fixture.json": "466f1e28b101e95178630f26a90fff96ad3516e2aa6a17f5f357bab9bda2ab52",\n' +
    '  "contracts/review-integration/v1/fixtures/status-v2-final-verification-retry.fixture.json": "889ede9a84bdbe561df2d2401adda95634582c44db9d1075ba839f33d65c7886",\n' +
    '  "contracts/review-integration/v1/fixtures/status-v2-recover.fixture.json": "178331fc7177d2316fd4f56610ac295f7da2780be96b233b72935d5f476610f2",\n' +
    '  "contracts/review-integration/v1/fixtures/status-v2-repair.fixture.json": "89083cad752fca38da09e919825d0b80641a8a029364ba1869e5b58ef2e59a1d",\n' +
    '  "contracts/review-integration/v1/fixtures/status-v2-unrelated.fixture.json": "c178b338dcd5d30888acef37a9d752bd0932d6dedfffb61b0596a9cceabeb692",\n' +
    '  "contracts/review-integration/v1/fixtures/status-v2.fixture.json": "33c5032dcd5d916b4bff73781495640da83893b2f2b334465cbb40c18e1b85f4",\n' +
    '  "contracts/review-integration/v1/fixtures/status.fixture.json": "555054d8046a896162995dcb117752f9cd1ef903fb9ebaad29af1b7e7f319bb3",\n' +
    '  "contracts/review-integration/v1/fixtures/verification-evidence.fixture.json": "b30e3863548845b90e256d92193435d02da458bf8f15a4c33d023cd1f6894a5f",\n' +
    '  "contracts/review-integration/v1/schemas/admitted-result.schema.json": "7796e8dbba331434594108c902dfab7ec46f691fa447a9259a78f2448111b0de",\n' +
    '  "contracts/review-integration/v1/schemas/artifact-subject.schema.json": "f7dcd934e27e8f3735a37f3d0ec8048dd8ccc1811b9df61124a1dcbf8a03f40e",\n' +
    '  "contracts/review-integration/v1/schemas/authority-repair-assessment.schema.json": "232591670009f99c53a68e91d1e7e60465c294f1721f493ab1e7ae182842cfb5",\n' +
    '  "contracts/review-integration/v1/schemas/capabilities-v1.1.schema.json": "2b14162284f375f8563e49d3a28caaa0aabb572094d8d290eb61844b1353af78",\n' +
    '  "contracts/review-integration/v1/schemas/capabilities-v1.2.schema.json": "df1722adcd9c999edbef090bfd5d9a9713f6852a9bc9cb79684ef7c9c91c0d62",\n' +
    '  "contracts/review-integration/v1/schemas/capabilities-v1.3.schema.json": "3401a062fa8a034ef7743f84adbfdd2ceadaf81bee8a7e62115fd4e18afacfcd",\n' +
    '  "contracts/review-integration/v1/schemas/capabilities-v1.4.schema.json'... 15264 more characters
  
      at TestContext.<anonymous> (file:///D:/jero-pi/jero-pi/tests/package-manifest.test.ts:175:9)
      at Test.runInAsyncScope (node:async_hooks:214:14)
      at Test.run (node:internal/test_runner/test:1103:25)
      at Test.processPendingSubtests (node:internal/test_runner/test:785:18)
      at Test.postRun (node:internal/test_runner/test:1232:19)
      at Test.run (node:internal/test_runner/test:1160:12)
      at async Test.processPendingSubtests (node:internal/test_runner/test:785:7) {
    generatedMessage: true,
    code: 'ERR_ASSERTION',
    actual: '#!/usr/bin/env node\nimport { spawnSync } from "node:child_process";\nimport { createHash } from "node:crypto";\nimport { existsSync, readdirSync, readFileSync, statSync } from "node:fs";\nimport { join, relative, sep } from "node:path";\nimport { fileURLToPath, pathToFileURL } from "node:url";\n\nconst root = join(fileURLToPath(new URL("..", import.meta.url)));\n\nconst requiredPaths = [\n  "assets/orchestrator.md",\n  "assets/orchestrator-delegation.md",\n  "assets/orchestrator-memory.md",\n  "assets/orchestrator-skills.md",\n  "assets/sdd-orchestrator-workflow.md",\n  "assets/agents/gentle-ai-explore.md",\n  "assets/agents/gentle-ai-verify.md",\n  "assets/agents/gentle-ai-worker.md",\n  "assets/agents/jd-fix-agent.md",\n  "assets/agents/jd-judge-a.md",\n  "assets/agents/jd-judge-b.md",\n  "assets/agents/review-readability.md",\n  "assets/agents/review-reliability.md",\n  "assets/agents/review-resilience.md",\n  "assets/agents/review-risk.md",\n  "assets/agents/sdd-apply.md",\n  "assets/agents/sdd-archive.md",\n  "assets/agents/sdd-design.md",\n  "assets/agents/sdd-explore.md",\n  "assets/agents/sdd-init.md",\n  "assets/agents/sdd-onboard.md",\n  "assets/agents/sdd-proposal.md",\n  "assets/agents/sdd-remediate.md",\n  "assets/agents/sdd-research.md",\n  "assets/agents/sdd-spec.md",\n  "assets/agents/sdd-status.md",\n  "assets/agents/sdd-sync.md",\n  "assets/agents/sdd-tasks.md",\n  "assets/agents/sdd-verify.md",\n  "assets/chains/4r-review.chain.md",\n  "assets/chains/sdd-full.chain.md",\n  "assets/chains/sdd-plan.chain.md",\n  "assets/chains/sdd-verify.chain.md",\n  "assets/migrations/managed-assets-v0.10.7.json",\n  "assets/migrations/managed-assets-v0.13.json",\n  "assets/migrations/managed-assets-v0.14.json",\n  "assets/support/sdd-status-contract.md",\n  "assets/support/strict-tdd.md",\n  "assets/support/strict-tdd-verify.md",\n  "docs/delegated-verification.md",\n  "docs/native-authority-architecture.md",\n  "docs/skill-style-guide.md",\n  "docs/review-integration.md",\n  "extensions/jero-ai.ts",\n  "extensions/sdd-init.ts",\n  "extensions/skill-registry.ts",\n  "lib/core/gentle-ai-binary.ts",\n  "lib/native/native-review-cli.ts",\n  "lib/core/provider-contract-bundle.ts",\n  "lib/review/review-host-relay.ts",\n  "lib/review/review-integration-v2.ts",\n  "lib/review/review-relay-contract.ts",\n  "lib/sdd/sdd-preflight.ts",\n  "lib/core/telemetry-trigger.ts",\n\t"runtime/gentle-ai-binary.mjs",\n\t"runtime/native-review-cli.mjs",\n\t"runtime/review-integration-v2.mjs",\n\t"runtime/review-risk-assessment.mjs",\n\t"runtime/review-relay-contract.mjs",\n\t"runtime/telemetry-trigger.mjs",\n  "scripts/check-provider-contract.mjs",\n  "scripts/gentle-ai-installer.mjs",\n  "scripts/install-gentle-ai.mjs",\n  "scripts/mirror-provider-contract.mjs",\n  "tests/fixtures/native-review-cli/v2.1.3/start.json",\n  "tests/fixtures/provider-contract-bundle/v1.1.0/README.md",\n  "tests/fixtures/provider-contract-bundle/v1.1.0/manifest.json",\n  "tests/fixtures/provider-contract-bundle/v1.1.0/schemas/lens.schema.json",\n  "tests/fixtures/provider-contract-bundle/v1.1.0/schemas/refuter.schema.json",\n  "tests/fixtures/provider-contract-bundle/v1.1.0/schemas/targeted-validator.schema.json",\n  "tests/fixtures/provider-contract-bundle/v1.1.0/vectors/lens.json",\n  "tests/fixtures/provider-contract-bundle/v1.1.0/vectors/refuter.json",\n  "tests/fixtures/provider-contract-bundle/v1.1.0/vectors/targeted-validator.json",\n  // Provider contract mirror (gentle-pi#311 P1/P2). Presence is enforced here;\n  // exact bytes are pinned by the lock-driven scripts/check-provider-contract.mjs\n  // drift check, which runs in the same pnpm test flow.\n  "contracts/review-provider-contract-mirror/provider-contract.lock.json",\n  "contracts/review-provider-contract-mirror/v1.2.0/bundle/README.md",\n  "contracts/review-provider-contract-mirror/v1.2.0/bundle/manifest.json",\n  "contracts/review-provider-contract-mirror/v1.2.0/bundle/orchestration/pi.md",\n  "contracts/review-provider-contract-mirror/v1.2.0/bundle/schemas/lens.schema.json",\n  "contracts/review-provider-contract-mirror/v1.2.0/bundle/schemas/refuter.schema.json",\n  "contracts/review-provider-contract-mirror/v1.2.0/bundle/schemas/targeted-validator.schema.json",\n  "contracts/review-provider-contract-mirror/v1.2.0/bundle/vectors/lens.json",\n  "contracts/review-provider-contract-mirror/v1.2.0/bundle/vectors/refuter.json",\n  "contracts/review-provider-contract-mirror/v1.2.0/bundle/vectors/targeted-validator.json",\n  "contracts/review-provider-contract-mirror/v1.2.0/generated/provider-capabilities.baseline.json",\n  "contracts/review-provider-contract-mirror/v1.2.0/generated/provider-roles.baseline.json",\n  "prompts/skill-creation.md",\n  "skills/_shared/review-ledger-contract.md",\n  "skills/branch-pr/SKILL.md",\n  "skills/chained-pr/SKILL.md",\n  "skills/cognitive-doc-design/SKILL.md",\n  "skills/comment-writer/SKILL.md",\n  "skills/gentle-ai/SKILL.md",\n  "skills/issue-creation/SKILL.md",\n  "skills/judgment-day/SKILL.md",\n  "skills/rdd-defect-workflow/SKILL.md",\n  "skills/release/SKILL.md",\n  "skills/skill-creator/SKILL.md",\n  "skills/skill-improver/SKILL.md",\n  "skills/skill-registry/SKILL.md",\n  "skills/work-unit-commits/SKILL.md",\n];\n\nconst contractHashes = {\n  "contracts/review-integration/v1/fixtures/binding-revision-conflict.fixture.json": "c2e294843cee5185324cb7a41702574ef94852517239d99e7493a1414a60b363",\n  "contracts/review-integration/v1/fixtures/capabilities-v1.1.fixture.json": "1b3dc40dce7bfb5d3ecc7e92af68d66e71b733ba0b0f71ba94d3c633adc48bcf",\n  "contracts/review-integration/v1/fixtures/capabilities-v1.2.fixture.json": "2970d21cd95a7fcaea6547c47a591a5151046e7ede658b3e8c5b9a9c5d106b65",\n  "contracts/review-integration/v1/fixtures/capabilities-v1.3.fixture.json": "0ec783ea13b4c82c0b002c5caa758f33e2b488537297cc2d0694ec92176ac0cb",\n  "contracts/review-integration/v1/fixtures/capabilities-v1.4.fixture.json": "84e0db457b76b97b35c2be772dfc647f9eab66810ea98f64fed85645c3c266ba",\n  "contracts/review-integration/v1/fixtures/capabilities-v1.5.fixture.json": "0cc952af3767c393bde9e4785e4071615a529fd672bc94da4fcc204780524a27",\n  "contracts/review-integration/v1/fixtures/capabilities.fixture.json": "b3ca822189a236f2d891628c665ca23e308bf5185a1701e1f07231bd970461bb",\n  "contracts/review-integration/v1/fixtures/consent.fixture.json": "28c7c86b55f8c9dbae3a1baa8fe298c4f3a14664aba21cd4051c7f579a61a4e9",\n  "contracts/review-integration/v1/fixtures/failure.fixture.json": "e72b6ab5e3c529abac47bd324444f84ca90f67ef0a67189f5fd8d24d199a2759",\n  "contracts/review-integration/v1/fixtures/final-verification-incident.fixture.json": "f8bc06549e62b0bee5cf2ecde625e18da178dd18c9d3023b7d7e8fd0ebbba646",\n  "contracts/review-integration/v1/fixtures/operation.fixture.json": "3547748a4df57382178064abbdb1cf12f1d58a75c0e9d6452fdd9beb3aaeac3a",\n  "contracts/review-integration/v1/fixtures/repair-preflight.fixture.json": "7168cb53ad470066d0b3edc3b7911d1aebff91abd41ecc3d822f8ffa5cea6cb1",\n  "contracts/review-integration/v1/fixtures/start-v2.fixture.json": "2699660832c0d944184d5d314f08774ab9a02f5b8a7a4c2a07983440e0e346ad",\n  "contracts/review-integration/v1/fixtures/start.fixture.json": "3b963b221cd1560eb8872cbabbb5407096f593ced2f13eb9cb06eb61e4cca4d1",\n  "contracts/review-integration/v1/fixtures/status-ambiguous.fixture.json": "ee695fd58ba72adfb3b51dfd16432a177498173a45bfcb594d6bdc53bfa32e6e",\n  "contracts/review-integration/v1/fixtures/status-corrupted.fixture.json": "4cfc0048c28a39cec8a32fecfaad66e56e5c1248263ceb4ce66b6717981880b2",\n  "contracts/review-integration/v1/fixtures/status-recover.fixture.json": "714f762f72380ce93d567626cafbaa536ab3aae02af73d3d40ca123f1f30d8b0",\n  "contracts/review-integration/v1/fixtures/status-unrelated.fixture.json": "deab36c877ced3c9b480ca33724c10d88f75c761d6426fa14be850345122891d",\n  "contracts/review-integration/v1/fixtures/status-v2-ambiguous.fixture.json": "80a459a7a18d8d933dd42acb6a94a75ac19278e9a6c3b125e3017946768eaa47",\n  "contracts/review-integration/v1/fixtures/status-v2-corrupted.fixture.json": "466f1e28b101e95178630f26a90fff96ad3516e2aa6a17f5f357bab9bda2ab52",\n  "contracts/review-integration/v1/fixtures/status-v2-final-verification-retry.fixture.json": "889ede9a84bdbe561df2d2401adda95634582c44db9d1075ba839f33d65c7886",\n  "contracts/review-integration/v1/fixtures/status-v2-recover.fixture.json": "178331fc7177d2316fd4f56610ac295f7da2780be96b233b72935d5f476610f2",\n  "contracts/review-integration/v1/fixtures/status-v2-repair.fixture.json": "89083cad752fca38da09e919825d0b80641a8a029364ba1869e5b58ef2e59a1d",\n  "contracts/review-integration/v1/fixtures/status-v2-unrelated.fixture.json": "c178b338dcd5d30888acef37a9d752bd0932d6dedfffb61b0596a9cceabeb692",\n  "contracts/review-integration/v1/fixtures/status-v2.fixture.json": "33c5032dcd5d916b4bff73781495640da83893b2f2b334465cbb40c18e1b85f4",\n  "contracts/review-integration/v1/fixtures/status.fixture.json": "555054d8046a896162995dcb117752f9cd1ef903fb9ebaad29af1b7e7f319bb3",\n  "contracts/review-integration/v1/fixtures/verification-evidence.fixture.json": "b30e3863548845b90e256d92193435d02da458bf8f15a4c33d023cd1f6894a5f",\n  "contracts/review-integration/v1/schemas/admitted-result.schema.json": "7796e8dbba331434594108c902dfab7ec46f691fa447a9259a78f2448111b0de",\n  "contracts/review-integration/v1/schemas/artifact-subject.schema.json": "f7dcd934e27e8f3735a37f3d0ec8048dd8ccc1811b9df61124a1dcbf8a03f40e",\n  "contracts/review-integration/v1/schemas/authority-repair-assessment.schema.json": "232591670009f99c53a68e91d1e7e60465c294f1721f493ab1e7ae182842cfb5",\n  "contracts/review-integration/v1/schemas/capabilities-v1.1.schema.json": "2b14162284f375f8563e49d3a28caaa0aabb572094d8d290eb61844b1353af78",\n  "contracts/review-integration/v1/schemas/capabilities-v1.2.schema.json": "df1722adcd9c999edbef090bfd5d9a9713f6852a9bc9cb79684ef7c9c91c0d62",\n  "contracts/review-integration/v1/schemas/capabilities-v1.3.schema.json": "3401a062fa8a034ef7743f84adbfdd2ceadaf81bee8a7e62115fd4e18afacfcd",\n  "contracts/review-integration/v1/schemas/capabilities-v1.4.schema.json'... 15264 more characters,
    expected: /"lib\/gentle-ai-binary\.ts"/,
    operator: 'match',
    diff: 'simple'
  }

test at tests\package-manifest.test.ts:427:1
✖ selective delegation installation owns only generic agents (7.2309ms)
  AssertionError [ERR_ASSERTION]: Expected values to be strictly deep-equal:
  + actual - expected
  
  + []
  - [
  -   'agents/gentle-ai-explore.md',
  -   'agents/gentle-ai-verify.md',
  -   'agents/gentle-ai-worker.md'
  - ]
  
      at file:///D:/jero-pi/jero-pi/tests/package-manifest.test.ts:430:10
      at withIsolatedAssetHome (file:///D:/jero-pi/jero-pi/tests/package-manifest.test.ts:415:3)
      at TestContext.<anonymous> (file:///D:/jero-pi/jero-pi/tests/package-manifest.test.ts:428:2)
      at Test.runInAsyncScope (node:async_hooks:214:14)
      at Test.run (node:internal/test_runner/test:1103:25)
      at Test.processPendingSubtests (node:internal/test_runner/test:785:18)
      at Test.postRun (node:internal/test_runner/test:1232:19)
      at Test.run (node:internal/test_runner/test:1160:12)
      at async Test.processPendingSubtests (node:internal/test_runner/test:785:7) {
    generatedMessage: true,
    code: 'ERR_ASSERTION',
    actual: [],
    expected: [ 'agents/gentle-ai-explore.md', 'agents/gentle-ai-verify.md', 'agents/gentle-ai-worker.md' ],
    operator: 'deepStrictEqual',
    diff: 'simple'
  }

test at tests\package-manifest.test.ts:444:1
✖ selective installation retires only assets belonging to the selected owner (3.7038ms)
  Error: ENOENT: no such file or directory, open 'C:\Users\Administrator\AppData\Local\Temp\gentle-asset-owners-fap2D3\agents\review-refuter.md'
      at writeFileSync (node:fs:2412:20)
      at file:///D:/jero-pi/jero-pi/tests/package-manifest.test.ts:450:4
      at withIsolatedAssetHome (file:///D:/jero-pi/jero-pi/tests/package-manifest.test.ts:415:3)
      at TestContext.<anonymous> (file:///D:/jero-pi/jero-pi/tests/package-manifest.test.ts:445:2)
      at Test.runInAsyncScope (node:async_hooks:214:14)
      at Test.run (node:internal/test_runner/test:1103:25)
      at Test.processPendingSubtests (node:internal/test_runner/test:785:18)
      at Test.postRun (node:internal/test_runner/test:1232:19)
      at Test.run (node:internal/test_runner/test:1160:12)
      at async Test.processPendingSubtests (node:internal/test_runner/test:785:7) {
    errno: -4058,
    code: 'ENOENT',
    syscall: 'open',
    path: 'C:\\Users\\Administrator\\AppData\\Local\\Temp\\gentle-asset-owners-fap2D3\\agents\\review-refuter.md'
  }

test at tests\package-manifest.test.ts:500:2
✖ selective delegation installation covers its catalog without cross-owner files (4.7986ms)
  AssertionError [ERR_ASSERTION]: Expected values to be strictly deep-equal:
  + actual - expected
  
  + []
  - [
  -   'agents/gentle-ai-explore.md',
  -   'agents/gentle-ai-verify.md',
  -   'agents/gentle-ai-worker.md'
  - ]
  
      at file:///D:/jero-pi/jero-pi/tests/package-manifest.test.ts:504:11
      at withIsolatedAssetHome (file:///D:/jero-pi/jero-pi/tests/package-manifest.test.ts:415:3)
      at TestContext.<anonymous> (file:///D:/jero-pi/jero-pi/tests/package-manifest.test.ts:501:3)
      at Test.runInAsyncScope (node:async_hooks:214:14)
      at Test.run (node:internal/test_runner/test:1103:25)
      at Test.processPendingSubtests (node:internal/test_runner/test:785:18)
      at Test.postRun (node:internal/test_runner/test:1232:19)
      at Test.run (node:internal/test_runner/test:1160:12)
      at async Test.processPendingSubtests (node:internal/test_runner/test:785:7) {
    generatedMessage: true,
    code: 'ERR_ASSERTION',
    actual: [],
    expected: [ 'agents/gentle-ai-explore.md', 'agents/gentle-ai-verify.md', 'agents/gentle-ai-worker.md' ],
    operator: 'deepStrictEqual',
    diff: 'simple'
  }

test at tests\package-manifest.test.ts:500:2
✖ selective review installation covers its catalog without cross-owner files (5.4785ms)
  AssertionError [ERR_ASSERTION]: Expected values to be strictly deep-equal:
  + actual - expected
  
  + []
  - [
  -   'agents/jd-fix-agent.md',
  -   'agents/jd-judge-a.md',
  -   'agents/jd-judge-b.md',
  -   'agents/review-readability.md',
  -   'agents/review-reliability.md',
  -   'agents/review-resilience.md',
  -   'agents/review-risk.md',
  -   'chains/4r-review.chain.md'
  - ]
  
      at file:///D:/jero-pi/jero-pi/tests/package-manifest.test.ts:504:11
      at withIsolatedAssetHome (file:///D:/jero-pi/jero-pi/tests/package-manifest.test.ts:415:3)
      at TestContext.<anonymous> (file:///D:/jero-pi/jero-pi/tests/package-manifest.test.ts:501:3)
      at Test.runInAsyncScope (node:async_hooks:214:14)
      at Test.run (node:internal/test_runner/test:1103:25)
      at Test.processPendingSubtests (node:internal/test_runner/test:785:18)
      at Test.postRun (node:internal/test_runner/test:1232:19)
      at Test.run (node:internal/test_runner/test:1160:12)
      at async Test.processPendingSubtests (node:internal/test_runner/test:785:7) {
    generatedMessage: true,
    code: 'ERR_ASSERTION',
    actual: [],
    expected: [ 'agents/jd-fix-agent.md', 'agents/jd-judge-a.md', 'agents/jd-judge-b.md', 'agents/review-readability.md', 'agents/review-reliability.md', 'agents/review-resilience.md', 'agents/review-risk.md', 'chains/4r-review.chain.md' ],
    operator: 'deepStrictEqual',
    diff: 'simple'
  }

test at tests\package-manifest.test.ts:500:2
✖ selective sdd installation covers its catalog without cross-owner files (5.9908ms)
  AssertionError [ERR_ASSERTION]: Expected values to be strictly deep-equal:
  + actual - expected
  
  + []
  - [
  -   'agents/sdd-apply.md',
  -   'agents/sdd-archive.md',
  -   'agents/sdd-design.md',
  -   'agents/sdd-explore.md',
  -   'agents/sdd-init.md',
  -   'agents/sdd-onboard.md',
  -   'agents/sdd-proposal.md',
  -   'agents/sdd-remediate.md',
  -   'agents/sdd-research.md',
  -   'agents/sdd-spec.md',
  -   'agents/sdd-status.md',
  -   'agents/sdd-sync.md',
  -   'agents/sdd-tasks.md',
  -   'agents/sdd-verify.md',
  -   'chains/sdd-full.chain.md',
  -   'chains/sdd-plan.chain.md',
  -   'chains/sdd-verify.chain.md',
  -   'gentle-ai/support/sdd-status-contract.md',
  -   'gentle-ai/support/strict-tdd-verify.md',
  -   'gentle-ai/support/strict-tdd.md'
  - ]
  
      at file:///D:/jero-pi/jero-pi/tests/package-manifest.test.ts:504:11
      at withIsolatedAssetHome (file:///D:/jero-pi/jero-pi/tests/package-manifest.test.ts:415:3)
      at TestContext.<anonymous> (file:///D:/jero-pi/jero-pi/tests/package-manifest.test.ts:501:3)
      at Test.runInAsyncScope (node:async_hooks:214:14)
      at Test.run (node:internal/test_runner/test:1103:25)
      at Test.processPendingSubtests (node:internal/test_runner/test:785:18)
      at Test.postRun (node:internal/test_runner/test:1232:19)
      at Test.run (node:internal/test_runner/test:1160:12)
      at async Test.processPendingSubtests (node:internal/test_runner/test:785:7) {
    generatedMessage: true,
    code: 'ERR_ASSERTION',
    actual: [],
    expected: [ 'agents/sdd-apply.md', 'agents/sdd-archive.md', 'agents/sdd-design.md', 'agents/sdd-explore.md', 'agents/sdd-init.md', 'agents/sdd-onboard.md', 'agents/sdd-proposal.md', 'agents/sdd-remediate.md', 'agents/sdd-research.md', 'agents/sdd-spec.md', 'agents/sdd-status.md', 'agents/sdd-sync.md', 'agents/sdd-tasks.md', 'agents/sdd-verify.md', 'chains/sdd-full.chain.md', 'chains/sdd-plan.chain.md', 'chains/sdd-verify.chain.md', 'gentle-ai/support/sdd-status-contract.md', 'gentle-ai/support/strict-tdd-verify.md', 'gentle-ai/support/strict-tdd.md' ],
    operator: 'deepStrictEqual',
    diff: 'simple'
  }

test at tests\package-manifest.test.ts:517:1
✖ legacy all-assets installation covers every packaged file with explicit ownership (7.2711ms)
  AssertionError [ERR_ASSERTION]: Expected values to be strictly deep-equal:
  + actual - expected
  
    {
  +   agents: 0,
  +   chains: 0,
  -   agents: 24,
  -   chains: 4,
      skipped: 0,
  +   support: 0
  -   support: 3
    }
  
      at file:///D:/jero-pi/jero-pi/tests/package-manifest.test.ts:527:10
      at withIsolatedAssetHome (file:///D:/jero-pi/jero-pi/tests/package-manifest.test.ts:415:3)
      at TestContext.<anonymous> (file:///D:/jero-pi/jero-pi/tests/package-manifest.test.ts:526:2)
      at Test.runInAsyncScope (node:async_hooks:214:14)
      at Test.run (node:internal/test_runner/test:1103:25)
      at Test.processPendingSubtests (node:internal/test_runner/test:785:18)
      at Test.postRun (node:internal/test_runner/test:1232:19)
      at Test.run (node:internal/test_runner/test:1160:12)
      at async Test.processPendingSubtests (node:internal/test_runner/test:785:7) {
    generatedMessage: true,
    code: 'ERR_ASSERTION',
    actual: { agents: 0, chains: 0, support: 0, skipped: 0 },
    expected: { agents: 24, chains: 4, support: 3, skipped: 0 },
    operator: 'deepStrictEqual',
    diff: 'simple'
  }

test at tests\package-manifest.test.ts:534:1
✖ selective refresh preserves unselected ownership and selected user changes after an all-assets install (5.7281ms)
  Error: ENOENT: no such file or directory, open 'C:\Users\Administrator\AppData\Local\Temp\gentle-asset-owners-EUHV8M\agents\gentle-ai-explore.md'
      at writeFileSync (node:fs:2412:20)
      at file:///D:/jero-pi/jero-pi/tests/package-manifest.test.ts:541:4
      at withIsolatedAssetHome (file:///D:/jero-pi/jero-pi/tests/package-manifest.test.ts:415:3)
      at TestContext.<anonymous> (file:///D:/jero-pi/jero-pi/tests/package-manifest.test.ts:535:2)
      at Test.runInAsyncScope (node:async_hooks:214:14)
      at Test.run (node:internal/test_runner/test:1103:25)
      at Test.processPendingSubtests (node:internal/test_runner/test:785:18)
      at Test.postRun (node:internal/test_runner/test:1232:19)
      at Test.run (node:internal/test_runner/test:1160:12)
      at async Test.processPendingSubtests (node:internal/test_runner/test:785:7) {
    errno: -4058,
    code: 'ENOENT',
    syscall: 'open',
    path: 'C:\\Users\\Administrator\\AppData\\Local\\Temp\\gentle-asset-owners-EUHV8M\\agents\\gentle-ai-explore.md'
  }

test at tests\package-manifest.test.ts:556:1
✖ selective review migration adopts only untouched legacy copies and preserves routing (6.0097ms)
  AssertionError [ERR_ASSERTION]: Expected "actual" to be strictly unequal to:
  
  '---\n' +
    'name: review-risk\n' +
    'model: custom/model\n' +
    'thinking: high\n' +
    'description: R1 Risk reviewer — security, privilege boundaries, data exposure, dependency risks, and merge-blocking vulnerabilities.\n' +
    'tools:\n' +
    '  - read\n' +
    '  - grep\n' +
    '  - glob\n' +
    '  - bash\n' +
    '---\n' +
    '\n' +
    'You are **R1 Risk**, a read-only reviewer. Find security risks; do not fix them.\n' +
    '\n' +
    'Rule sources: ai-course-2 slides `18-env-secrets.md`, `19-web-security.md`, `20-auth-tokens.md`, `21-owasp-top10.md`.\n' +
    '\n' +
    '## Review rules\n' +
    '\n' +
    '- Flag when secrets, tokens, API keys, JWT secrets, or DB URLs are hardcoded in code or committed examples.\n' +
    '- Block when authz is enforced only in the frontend; require backend verification on every request.\n' +
    '- Flag when user input reaches HTML/DOM sinks without escaping/sanitization.\n' +
    '- Block when SQL/NoSQL/command strings are built by concatenation instead of parameterization.\n' +
    '- Flag when cookies storing auth state miss `httpOnly`, `secure`, or `sameSite` protections.\n' +
    '- Require evidence that security-sensitive changes are covered by backend checks, not UI disabled states.\n' +
    '- Do not flag when React default escaping is used and no raw HTML sink exists.\n' +
    '- Require evidence for dependency/security findings: cite scan failure or vulnerable package, not just "looks risky".\n' +
    '\n' +
    '## Output contract\n' +
    '\n' +
    'Report findings only. Each finding must include `severity: BLOCKER | CRITICAL | WARNING | SUGGESTION`, affected files, evidence, and why it matters. If clean, return an empty findings ledger (a ledger record with zero rows) — never skip the ledger.\n' +
    '\n' +
    '## Review ledger contract\n' +
    '\n' +
    '**Precision limits.** Standard review runs exactly one complete sweep. Full 4R runs at most two complete sweeps per lens. Every finding MUST include concrete evidence of user impact; speculative findings are rejected.\n' +
    '\n' +
    '**Findings ledger.** Emit a findings ledger with this schema for every entry:\n' +
    '\n' +
    '| Field | Values |\n' +
    '|-------|--------|\n' +
    '| `id` | `{LENS}-{NNN}` (e.g. `R1-001`) |\n' +
    '| `lens` | risk \\| readability \\| reliability \\| resilience \\| judgment-day |\n' +
    '| `location` | `path/to/file.ext:line` or `:start-end` |\n' +
    '| `severity` | BLOCKER \\| CRITICAL \\| WARNING \\| SUGGESTION |\n' +
    '| `status` | open \\| refuted \\| fixed \\| verified \\| wont-fix \\| info |\n' +
    '| `evidence` | why it matters |\n' +
    '\n' +
  ...
  
      at file:///D:/jero-pi/jero-pi/tests/package-manifest.test.ts:576:12
      at withIsolatedAssetHome (file:///D:/jero-pi/jero-pi/tests/package-manifest.test.ts:415:3)
      at TestContext.<anonymous> (file:///D:/jero-pi/jero-pi/tests/package-manifest.test.ts:558:3)
      at Test.runInAsyncScope (node:async_hooks:214:14)
      at Test.run (node:internal/test_runner/test:1103:25)
      at Test.processPendingSubtests (node:internal/test_runner/test:785:18)
      at Test.postRun (node:internal/test_runner/test:1232:19)
      at Test.run (node:internal/test_runner/test:1160:12)
      at async Test.processPendingSubtests (node:internal/test_runner/test:785:7) {
    generatedMessage: true,
    code: 'ERR_ASSERTION',
    actual: '---\nname: review-risk\nmodel: custom/model\nthinking: high\ndescription: R1 Risk reviewer — security, privilege boundaries, data exposure, dependency risks, and merge-blocking vulnerabilities.\ntools:\n  - read\n  - grep\n  - glob\n  - bash\n---\n\nYou are **R1 Risk**, a read-only reviewer. Find security risks; do not fix them.\n\nRule sources: ai-course-2 slides `18-env-secrets.md`, `19-web-security.md`, `20-auth-tokens.md`, `21-owasp-top10.md`.\n\n## Review rules\n\n- Flag when secrets, tokens, API keys, JWT secrets, or DB URLs are hardcoded in code or committed examples.\n- Block when authz is enforced only in the frontend; require backend verification on every request.\n- Flag when user input reaches HTML/DOM sinks without escaping/sanitization.\n- Block when SQL/NoSQL/command strings are built by concatenation instead of parameterization.\n- Flag when cookies storing auth state miss `httpOnly`, `secure`, or `sameSite` protections.\n- Require evidence that security-sensitive changes are covered by backend checks, not UI disabled states.\n- Do not flag when React default escaping is used and no raw HTML sink exists.\n- Require evidence for dependency/security findings: cite scan failure or vulnerable package, not just "looks risky".\n\n## Output contract\n\nReport findings only. Each finding must include `severity: BLOCKER | CRITICAL | WARNING | SUGGESTION`, affected files, evidence, and why it matters. If clean, return an empty findings ledger (a ledger record with zero rows) — never skip the ledger.\n\n## Review ledger contract\n\n**Precision limits.** Standard review runs exactly one complete sweep. Full 4R runs at most two complete sweeps per lens. Every finding MUST include concrete evidence of user impact; speculative findings are rejected.\n\n**Findings ledger.** Emit a findings ledger with this schema for every entry:\n\n| Field | Values |\n|-------|--------|\n| `id` | `{LENS}-{NNN}` (e.g. `R1-001`) |\n| `lens` | risk \\| readability \\| reliability \\| resilience \\| judgment-day |\n| `location` | `path/to/file.ext:line` or `:start-end` |\n| `severity` | BLOCKER \\| CRITICAL \\| WARNING \\| SUGGESTION |\n| `status` | open \\| refuted \\| fixed \\| verified \\| wont-fix \\| info |\n| `evidence` | why it matters |\n\nIf the first pass finds nothing, persist an empty ledger record rather than skip persistence.\n\n`refuted` is terminal and MUST NOT be reopened by later rounds. WARNING and SUGGESTION rows are recorded once with status `info` and MUST NOT schedule fixes.\n\nPersistence below is executed by the orchestrator after it merges your returned ledger rows; you never write ledger artifacts yourself.\n\n**Ledger persistence honors the artifact store.**\n- `openspec`: write `openspec/changes/{change-name}/review-ledger.md`.\n- `engram`: upsert topic `sdd/{change-name}/review-ledger` (ad-hoc judgment-day without a change: `review/{target-slug}/ledger`, where `target-slug` = `pr-{number}` when reviewing a PR, else the current branch name kebab-cased, else a kebab-case slug of the user-stated review target). If the engram upsert fails or the memory tool is unavailable, fall back to keeping the ledger inline in the response and explicitly report the degradation — never continue as if persistence succeeded.\n- `none`: keep the ledger inline in the response; do not write files or Engram artifacts — the ledger lives only in this conversation; complete the review → fix → re-review loop within the session because it is not persisted across compaction.\n\nRe-review receives only the authoritative ledger and the fix diff. Re-review assesses affected ledger rows and regressions introduced by the fix.\n\nSubagent execution-mode: this agent runs its lens exhaustively as a dedicated Pi subagent and returns its own ledger rows in its Output; the orchestrator merges those ledger rows into the persisted ledger.\n',
    expected: '---\nname: review-risk\nmodel: custom/model\nthinking: high\ndescription: R1 Risk reviewer — security, privilege boundaries, data exposure, dependency risks, and merge-blocking vulnerabilities.\ntools:\n  - read\n  - grep\n  - glob\n  - bash\n---\n\nYou are **R1 Risk**, a read-only reviewer. Find security risks; do not fix them.\n\nRule sources: ai-course-2 slides `18-env-secrets.md`, `19-web-security.md`, `20-auth-tokens.md`, `21-owasp-top10.md`.\n\n## Review rules\n\n- Flag when secrets, tokens, API keys, JWT secrets, or DB URLs are hardcoded in code or committed examples.\n- Block when authz is enforced only in the frontend; require backend verification on every request.\n- Flag when user input reaches HTML/DOM sinks without escaping/sanitization.\n- Block when SQL/NoSQL/command strings are built by concatenation instead of parameterization.\n- Flag when cookies storing auth state miss `httpOnly`, `secure`, or `sameSite` protections.\n- Require evidence that security-sensitive changes are covered by backend checks, not UI disabled states.\n- Do not flag when React default escaping is used and no raw HTML sink exists.\n- Require evidence for dependency/security findings: cite scan failure or vulnerable package, not just "looks risky".\n\n## Output contract\n\nReport findings only. Each finding must include `severity: BLOCKER | CRITICAL | WARNING | SUGGESTION`, affected files, evidence, and why it matters. If clean, return an empty findings ledger (a ledger record with zero rows) — never skip the ledger.\n\n## Review ledger contract\n\n**Precision limits.** Standard review runs exactly one complete sweep. Full 4R runs at most two complete sweeps per lens. Every finding MUST include concrete evidence of user impact; speculative findings are rejected.\n\n**Findings ledger.** Emit a findings ledger with this schema for every entry:\n\n| Field | Values |\n|-------|--------|\n| `id` | `{LENS}-{NNN}` (e.g. `R1-001`) |\n| `lens` | risk \\| readability \\| reliability \\| resilience \\| judgment-day |\n| `location` | `path/to/file.ext:line` or `:start-end` |\n| `severity` | BLOCKER \\| CRITICAL \\| WARNING \\| SUGGESTION |\n| `status` | open \\| refuted \\| fixed \\| verified \\| wont-fix \\| info |\n| `evidence` | why it matters |\n\nIf the first pass finds nothing, persist an empty ledger record rather than skip persistence.\n\n`refuted` is terminal and MUST NOT be reopened by later rounds. WARNING and SUGGESTION rows are recorded once with status `info` and MUST NOT schedule fixes.\n\nPersistence below is executed by the orchestrator after it merges your returned ledger rows; you never write ledger artifacts yourself.\n\n**Ledger persistence honors the artifact store.**\n- `openspec`: write `openspec/changes/{change-name}/review-ledger.md`.\n- `engram`: upsert topic `sdd/{change-name}/review-ledger` (ad-hoc judgment-day without a change: `review/{target-slug}/ledger`, where `target-slug` = `pr-{number}` when reviewing a PR, else the current branch name kebab-cased, else a kebab-case slug of the user-stated review target). If the engram upsert fails or the memory tool is unavailable, fall back to keeping the ledger inline in the response and explicitly report the degradation — never continue as if persistence succeeded.\n- `none`: keep the ledger inline in the response; do not write files or Engram artifacts — the ledger lives only in this conversation; complete the review → fix → re-review loop within the session because it is not persisted across compaction.\n\nRe-review receives only the authoritative ledger and the fix diff. Re-review assesses affected ledger rows and regressions introduced by the fix.\n\nSubagent execution-mode: this agent runs its lens exhaustively as a dedicated Pi subagent and returns its own ledger rows in its Output; the orchestrator merges those ledger rows into the persisted ledger.\n',
    operator: 'notStrictEqual',
    diff: 'simple'
  }

test at tests\package-manifest.test.ts:586:1
✖ unowned legacy research migrates by exact normalized hash, preserving routing and user edits (4.9304ms)
  AssertionError [ERR_ASSERTION]: The input did not match the regular expression /  - fetch_content/. Input:
  
  '---\n' +
    'name: sdd-research\n' +
    'model: custom/model\n' +
    'thinking: high\n' +
    'description: Collect auditable external evidence for a selected SDD research lane.\n' +
    'tools:\n' +
    '  - read\n' +
    '  - grep\n' +
    '  - find\n' +
    '  - edit\n' +
    '  - write\n' +
    '  - mem_search\n' +
    '  - mem_get_observation\n' +
    '  - mem_save\n' +
    '---\n' +
    '\n' +
    'You are the SDD research executor for Gentle AI.\n' +
    '\n' +
    '## Skill Resolution Contract\n' +
    '\n' +
    'Use your assigned executor/phase skill for this SDD phase. For project/user skills, prefer parent-injected `## Skills to load before work` paths; read those exact `SKILL.md` files before work. Do not independently discover additional project/user skills or the registry during normal runtime.\n' +
    '\n' +
    'If skill paths are missing, explicit fallback loading is allowed only as degraded self-healing. Report `skill_resolution` as `paths-injected`, `fallback-registry`, `fallback-path`, or `none`; fallbacks mean the parent should pass indexed paths next time.\n' +
    '\n' +
    '- Run only when the orchestrator selects `sdd-research` and supplies the persisted research intent: the change name, the questions, the requested source classes, and the artifact store. Treat that intent as immutable; if it is absent, return `blocked` with no claims.\n' +
    '- Evidence grants for this runtime are `documentation=[]; open-web=[]`. Never infer evidence capability from bash, persistence tools, or any inherited tool; persistence tools are not evidence grants. Unsupported or undeclared classes deny admission and emit no claims.\n' +
    '- Because this runtime declares no evidence grants, retain the selected request, persist a `blocked` outcome with no claims, and stop.\n' +
    '- Admission denial, partial evidence, invalid sources, or persistence divergence emits no unvalidated claim and blocks proposal readiness.\n' +
    '- Keep evidence claims separate from non-authoritative product choices; the orchestrator owns product decisions and proposal admission.\n' +
    '- Do NOT launch child subagents. Parent/orchestrator owns delegation.\n' +
    '- Persist the research and pre-proposal artifacts per the Memory Contract below; never claim persistence you did not perform.\n' +
    '- Keep output concise and return the SDD result contract.\n' +
    '## Memory Contract\n' +
    '\n' +
    "Read any input artifacts directly from the active backend before doing the phase work; do not wait for the parent to inline them. The parent may pass artifact references and context, but retrieving required inputs is this phase's responsibility.\n" +
    '\n' +
    'Inputs to read (`engram`/`both`: use the injected Engram memory read tools for the topic key, then fetch the full observation; `openspec`: read the file under `openspec/changes/{change}/`):\n' +
    '- Exploration (when it exists): `sdd/{change}/explore` (openspec: the exploration file under `openspec/changes/{change}/`).\n' +
    '\n' +
    "Persist this phase's artifact to the active backend before returning (mandatory):\n" +
    '- `engram`/`both`: call the injected Engram save tool with title and `topic_key` `"sdd/{change}/research"`, `type: "architecture"`, `project` from context, and `capture_prompt: false` when the tool schema supports it (omit the field if an older schema rejects it).\n' +
    '- `openspec`: write/update `openspec/changes/{change}/research.md`.\n' +
    '- `none`: return the research record inline.\n' +
    '\n' +
    'The research artifact uses schema `gentle-ai.sdd-research/v1`: a positive `revision`, an explicit `done | partial | blocked` outcome, the questions, admission and the observed exact grants, sources, and validated claims where each claim maps to source IDs. For this runtime the outcome is `blocked` with an admission denial and no claims.\n' +
    '\n' +
    'Also update the pre-proposal state (`engram`/`both`: topic `"sdd/{change}/preproposal"`; same save conventions) using schema `gentle-ai.sdd-preproposal/v1`: a positive `revision`, the exploration reference, the research request and classes, the admission outcome, evidence references, product decisions (`pending | confirmed`), and `proposal_ready`.\n' +
    '\n' +
    'Hybrid (`both`) persistence means identical bytes in both stores. On hybrid mismatch or a one-sided write failure, never prefer one store: recover from the retained intent, not from a surviving store, and keep proposal readiness false for recovery.\n' +
    '\n' +
    'Never claim persistence you did not perform.\n' +
    '\n' +
    '\n' +
    '## Key Learnings Closing\n' +
    '\n' +
    'Close your final report text with a `## Key Learnings` block (no trailing colon). Use 1–5 numbered items, each a standalone factual sentence of at least 20 characters and at least 4 words. This applies to final report text only — not intermediate tool output or saved artifact content. The Engram memory provider automatically extracts and persists these items as passive capture; you do not parse the block or invoke passive-capture tools yourself. Omit the block when there is genuinely no reusable learning; no filler or speculation. This closing block is separate from explicit `mem_save` artifact/decision persistence.\n'
  
      at TestContext.<anonymous> (file:///D:/jero-pi/jero-pi/tests/package-manifest.test.ts:611:12)
      at Test.runInAsyncScope (node:async_hooks:214:14)
      at Test.run (node:internal/test_runner/test:1103:25)
      at Test.processPendingSubtests (node:internal/test_runner/test:785:18)
      at Test.postRun (node:internal/test_runner/test:1232:19)
      at Test.run (node:internal/test_runner/test:1160:12)
      at async Test.processPendingSubtests (node:internal/test_runner/test:785:7) {
    generatedMessage: true,
    code: 'ERR_ASSERTION',
    actual: '---\nname: sdd-research\nmodel: custom/model\nthinking: high\ndescription: Collect auditable external evidence for a selected SDD research lane.\ntools:\n  - read\n  - grep\n  - find\n  - edit\n  - write\n  - mem_search\n  - mem_get_observation\n  - mem_save\n---\n\nYou are the SDD research executor for Gentle AI.\n\n## Skill Resolution Contract\n\nUse your assigned executor/phase skill for this SDD phase. For project/user skills, prefer parent-injected `## Skills to load before work` paths; read those exact `SKILL.md` files before work. Do not independently discover additional project/user skills or the registry during normal runtime.\n\nIf skill paths are missing, explicit fallback loading is allowed only as degraded self-healing. Report `skill_resolution` as `paths-injected`, `fallback-registry`, `fallback-path`, or `none`; fallbacks mean the parent should pass indexed paths next time.\n\n- Run only when the orchestrator selects `sdd-research` and supplies the persisted research intent: the change name, the questions, the requested source classes, and the artifact store. Treat that intent as immutable; if it is absent, return `blocked` with no claims.\n- Evidence grants for this runtime are `documentation=[]; open-web=[]`. Never infer evidence capability from bash, persistence tools, or any inherited tool; persistence tools are not evidence grants. Unsupported or undeclared classes deny admission and emit no claims.\n- Because this runtime declares no evidence grants, retain the selected request, persist a `blocked` outcome with no claims, and stop.\n- Admission denial, partial evidence, invalid sources, or persistence divergence emits no unvalidated claim and blocks proposal readiness.\n- Keep evidence claims separate from non-authoritative product choices; the orchestrator owns product decisions and proposal admission.\n- Do NOT launch child subagents. Parent/orchestrator owns delegation.\n- Persist the research and pre-proposal artifacts per the Memory Contract below; never claim persistence you did not perform.\n- Keep output concise and return the SDD result contract.\n## Memory Contract\n\nRead any input artifacts directly from the active backend before doing the phase work; do not wait for the parent to inline them. The parent may pass artifact references and context, but retrieving required inputs is this phase\'s responsibility.\n\nInputs to read (`engram`/`both`: use the injected Engram memory read tools for the topic key, then fetch the full observation; `openspec`: read the file under `openspec/changes/{change}/`):\n- Exploration (when it exists): `sdd/{change}/explore` (openspec: the exploration file under `openspec/changes/{change}/`).\n\nPersist this phase\'s artifact to the active backend before returning (mandatory):\n- `engram`/`both`: call the injected Engram save tool with title and `topic_key` `"sdd/{change}/research"`, `type: "architecture"`, `project` from context, and `capture_prompt: false` when the tool schema supports it (omit the field if an older schema rejects it).\n- `openspec`: write/update `openspec/changes/{change}/research.md`.\n- `none`: return the research record inline.\n\nThe research artifact uses schema `gentle-ai.sdd-research/v1`: a positive `revision`, an explicit `done | partial | blocked` outcome, the questions, admission and the observed exact grants, sources, and validated claims where each claim maps to source IDs. For this runtime the outcome is `blocked` with an admission denial and no claims.\n\nAlso update the pre-proposal state (`engram`/`both`: topic `"sdd/{change}/preproposal"`; same save conventions) using schema `gentle-ai.sdd-preproposal/v1`: a positive `revision`, the exploration reference, the research request and classes, the admission outcome, evidence references, product decisions (`pending | confirmed`), and `proposal_ready`.\n\nHybrid (`both`) persistence means identical bytes in both stores. On hybrid mismatch or a one-sided write failure, never prefer one store: recover from the retained intent, not from a surviving store, and keep proposal readiness false for recovery.\n\nNever claim persistence you did not perform.\n\n\n## Key Learnings Closing\n\nClose your final report text with a `## Key Learnings` block (no trailing colon). Use 1–5 numbered items, each a standalone factual sentence of at least 20 characters and at least 4 words. This applies to final report text only — not intermediate tool output or saved artifact content. The Engram memory provider automatically extracts and persists these items as passive capture; you do not parse the block or invoke passive-capture tools yourself. Omit the block when there is genuinely no reusable learning; no filler or speculation. This closing block is separate from explicit `mem_save` artifact/decision persistence.\n',
    expected: /  - fetch_content/,
    operator: 'match',
    diff: 'simple'
  }

test at tests\package-manifest.test.ts:721:1
✖ first forced sync migrates untouched v0.13 assets, preserves routing, and owns new assets (4.1956ms)
  AssertionError [ERR_ASSERTION]: the stale v0.13 review contract must refresh
      at TestContext.<anonymous> (file:///D:/jero-pi/jero-pi/tests/package-manifest.test.ts:750:10)
      at Test.runInAsyncScope (node:async_hooks:214:14)
      at Test.run (node:internal/test_runner/test:1103:25)
      at Test.processPendingSubtests (node:internal/test_runner/test:785:18)
      at Test.postRun (node:internal/test_runner/test:1232:19)
      at Test.run (node:internal/test_runner/test:1160:12)
      at async Test.processPendingSubtests (node:internal/test_runner/test:785:7) {
    generatedMessage: false,
    code: 'ERR_ASSERTION',
    actual: '---\nname: review-risk\ndescription: R1 Risk reviewer — security, privilege boundaries, data exposure, dependency risks, and merge-blocking vulnerabilities.\nmodel: private/legacy-model\nthinking: xhigh\ntools:\n  - read\n  - grep\n  - glob\n  - bash\n---\n\nYou are **R1 Risk**, a read-only reviewer. Find security risks; do not fix them.\n\nRule sources: ai-course-2 slides `18-env-secrets.md`, `19-web-security.md`, `20-auth-tokens.md`, `21-owasp-top10.md`.\n\n## Review rules\n\n- Flag when secrets, tokens, API keys, JWT secrets, or DB URLs are hardcoded in code or committed examples.\n- Block when authz is enforced only in the frontend; require backend verification on every request.\n- Flag when user input reaches HTML/DOM sinks without escaping/sanitization.\n- Block when SQL/NoSQL/command strings are built by concatenation instead of parameterization.\n- Flag when cookies storing auth state miss `httpOnly`, `secure`, or `sameSite` protections.\n- Require evidence that security-sensitive changes are covered by backend checks, not UI disabled states.\n- Do not flag when React default escaping is used and no raw HTML sink exists.\n- Require evidence for dependency/security findings: cite scan failure or vulnerable package, not just "looks risky".\n\n## Output contract\n\nReport findings only. Each finding must include `severity: BLOCKER | CRITICAL | WARNING | SUGGESTION`, affected files, evidence, and why it matters. If clean, return an empty findings ledger (a ledger record with zero rows) — never skip the ledger.\n\n## Review ledger contract\n\n**Exhaustive first pass.** Loop until dry: sweep the diff repeatedly until N consecutive sweeps yield zero new findings, then stop; the loop MUST be finite. Default N = 2 consecutive dry sweeps. R2 Readability MAY use N = 1. Hard ceiling: 4 sweeps regardless of N.\n\n**Findings ledger.** Emit a findings ledger with this schema for every entry:\n\n| Field | Values |\n|-------|--------|\n| `id` | `{LENS}-{NNN}` (e.g. `R1-001`) |\n| `lens` | risk \\| readability \\| reliability \\| resilience \\| judgment-day |\n| `location` | `path/to/file.ext:line` or `:start-end` |\n| `severity` | BLOCKER \\| CRITICAL \\| WARNING \\| SUGGESTION |\n| `status` | open \\| fixed \\| verified \\| wont-fix \\| info |\n| `evidence` | why it matters |\n\nIf the first pass finds nothing, persist an empty ledger record rather than skip persistence.\n\nPersistence below is executed by the orchestrator after it merges your returned ledger rows; you never write ledger artifacts yourself.\n\n**Ledger persistence honors the artifact store.**\n- `openspec`: write `openspec/changes/{change-name}/review-ledger.md`.\n- `engram`: upsert topic `sdd/{change-name}/review-ledger` (ad-hoc judgment-day without a change: `review/{target-slug}/ledger`, where `target-slug` = `pr-{number}` when reviewing a PR, else the current branch name kebab-cased, else a kebab-case slug of the user-stated review target). If the engram upsert fails or the memory tool is unavailable, fall back to keeping the ledger inline in the response and explicitly report the degradation — never continue as if persistence succeeded.\n- `none`: keep the ledger inline in the response; do not write files or Engram artifacts — the ledger lives only in this conversation; complete the review → fix → re-review loop within the session because it is not persisted across compaction.\n\n**Scoped re-review.** A re-review pass takes the persisted ledger and the fix diff as input. It MUST verify each ledger finding\'s resolution and MUST review only fix-touched lines; it MUST NOT re-read the full original diff. A finding on an untouched line MUST be logged with status `info` as a first-pass quality signal and MUST NOT by itself trigger another full round.\n\nSubagent execution-mode: this agent runs its lens exhaustively as a dedicated Pi subagent and returns its own ledger rows in its Output; the orchestrator merges those ledger rows into the persisted ledger.\n',
    expected: '---\nname: review-risk\ndescription: R1 Risk reviewer — security, privilege boundaries, data exposure, dependency risks, and merge-blocking vulnerabilities.\nmodel: private/legacy-model\nthinking: xhigh\ntools:\n  - read\n  - grep\n  - glob\n  - bash\n---\n\nYou are **R1 Risk**, a read-only reviewer. Find security risks; do not fix them.\n\nRule sources: ai-course-2 slides `18-env-secrets.md`, `19-web-security.md`, `20-auth-tokens.md`, `21-owasp-top10.md`.\n\n## Review rules\n\n- Flag when secrets, tokens, API keys, JWT secrets, or DB URLs are hardcoded in code or committed examples.\n- Block when authz is enforced only in the frontend; require backend verification on every request.\n- Flag when user input reaches HTML/DOM sinks without escaping/sanitization.\n- Block when SQL/NoSQL/command strings are built by concatenation instead of parameterization.\n- Flag when cookies storing auth state miss `httpOnly`, `secure`, or `sameSite` protections.\n- Require evidence that security-sensitive changes are covered by backend checks, not UI disabled states.\n- Do not flag when React default escaping is used and no raw HTML sink exists.\n- Require evidence for dependency/security findings: cite scan failure or vulnerable package, not just "looks risky".\n\n## Output contract\n\nReport findings only. Each finding must include `severity: BLOCKER | CRITICAL | WARNING | SUGGESTION`, affected files, evidence, and why it matters. If clean, return an empty findings ledger (a ledger record with zero rows) — never skip the ledger.\n\n## Review ledger contract\n\n**Exhaustive first pass.** Loop until dry: sweep the diff repeatedly until N consecutive sweeps yield zero new findings, then stop; the loop MUST be finite. Default N = 2 consecutive dry sweeps. R2 Readability MAY use N = 1. Hard ceiling: 4 sweeps regardless of N.\n\n**Findings ledger.** Emit a findings ledger with this schema for every entry:\n\n| Field | Values |\n|-------|--------|\n| `id` | `{LENS}-{NNN}` (e.g. `R1-001`) |\n| `lens` | risk \\| readability \\| reliability \\| resilience \\| judgment-day |\n| `location` | `path/to/file.ext:line` or `:start-end` |\n| `severity` | BLOCKER \\| CRITICAL \\| WARNING \\| SUGGESTION |\n| `status` | open \\| fixed \\| verified \\| wont-fix \\| info |\n| `evidence` | why it matters |\n\nIf the first pass finds nothing, persist an empty ledger record rather than skip persistence.\n\nPersistence below is executed by the orchestrator after it merges your returned ledger rows; you never write ledger artifacts yourself.\n\n**Ledger persistence honors the artifact store.**\n- `openspec`: write `openspec/changes/{change-name}/review-ledger.md`.\n- `engram`: upsert topic `sdd/{change-name}/review-ledger` (ad-hoc judgment-day without a change: `review/{target-slug}/ledger`, where `target-slug` = `pr-{number}` when reviewing a PR, else the current branch name kebab-cased, else a kebab-case slug of the user-stated review target). If the engram upsert fails or the memory tool is unavailable, fall back to keeping the ledger inline in the response and explicitly report the degradation — never continue as if persistence succeeded.\n- `none`: keep the ledger inline in the response; do not write files or Engram artifacts — the ledger lives only in this conversation; complete the review → fix → re-review loop within the session because it is not persisted across compaction.\n\n**Scoped re-review.** A re-review pass takes the persisted ledger and the fix diff as input. It MUST verify each ledger finding\'s resolution and MUST review only fix-touched lines; it MUST NOT re-read the full original diff. A finding on an untouched line MUST be logged with status `info` as a first-pass quality signal and MUST NOT by itself trigger another full round.\n\nSubagent execution-mode: this agent runs its lens exhaustively as a dedicated Pi subagent and returns its own ledger rows in its Output; the orchestrator merges those ledger rows into the persisted ledger.\n',
    operator: 'notStrictEqual',
    diff: 'simple'
  }

test at tests\package-manifest.test.ts:799:1
✖ first forced sync migrates untouched v0.14 review contracts and preserves routing (4.7227ms)
  AssertionError [ERR_ASSERTION]: Expected "actual" to be strictly unequal to:
  
  '---\n' +
    'name: review-risk\n' +
    'description: R1 Risk reviewer — security, privilege boundaries, data exposure, dependency risks, and merge-blocking vulnerabilities.\n' +
    'model: private/v014-model\n' +
    'thinking: high\n' +
    'tools:\n' +
    '  - read\n' +
    '  - grep\n' +
    '  - glob\n' +
    '  - bash\n' +
    '---\n' +
    '\n' +
    'You are **R1 Risk**, a read-only reviewer. Find security risks; do not fix them.\n' +
    '\n' +
    'Rule sources: ai-course-2 slides `18-env-secrets.md`, `19-web-security.md`, `20-auth-tokens.md`, `21-owasp-top10.md`.\n' +
    '\n' +
    '## Review rules\n' +
    '\n' +
    '- Flag when secrets, tokens, API keys, JWT secrets, or DB URLs are hardcoded in code or committed examples.\n' +
    '- Block when authz is enforced only in the frontend; require backend verification on every request.\n' +
    '- Flag when user input reaches HTML/DOM sinks without escaping/sanitization.\n' +
    '- Block when SQL/NoSQL/command strings are built by concatenation instead of parameterization.\n' +
    '- Flag when cookies storing auth state miss `httpOnly`, `secure`, or `sameSite` protections.\n' +
    '- Require evidence that security-sensitive changes are covered by backend checks, not UI disabled states.\n' +
    '- Do not flag when React default escaping is used and no raw HTML sink exists.\n' +
    '- Require evidence for dependency/security findings: cite scan failure or vulnerable package, not just "looks risky".\n' +
    '\n' +
    '## Output contract\n' +
    '\n' +
    'Report findings only. Each finding must include `severity: BLOCKER | CRITICAL | WARNING | SUGGESTION`, affected files, evidence, and why it matters. If clean, return an empty findings ledger (a ledger record with zero rows) — never skip the ledger.\n' +
    '\n' +
    '## Review ledger contract\n' +
    '\n' +
    '**Precision limits.** Standard review runs exactly one complete sweep. Full 4R runs at most two complete sweeps per lens. Every finding MUST include concrete evidence of user impact; speculative findings are rejected.\n' +
    '\n' +
    '**Findings ledger.** Emit a findings ledger with this schema for every entry:\n' +
    '\n' +
    '| Field | Values |\n' +
    '|-------|--------|\n' +
    '| `id` | `{LENS}-{NNN}` (e.g. `R1-001`) |\n' +
    '| `lens` | risk \\| readability \\| reliability \\| resilience \\| judgment-day |\n' +
    '| `location` | `path/to/file.ext:line` or `:start-end` |\n' +
    '| `severity` | BLOCKER \\| CRITICAL \\| WARNING \\| SUGGESTION |\n' +
    '| `status` | open \\| refuted \\| fixed \\| verified \\| wont-fix \\| info |\n' +
    '| `evidence` | why it matters |\n' +
    '\n' +
  ...
  
      at TestContext.<anonymous> (file:///D:/jero-pi/jero-pi/tests/package-manifest.test.ts:817:10)
      at Test.runInAsyncScope (node:async_hooks:214:14)
      at Test.run (node:internal/test_runner/test:1103:25)
      at Test.processPendingSubtests (node:internal/test_runner/test:785:18)
      at Test.postRun (node:internal/test_runner/test:1232:19)
      at Test.run (node:internal/test_runner/test:1160:12)
      at async Test.processPendingSubtests (node:internal/test_runner/test:785:7) {
    generatedMessage: true,
    code: 'ERR_ASSERTION',
    actual: '---\nname: review-risk\ndescription: R1 Risk reviewer — security, privilege boundaries, data exposure, dependency risks, and merge-blocking vulnerabilities.\nmodel: private/v014-model\nthinking: high\ntools:\n  - read\n  - grep\n  - glob\n  - bash\n---\n\nYou are **R1 Risk**, a read-only reviewer. Find security risks; do not fix them.\n\nRule sources: ai-course-2 slides `18-env-secrets.md`, `19-web-security.md`, `20-auth-tokens.md`, `21-owasp-top10.md`.\n\n## Review rules\n\n- Flag when secrets, tokens, API keys, JWT secrets, or DB URLs are hardcoded in code or committed examples.\n- Block when authz is enforced only in the frontend; require backend verification on every request.\n- Flag when user input reaches HTML/DOM sinks without escaping/sanitization.\n- Block when SQL/NoSQL/command strings are built by concatenation instead of parameterization.\n- Flag when cookies storing auth state miss `httpOnly`, `secure`, or `sameSite` protections.\n- Require evidence that security-sensitive changes are covered by backend checks, not UI disabled states.\n- Do not flag when React default escaping is used and no raw HTML sink exists.\n- Require evidence for dependency/security findings: cite scan failure or vulnerable package, not just "looks risky".\n\n## Output contract\n\nReport findings only. Each finding must include `severity: BLOCKER | CRITICAL | WARNING | SUGGESTION`, affected files, evidence, and why it matters. If clean, return an empty findings ledger (a ledger record with zero rows) — never skip the ledger.\n\n## Review ledger contract\n\n**Precision limits.** Standard review runs exactly one complete sweep. Full 4R runs at most two complete sweeps per lens. Every finding MUST include concrete evidence of user impact; speculative findings are rejected.\n\n**Findings ledger.** Emit a findings ledger with this schema for every entry:\n\n| Field | Values |\n|-------|--------|\n| `id` | `{LENS}-{NNN}` (e.g. `R1-001`) |\n| `lens` | risk \\| readability \\| reliability \\| resilience \\| judgment-day |\n| `location` | `path/to/file.ext:line` or `:start-end` |\n| `severity` | BLOCKER \\| CRITICAL \\| WARNING \\| SUGGESTION |\n| `status` | open \\| refuted \\| fixed \\| verified \\| wont-fix \\| info |\n| `evidence` | why it matters |\n\nIf the first pass finds nothing, persist an empty ledger record rather than skip persistence.\n\n`refuted` is terminal and MUST NOT be reopened by later rounds. WARNING and SUGGESTION rows are recorded once with status `info` and MUST NOT schedule fixes.\n\nPersistence below is executed by the orchestrator after it merges your returned ledger rows; you never write ledger artifacts yourself.\n\n**Ledger persistence honors the artifact store.**\n- `openspec`: write `openspec/changes/{change-name}/review-ledger.md`.\n- `engram`: upsert topic `sdd/{change-name}/review-ledger` (ad-hoc judgment-day without a change: `review/{target-slug}/ledger`, where `target-slug` = `pr-{number}` when reviewing a PR, else the current branch name kebab-cased, else a kebab-case slug of the user-stated review target). If the engram upsert fails or the memory tool is unavailable, fall back to keeping the ledger inline in the response and explicitly report the degradation — never continue as if persistence succeeded.\n- `none`: keep the ledger inline in the response; do not write files or Engram artifacts — the ledger lives only in this conversation; complete the review → fix → re-review loop within the session because it is not persisted across compaction.\n\nRe-review receives only the authoritative ledger and the fix diff. Re-review assesses affected ledger rows and regressions introduced by the fix.\n\nSubagent execution-mode: this agent runs its lens exhaustively as a dedicated Pi subagent and returns its own ledger rows in its Output; the orchestrator merges those ledger rows into the persisted ledger.\n',
    expected: '---\nname: review-risk\ndescription: R1 Risk reviewer — security, privilege boundaries, data exposure, dependency risks, and merge-blocking vulnerabilities.\nmodel: private/v014-model\nthinking: high\ntools:\n  - read\n  - grep\n  - glob\n  - bash\n---\n\nYou are **R1 Risk**, a read-only reviewer. Find security risks; do not fix them.\n\nRule sources: ai-course-2 slides `18-env-secrets.md`, `19-web-security.md`, `20-auth-tokens.md`, `21-owasp-top10.md`.\n\n## Review rules\n\n- Flag when secrets, tokens, API keys, JWT secrets, or DB URLs are hardcoded in code or committed examples.\n- Block when authz is enforced only in the frontend; require backend verification on every request.\n- Flag when user input reaches HTML/DOM sinks without escaping/sanitization.\n- Block when SQL/NoSQL/command strings are built by concatenation instead of parameterization.\n- Flag when cookies storing auth state miss `httpOnly`, `secure`, or `sameSite` protections.\n- Require evidence that security-sensitive changes are covered by backend checks, not UI disabled states.\n- Do not flag when React default escaping is used and no raw HTML sink exists.\n- Require evidence for dependency/security findings: cite scan failure or vulnerable package, not just "looks risky".\n\n## Output contract\n\nReport findings only. Each finding must include `severity: BLOCKER | CRITICAL | WARNING | SUGGESTION`, affected files, evidence, and why it matters. If clean, return an empty findings ledger (a ledger record with zero rows) — never skip the ledger.\n\n## Review ledger contract\n\n**Precision limits.** Standard review runs exactly one complete sweep. Full 4R runs at most two complete sweeps per lens. Every finding MUST include concrete evidence of user impact; speculative findings are rejected.\n\n**Findings ledger.** Emit a findings ledger with this schema for every entry:\n\n| Field | Values |\n|-------|--------|\n| `id` | `{LENS}-{NNN}` (e.g. `R1-001`) |\n| `lens` | risk \\| readability \\| reliability \\| resilience \\| judgment-day |\n| `location` | `path/to/file.ext:line` or `:start-end` |\n| `severity` | BLOCKER \\| CRITICAL \\| WARNING \\| SUGGESTION |\n| `status` | open \\| refuted \\| fixed \\| verified \\| wont-fix \\| info |\n| `evidence` | why it matters |\n\nIf the first pass finds nothing, persist an empty ledger record rather than skip persistence.\n\n`refuted` is terminal and MUST NOT be reopened by later rounds. WARNING and SUGGESTION rows are recorded once with status `info` and MUST NOT schedule fixes.\n\nPersistence below is executed by the orchestrator after it merges your returned ledger rows; you never write ledger artifacts yourself.\n\n**Ledger persistence honors the artifact store.**\n- `openspec`: write `openspec/changes/{change-name}/review-ledger.md`.\n- `engram`: upsert topic `sdd/{change-name}/review-ledger` (ad-hoc judgment-day without a change: `review/{target-slug}/ledger`, where `target-slug` = `pr-{number}` when reviewing a PR, else the current branch name kebab-cased, else a kebab-case slug of the user-stated review target). If the engram upsert fails or the memory tool is unavailable, fall back to keeping the ledger inline in the response and explicitly report the degradation — never continue as if persistence succeeded.\n- `none`: keep the ledger inline in the response; do not write files or Engram artifacts — the ledger lives only in this conversation; complete the review → fix → re-review loop within the session because it is not persisted across compaction.\n\nRe-review receives only the authoritative ledger and the fix diff. Re-review assesses affected ledger rows and regressions introduced by the fix.\n\nSubagent execution-mode: this agent runs its lens exhaustively as a dedicated Pi subagent and returns its own ledger rows in its Output; the orchestrator merges those ledger rows into the persisted ledger.\n',
    operator: 'notStrictEqual',
    diff: 'simple'
  }

test at tests\package-manifest.test.ts:868:1
✖ forced package installation refreshes an asset recorded as package-managed (4.5097ms)
  AssertionError [ERR_ASSERTION]: a missing package asset must install
      at TestContext.<anonymous> (file:///D:/jero-pi/jero-pi/tests/package-manifest.test.ts:887:10)
      at Test.runInAsyncScope (node:async_hooks:214:14)
      at Test.run (node:internal/test_runner/test:1103:25)
      at Test.processPendingSubtests (node:internal/test_runner/test:785:18)
      at Test.postRun (node:internal/test_runner/test:1232:19)
      at Test.run (node:internal/test_runner/test:1160:12)
      at async Test.processPendingSubtests (node:internal/test_runner/test:785:7) {
    generatedMessage: false,
    code: 'ERR_ASSERTION',
    actual: false,
    expected: true,
    operator: '==',
    diff: 'simple'
  }

test at tests\package-manifest.test.ts:963:1
✖ forced package installation preserves a model-only edit to a managed agent (5.3964ms)
  Error: ENOENT: no such file or directory, open 'C:\Users\Administrator\AppData\Local\Temp\jero-pi-managed-edit-9nndr6\agents\gentle-ai-explore.md'
      at readFileSync (node:fs:439:20)
      at assertManagedAgentUserEditIsPreserved (file:///D:/jero-pi/jero-pi/tests/package-manifest.test.ts:933:27)
      at TestContext.<anonymous> (file:///D:/jero-pi/jero-pi/tests/package-manifest.test.ts:964:2)
      at Test.runInAsyncScope (node:async_hooks:214:14)
      at Test.run (node:internal/test_runner/test:1103:25)
      at Test.processPendingSubtests (node:internal/test_runner/test:785:18)
      at Test.postRun (node:internal/test_runner/test:1232:19)
      at Test.run (node:internal/test_runner/test:1160:12)
      at async Test.processPendingSubtests (node:internal/test_runner/test:785:7) {
    errno: -4058,
    code: 'ENOENT',
    syscall: 'open',
    path: 'C:\\Users\\Administrator\\AppData\\Local\\Temp\\jero-pi-managed-edit-9nndr6\\agents\\gentle-ai-explore.md'
  }

test at tests\package-manifest.test.ts:972:1
✖ forced package installation preserves a thinking-only edit to a managed agent (4.922ms)
  Error: ENOENT: no such file or directory, open 'C:\Users\Administrator\AppData\Local\Temp\jero-pi-managed-edit-Sx5C0p\agents\gentle-ai-explore.md'
      at readFileSync (node:fs:439:20)
      at assertManagedAgentUserEditIsPreserved (file:///D:/jero-pi/jero-pi/tests/package-manifest.test.ts:933:27)
      at TestContext.<anonymous> (file:///D:/jero-pi/jero-pi/tests/package-manifest.test.ts:973:2)
      at Test.runInAsyncScope (node:async_hooks:214:14)
      at Test.run (node:internal/test_runner/test:1103:25)
      at Test.processPendingSubtests (node:internal/test_runner/test:785:18)
      at Test.postRun (node:internal/test_runner/test:1232:19)
      at Test.run (node:internal/test_runner/test:1160:12)
      at async Test.processPendingSubtests (node:internal/test_runner/test:785:7) {
    errno: -4058,
    code: 'ENOENT',
    syscall: 'open',
    path: 'C:\\Users\\Administrator\\AppData\\Local\\Temp\\jero-pi-managed-edit-Sx5C0p\\agents\\gentle-ai-explore.md'
  }

test at tests\package-manifest.test.ts:981:1
✖ forced package installation preserves an ordinary body edit to a managed agent (5.1869ms)
  Error: ENOENT: no such file or directory, open 'C:\Users\Administrator\AppData\Local\Temp\jero-pi-managed-edit-hFfw9L\agents\gentle-ai-explore.md'
      at readFileSync (node:fs:439:20)
      at assertManagedAgentUserEditIsPreserved (file:///D:/jero-pi/jero-pi/tests/package-manifest.test.ts:933:27)
      at TestContext.<anonymous> (file:///D:/jero-pi/jero-pi/tests/package-manifest.test.ts:982:2)
      at Test.runInAsyncScope (node:async_hooks:214:14)
      at Test.run (node:internal/test_runner/test:1103:25)
      at Test.processPendingSubtests (node:internal/test_runner/test:785:18)
      at Test.postRun (node:internal/test_runner/test:1232:19)
      at Test.run (node:internal/test_runner/test:1160:12)
      at async Test.processPendingSubtests (node:internal/test_runner/test:785:7) {
    errno: -4058,
    code: 'ENOENT',
    syscall: 'open',
    path: 'C:\\Users\\Administrator\\AppData\\Local\\Temp\\jero-pi-managed-edit-hFfw9L\\agents\\gentle-ai-explore.md'
  }

test at tests\package-manifest.test.ts:990:1
✖ package model assignment keeps only package-managed agents owned (5.5219ms)
  Error: ENOENT: no such file or directory, open 'C:\Users\Administrator\AppData\Local\Temp\jero-pi-model-ownership-Wsc3wU\agents\user-router.md'
      at writeFileSync (node:fs:2412:20)
      at TestContext.<anonymous> (file:///D:/jero-pi/jero-pi/tests/package-manifest.test.ts:1005:3)
      at Test.runInAsyncScope (node:async_hooks:214:14)
      at Test.run (node:internal/test_runner/test:1103:25)
      at Test.processPendingSubtests (node:internal/test_runner/test:785:18)
      at Test.postRun (node:internal/test_runner/test:1232:19)
      at Test.run (node:internal/test_runner/test:1160:12)
      at async Test.processPendingSubtests (node:internal/test_runner/test:785:7) {
    errno: -4058,
    code: 'ENOENT',
    syscall: 'open',
    path: 'C:\\Users\\Administrator\\AppData\\Local\\Temp\\jero-pi-model-ownership-Wsc3wU\\agents\\user-router.md'
  }

test at tests\package-manifest.test.ts:1188:1
✖ installSddAssets installs gentle-ai-worker with a loader-compatible scoped identity (2.7562ms)
  AssertionError [ERR_ASSERTION]: the production installer must install gentle-ai-worker.md
      at TestContext.<anonymous> (file:///D:/jero-pi/jero-pi/tests/package-manifest.test.ts:1198:10)
      at Test.runInAsyncScope (node:async_hooks:214:14)
      at Test.run (node:internal/test_runner/test:1103:25)
      at Test.processPendingSubtests (node:internal/test_runner/test:785:18)
      at Test.postRun (node:internal/test_runner/test:1232:19)
      at Test.run (node:internal/test_runner/test:1160:12)
      at async Test.processPendingSubtests (node:internal/test_runner/test:785:7) {
    generatedMessage: false,
    code: 'ERR_ASSERTION',
    actual: false,
    expected: true,
    operator: '==',
    diff: 'simple'
  }

test at tests\package-manifest.test.ts:1270:1
✖ asset installation uses PI_CODING_AGENT_DIR as the Pi agent home when no explicit Gentle override is set (2.6313ms)
  AssertionError [ERR_ASSERTION]: managed agents must install where Pi Subagents reads global definitions
      at TestContext.<anonymous> (file:///D:/jero-pi/jero-pi/tests/package-manifest.test.ts:1283:10)
      at Test.runInAsyncScope (node:async_hooks:214:14)
      at Test.run (node:internal/test_runner/test:1103:25)
      at Test.processPendingSubtests (node:internal/test_runner/test:785:18)
      at Test.postRun (node:internal/test_runner/test:1232:19)
      at Test.run (node:internal/test_runner/test:1160:12)
      at async Test.processPendingSubtests (node:internal/test_runner/test:785:7) {
    generatedMessage: false,
    code: 'ERR_ASSERTION',
    actual: false,
    expected: true,
    operator: '==',
    diff: 'simple'
  }

test at tests\package-manifest.test.ts:1306:1
✖ global model routing uses PI_CODING_AGENT_DIR for package-installed agents (4.7244ms)
  AssertionError [ERR_ASSERTION]: Expected values to be strictly equal:
  
  0 !== 2
  
      at TestContext.<anonymous> (file:///D:/jero-pi/jero-pi/tests/package-manifest.test.ts:1321:10)
      at Test.runInAsyncScope (node:async_hooks:214:14)
      at Test.run (node:internal/test_runner/test:1103:25)
      at Test.processPendingSubtests (node:internal/test_runner/test:785:18)
      at Test.postRun (node:internal/test_runner/test:1232:19)
      at Test.run (node:internal/test_runner/test:1160:12)
      at async Test.processPendingSubtests (node:internal/test_runner/test:785:7) {
    generatedMessage: true,
    code: 'ERR_ASSERTION',
    actual: 0,
    expected: 2,
    operator: 'strictEqual',
    diff: 'simple'
  }

test at tests\package-manifest.test.ts:1337:1
✖ normal and forced installation copy generic agents with complete role contracts (2.5795ms)
  Error: ENOENT: no such file or directory, open 'C:\Users\Administrator\AppData\Local\Temp\jero-pi-generic-agents-CiU2Ep\agents\gentle-ai-explore.md'
      at readFileSync (node:fs:439:20)
      at readAgentDefinition (file:///D:/jero-pi/jero-pi/tests/package-manifest.test.ts:243:17)
      at TestContext.<anonymous> (file:///D:/jero-pi/jero-pi/tests/package-manifest.test.ts:1354:69)
      at Test.runInAsyncScope (node:async_hooks:214:14)
      at Test.run (node:internal/test_runner/test:1103:25)
      at Test.processPendingSubtests (node:internal/test_runner/test:785:18)
      at Test.postRun (node:internal/test_runner/test:1232:19)
      at Test.run (node:internal/test_runner/test:1160:12)
      at async Test.processPendingSubtests (node:internal/test_runner/test:785:7) {
    errno: -4058,
    code: 'ENOENT',
    syscall: 'open',
    path: 'C:\\Users\\Administrator\\AppData\\Local\\Temp\\jero-pi-generic-agents-CiU2Ep\\agents\\gentle-ai-explore.md'
  }

test at tests\package-manifest.test.ts:1445:1
✖ v2.6.2 release package and runtime stop before publication (0.4929ms)
  AssertionError [ERR_ASSERTION]: the release manifest must remain explicitly pinned to v2.6.2
  + actual - expected
  
  + '2.6.2-jero.0'
  - '2.6.2'
          ^
  
      at TestContext.<anonymous> (file:///D:/jero-pi/jero-pi/tests/package-manifest.test.ts:1447:9)
      at Test.runInAsyncScope (node:async_hooks:214:14)
      at Test.run (node:internal/test_runner/test:1103:25)
      at Test.processPendingSubtests (node:internal/test_runner/test:785:18)
      at Test.postRun (node:internal/test_runner/test:1232:19)
      at Test.run (node:internal/test_runner/test:1160:12)
      at async Test.processPendingSubtests (node:internal/test_runner/test:785:7) {
    generatedMessage: false,
    code: 'ERR_ASSERTION',
    actual: '2.6.2-jero.0',
    expected: '2.6.2',
    operator: 'strictEqual',
    diff: 'simple'
  }

test at tests\quiet-tool-rendering.test.ts:183:1
✖ quiet tool execution uses the tool-call cwd (146.6487ms)
  AssertionError [ERR_ASSERTION]: Expected values to be strictly equal:
  + actual - expected
  
  + '/d/tmp'
  - 'D:\\tmp'
  
      at TestContext.<anonymous> (file:///D:/jero-pi/jero-pi/tests/quiet-tool-rendering.test.ts:196:9)
      at process.processTicksAndRejections (node:internal/process/task_queues:103:5)
      at async Test.run (node:internal/test_runner/test:1110:7)
      at async Test.processPendingSubtests (node:internal/test_runner/test:785:7) {
    generatedMessage: true,
    code: 'ERR_ASSERTION',
    actual: '/d/tmp',
    expected: 'D:\\tmp',
    operator: 'strictEqual',
    diff: 'simple'
  }

test at tests\review-agent-end-preflight.test.ts:138:2
✖ agent_end after approved acknowledgement: same (444.0203ms)
  AssertionError [ERR_ASSERTION]: Expected values to be strictly deep-equal:
  + actual - expected
  
    {
  +   lineage_created: false,
  +   mutation_outcome: 'none',
  +   mutation_performed: false,
  +   next_action: 'resolve-native-operation-failure',
  -   authority: 'burned',
  -   burn_evidence: 'gentle-ai.review-acknowledged/v1',
  -   consumed_revision: 'sha256:aaaaaaaaaaaaaaaaaaaaaaaaaaaaaaaaaaaaaaaaaaaaaaaaaaaaaaaaaaaaaaaa',
  -   delivery: 'ordinary-repository-policy',
  -   lineage_id: 'agent-end-post-ack-same',
  -   mutation_outcome: 'committed',
  -   mutation_performed: true,
      operation: 'acknowledge-approved',
  +   outcome: 'native-operation-failed',
  +   status: 'blocked'
  -   outcome: 'native-approved-acknowledgement-completed',
  -   status: 'closed',
  -   target_identity: 'sha256:aaaaaaaaaaaaaaaaaaaaaaaaaaaaaaaaaaaaaaaaaaaaaaaaaaaaaaaaaaaaaaaa'
    }
  
      at TestContext.<anonymous> (file:///D:/jero-pi/jero-pi/tests/review-agent-end-preflight.test.ts:217:17)
      at async Test.run (node:internal/test_runner/test:1110:7)
      at async startSubtestAfterBootstrap (node:internal/test_runner/harness:358:3) {
    generatedMessage: true,
    code: 'ERR_ASSERTION',
    actual: { operation: 'acknowledge-approved', status: 'blocked', outcome: 'native-operation-failed', lineage_created: false, mutation_performed: false, mutation_outcome: 'none', next_action: 'resolve-native-operation-failure' },
    expected: { operation: 'acknowledge-approved', status: 'closed', outcome: 'native-approved-acknowledgement-completed', lineage_id: 'agent-end-post-ack-same', target_identity: 'sha256:aaaaaaaaaaaaaaaaaaaaaaaaaaaaaaaaaaaaaaaaaaaaaaaaaaaaaaaaaaaaaaaa', consumed_revision: 'sha256:aaaaaaaaaaaaaaaaaaaaaaaaaaaaaaaaaaaaaaaaaaaaaaaaaaaaaaaaaaaaaaaa', burn_evidence: 'gentle-ai.review-acknowledged/v1', authority: 'burned', delivery: 'ordinary-repository-policy', mutation_performed: true, mutation_outcome: 'committed' },
    operator: 'deepStrictEqual',
    diff: 'simple'
  }

test at tests\review-agent-end-preflight.test.ts:138:2
✖ agent_end after approved acknowledgement: changed (421.6538ms)
  AssertionError [ERR_ASSERTION]: Expected values to be strictly deep-equal:
  + actual - expected
  
    {
  +   lineage_created: false,
  +   mutation_outcome: 'none',
  +   mutation_performed: false,
  +   next_action: 'resolve-native-operation-failure',
  -   authority: 'burned',
  -   burn_evidence: 'gentle-ai.review-acknowledged/v1',
  -   consumed_revision: 'sha256:aaaaaaaaaaaaaaaaaaaaaaaaaaaaaaaaaaaaaaaaaaaaaaaaaaaaaaaaaaaaaaaa',
  -   delivery: 'ordinary-repository-policy',
  -   lineage_id: 'agent-end-post-ack-changed',
  -   mutation_outcome: 'committed',
  -   mutation_performed: true,
      operation: 'acknowledge-approved',
  +   outcome: 'native-operation-failed',
  +   status: 'blocked'
  -   outcome: 'native-approved-acknowledgement-completed',
  -   status: 'closed',
  -   target_identity: 'sha256:aaaaaaaaaaaaaaaaaaaaaaaaaaaaaaaaaaaaaaaaaaaaaaaaaaaaaaaaaaaaaaaa'
    }
  
      at TestContext.<anonymous> (file:///D:/jero-pi/jero-pi/tests/review-agent-end-preflight.test.ts:217:17)
      at async Test.run (node:internal/test_runner/test:1110:7)
      at async Test.processPendingSubtests (node:internal/test_runner/test:785:7) {
    generatedMessage: true,
    code: 'ERR_ASSERTION',
    actual: { operation: 'acknowledge-approved', status: 'blocked', outcome: 'native-operation-failed', lineage_created: false, mutation_performed: false, mutation_outcome: 'none', next_action: 'resolve-native-operation-failure' },
    expected: { operation: 'acknowledge-approved', status: 'closed', outcome: 'native-approved-acknowledgement-completed', lineage_id: 'agent-end-post-ack-changed', target_identity: 'sha256:aaaaaaaaaaaaaaaaaaaaaaaaaaaaaaaaaaaaaaaaaaaaaaaaaaaaaaaaaaaaaaaa', consumed_revision: 'sha256:aaaaaaaaaaaaaaaaaaaaaaaaaaaaaaaaaaaaaaaaaaaaaaaaaaaaaaaaaaaaaaaa', burn_evidence: 'gentle-ai.review-acknowledged/v1', authority: 'burned', delivery: 'ordinary-repository-policy', mutation_performed: true, mutation_outcome: 'committed' },
    operator: 'deepStrictEqual',
    diff: 'simple'
  }

test at tests\review-agent-end-preflight.test.ts:138:2
✖ agent_end after approved acknowledgement: sibling-root (472.6914ms)
  AssertionError [ERR_ASSERTION]: Expected values to be strictly deep-equal:
  + actual - expected
  
    {
  +   lineage_created: false,
  +   mutation_outcome: 'none',
  +   mutation_performed: false,
  +   next_action: 'resolve-native-operation-failure',
  -   authority: 'burned',
  -   burn_evidence: 'gentle-ai.review-acknowledged/v1',
  -   consumed_revision: 'sha256:aaaaaaaaaaaaaaaaaaaaaaaaaaaaaaaaaaaaaaaaaaaaaaaaaaaaaaaaaaaaaaaa',
  -   delivery: 'ordinary-repository-policy',
  -   lineage_id: 'agent-end-post-ack-sibling-root',
  -   mutation_outcome: 'committed',
  -   mutation_performed: true,
      operation: 'acknowledge-approved',
  +   outcome: 'native-operation-failed',
  +   status: 'blocked'
  -   outcome: 'native-approved-acknowledgement-completed',
  -   status: 'closed',
  -   target_identity: 'sha256:aaaaaaaaaaaaaaaaaaaaaaaaaaaaaaaaaaaaaaaaaaaaaaaaaaaaaaaaaaaaaaaa'
    }
  
      at TestContext.<anonymous> (file:///D:/jero-pi/jero-pi/tests/review-agent-end-preflight.test.ts:217:17)
      at async Test.run (node:internal/test_runner/test:1110:7)
      at async Test.processPendingSubtests (node:internal/test_runner/test:785:7) {
    generatedMessage: true,
    code: 'ERR_ASSERTION',
    actual: { operation: 'acknowledge-approved', status: 'blocked', outcome: 'native-operation-failed', lineage_created: false, mutation_performed: false, mutation_outcome: 'none', next_action: 'resolve-native-operation-failure' },
    expected: { operation: 'acknowledge-approved', status: 'closed', outcome: 'native-approved-acknowledgement-completed', lineage_id: 'agent-end-post-ack-sibling-root', target_identity: 'sha256:aaaaaaaaaaaaaaaaaaaaaaaaaaaaaaaaaaaaaaaaaaaaaaaaaaaaaaaaaaaaaaaa', consumed_revision: 'sha256:aaaaaaaaaaaaaaaaaaaaaaaaaaaaaaaaaaaaaaaaaaaaaaaaaaaaaaaaaaaaaaaa', burn_evidence: 'gentle-ai.review-acknowledged/v1', authority: 'burned', delivery: 'ordinary-repository-policy', mutation_performed: true, mutation_outcome: 'committed' },
    operator: 'deepStrictEqual',
    diff: 'simple'
  }

test at tests\review-agent-end-preflight.test.ts:138:2
✖ agent_end after approved acknowledgement: nested-root (460.602ms)
  AssertionError [ERR_ASSERTION]: Expected values to be strictly deep-equal:
  + actual - expected
  
    {
  +   lineage_created: false,
  +   mutation_outcome: 'none',
  +   mutation_performed: false,
  +   next_action: 'resolve-native-operation-failure',
  -   authority: 'burned',
  -   burn_evidence: 'gentle-ai.review-acknowledged/v1',
  -   consumed_revision: 'sha256:aaaaaaaaaaaaaaaaaaaaaaaaaaaaaaaaaaaaaaaaaaaaaaaaaaaaaaaaaaaaaaaa',
  -   delivery: 'ordinary-repository-policy',
  -   lineage_id: 'agent-end-post-ack-nested-root',
  -   mutation_outcome: 'committed',
  -   mutation_performed: true,
      operation: 'acknowledge-approved',
  +   outcome: 'native-operation-failed',
  +   status: 'blocked'
  -   outcome: 'native-approved-acknowledgement-completed',
  -   status: 'closed',
  -   target_identity: 'sha256:aaaaaaaaaaaaaaaaaaaaaaaaaaaaaaaaaaaaaaaaaaaaaaaaaaaaaaaaaaaaaaaa'
    }
  
      at TestContext.<anonymous> (file:///D:/jero-pi/jero-pi/tests/review-agent-end-preflight.test.ts:217:17)
      at async Test.run (node:internal/test_runner/test:1110:7)
      at async Test.processPendingSubtests (node:internal/test_runner/test:785:7) {
    generatedMessage: true,
    code: 'ERR_ASSERTION',
    actual: { operation: 'acknowledge-approved', status: 'blocked', outcome: 'native-operation-failed', lineage_created: false, mutation_performed: false, mutation_outcome: 'none', next_action: 'resolve-native-operation-failure' },
    expected: { operation: 'acknowledge-approved', status: 'closed', outcome: 'native-approved-acknowledgement-completed', lineage_id: 'agent-end-post-ack-nested-root', target_identity: 'sha256:aaaaaaaaaaaaaaaaaaaaaaaaaaaaaaaaaaaaaaaaaaaaaaaaaaaaaaaaaaaaaaaa', consumed_revision: 'sha256:aaaaaaaaaaaaaaaaaaaaaaaaaaaaaaaaaaaaaaaaaaaaaaaaaaaaaaaaaaaaaaaa', burn_evidence: 'gentle-ai.review-acknowledged/v1', authority: 'burned', delivery: 'ordinary-repository-policy', mutation_performed: true, mutation_outcome: 'committed' },
    operator: 'deepStrictEqual',
    diff: 'simple'
  }

test at tests\review-agent-end-preflight.test.ts:138:2
✖ agent_end after approved acknowledgement: failed (401.067ms)
  AssertionError [ERR_ASSERTION]: Expected values to be strictly deep-equal:
  + actual - expected
  
  + []
  - [
  -   {
  -     argumentTokens: [
  -       '--cwd=D:\\jero-pi\\jero-pi',
  -       '--lineage=agent-end-post-ack-failed',
  -       '--target=sha256:aaaaaaaaaaaaaaaaaaaaaaaaaaaaaaaaaaaaaaaaaaaaaaaaaaaaaaaaaaaaaaaa',
  -       '--expected-revision=sha256:aaaaaaaaaaaaaaaaaaaaaaaaaaaaaaaaaaaaaaaaaaaaaaaaaaaaaaaaaaaaaaaa',
  -       '--token=provider-issued-once'
  -     ],
  -     binding: {
  -       lineageId: 'agent-end-post-ack-failed',
  -       revision: 'sha256:aaaaaaaaaaaaaaaaaaaaaaaaaaaaaaaaaaaaaaaaaaaaaaaaaaaaaaaaaaaaaaaa',
  -       targetIdentity: 'sha256:aaaaaaaaaaaaaaaaaaaaaaaaaaaaaaaaaaaaaaaaaaaaaaaaaaaaaaaaaaaaaaaa'
  -     },
  -     cwd: 'D:\\jero-pi\\jero-pi'
  -   }
  - ]
  
      at TestContext.<anonymous> (file:///D:/jero-pi/jero-pi/tests/review-agent-end-preflight.test.ts:225:10)
      at async Test.run (node:internal/test_runner/test:1110:7)
      at async Test.processPendingSubtests (node:internal/test_runner/test:785:7) {
    generatedMessage: true,
    code: 'ERR_ASSERTION',
    actual: [],
    expected: [ { cwd: 'D:\\jero-pi\\jero-pi', argumentTokens: [Array], binding: [Object] } ],
    operator: 'deepStrictEqual',
    diff: 'simple'
  }

test at tests\review-agent-end-preflight.test.ts:138:2
✖ agent_end after approved acknowledgement: unknown (422.7049ms)
  AssertionError [ERR_ASSERTION]: Expected values to be strictly equal:
  + actual - expected
  
  + 'native-operation-failed'
  - 'native-mutation-status-reconciled'
            ^
  
      at TestContext.<anonymous> (file:///D:/jero-pi/jero-pi/tests/review-agent-end-preflight.test.ts:215:11)
      at async Test.run (node:internal/test_runner/test:1110:7)
      at async Test.processPendingSubtests (node:internal/test_runner/test:785:7) {
    generatedMessage: true,
    code: 'ERR_ASSERTION',
    actual: 'native-operation-failed',
    expected: 'native-mutation-status-reconciled',
    operator: 'strictEqual',
    diff: 'simple'
  }

test at tests\review-agent-end-preflight.test.ts:138:2
✖ agent_end after approved acknowledgement: shutdown (447.3749ms)
  AssertionError [ERR_ASSERTION]: Expected values to be strictly deep-equal:
  + actual - expected
  
    {
  +   lineage_created: false,
  +   mutation_outcome: 'none',
  +   mutation_performed: false,
  +   next_action: 'resolve-native-operation-failure',
  -   authority: 'burned',
  -   burn_evidence: 'gentle-ai.review-acknowledged/v1',
  -   consumed_revision: 'sha256:aaaaaaaaaaaaaaaaaaaaaaaaaaaaaaaaaaaaaaaaaaaaaaaaaaaaaaaaaaaaaaaa',
  -   delivery: 'ordinary-repository-policy',
  -   lineage_id: 'agent-end-post-ack-shutdown',
  -   mutation_outcome: 'committed',
  -   mutation_performed: true,
      operation: 'acknowledge-approved',
  +   outcome: 'native-operation-failed',
  +   status: 'blocked'
  -   outcome: 'native-approved-acknowledgement-completed',
  -   status: 'closed',
  -   target_identity: 'sha256:aaaaaaaaaaaaaaaaaaaaaaaaaaaaaaaaaaaaaaaaaaaaaaaaaaaaaaaaaaaaaaaa'
    }
  
      at TestContext.<anonymous> (file:///D:/jero-pi/jero-pi/tests/review-agent-end-preflight.test.ts:217:17)
      at async Test.run (node:internal/test_runner/test:1110:7)
      at async Test.processPendingSubtests (node:internal/test_runner/test:785:7) {
    generatedMessage: true,
    code: 'ERR_ASSERTION',
    actual: { operation: 'acknowledge-approved', status: 'blocked', outcome: 'native-operation-failed', lineage_created: false, mutation_performed: false, mutation_outcome: 'none', next_action: 'resolve-native-operation-failure' },
    expected: { operation: 'acknowledge-approved', status: 'closed', outcome: 'native-approved-acknowledgement-completed', lineage_id: 'agent-end-post-ack-shutdown', target_identity: 'sha256:aaaaaaaaaaaaaaaaaaaaaaaaaaaaaaaaaaaaaaaaaaaaaaaaaaaaaaaaaaaaaaaa', consumed_revision: 'sha256:aaaaaaaaaaaaaaaaaaaaaaaaaaaaaaaaaaaaaaaaaaaaaaaaaaaaaaaaaaaaaaaa', burn_evidence: 'gentle-ai.review-acknowledged/v1', authority: 'burned', delivery: 'ordinary-repository-policy', mutation_performed: true, mutation_outcome: 'committed' },
    operator: 'deepStrictEqual',
    diff: 'simple'
  }

test at tests\review-agent-end-preflight.test.ts:138:2
✖ agent_end after approved acknowledgement: other-session (474.7318ms)
  AssertionError [ERR_ASSERTION]: Expected values to be strictly deep-equal:
  + actual - expected
  
    {
  +   lineage_created: false,
  +   mutation_outcome: 'none',
  +   mutation_performed: false,
  +   next_action: 'resolve-native-operation-failure',
  -   authority: 'burned',
  -   burn_evidence: 'gentle-ai.review-acknowledged/v1',
  -   consumed_revision: 'sha256:aaaaaaaaaaaaaaaaaaaaaaaaaaaaaaaaaaaaaaaaaaaaaaaaaaaaaaaaaaaaaaaa',
  -   delivery: 'ordinary-repository-policy',
  -   lineage_id: 'agent-end-post-ack-other-session',
  -   mutation_outcome: 'committed',
  -   mutation_performed: true,
      operation: 'acknowledge-approved',
  +   outcome: 'native-operation-failed',
  +   status: 'blocked'
  -   outcome: 'native-approved-acknowledgement-completed',
  -   status: 'closed',
  -   target_identity: 'sha256:aaaaaaaaaaaaaaaaaaaaaaaaaaaaaaaaaaaaaaaaaaaaaaaaaaaaaaaaaaaaaaaa'
    }
  
      at TestContext.<anonymous> (file:///D:/jero-pi/jero-pi/tests/review-agent-end-preflight.test.ts:217:17)
      at async Test.run (node:internal/test_runner/test:1110:7)
      at async Test.processPendingSubtests (node:internal/test_runner/test:785:7) {
    generatedMessage: true,
    code: 'ERR_ASSERTION',
    actual: { operation: 'acknowledge-approved', status: 'blocked', outcome: 'native-operation-failed', lineage_created: false, mutation_performed: false, mutation_outcome: 'none', next_action: 'resolve-native-operation-failure' },
    expected: { operation: 'acknowledge-approved', status: 'closed', outcome: 'native-approved-acknowledgement-completed', lineage_id: 'agent-end-post-ack-other-session', target_identity: 'sha256:aaaaaaaaaaaaaaaaaaaaaaaaaaaaaaaaaaaaaaaaaaaaaaaaaaaaaaaaaaaaaaaa', consumed_revision: 'sha256:aaaaaaaaaaaaaaaaaaaaaaaaaaaaaaaaaaaaaaaaaaaaaaaaaaaaaaaaaaaaaaaa', burn_evidence: 'gentle-ai.review-acknowledged/v1', authority: 'burned', delivery: 'ordinary-repository-policy', mutation_performed: true, mutation_outcome: 'committed' },
    operator: 'deepStrictEqual',
    diff: 'simple'
  }

test at tests\review-agent-end-preflight.test.ts:138:2
✖ agent_end after approved acknowledgement: legacy-success (432.4298ms)
  AssertionError [ERR_ASSERTION]: Expected values to be strictly deep-equal:
  + actual - expected
  
    {
  +   lineage_created: false,
  +   mutation_outcome: 'none',
  +   mutation_performed: false,
  +   next_action: 'resolve-native-operation-failure',
  -   authority: 'burned',
  -   delivery: 'ordinary-repository-policy',
  -   lineage_id: 'agent-end-post-ack-legacy-success',
  -   mutation_outcome: 'committed',
  -   mutation_performed: true,
      operation: 'acknowledge-approved',
  +   outcome: 'native-operation-failed',
  +   status: 'blocked'
  -   outcome: 'native-approved-acknowledgement-completed',
  -   status: 'closed',
  -   target_identity: 'sha256:aaaaaaaaaaaaaaaaaaaaaaaaaaaaaaaaaaaaaaaaaaaaaaaaaaaaaaaaaaaaaaaa'
    }
  
      at TestContext.<anonymous> (file:///D:/jero-pi/jero-pi/tests/review-agent-end-preflight.test.ts:217:17)
      at async Test.run (node:internal/test_runner/test:1110:7)
      at async Test.processPendingSubtests (node:internal/test_runner/test:785:7) {
    generatedMessage: true,
    code: 'ERR_ASSERTION',
    actual: { operation: 'acknowledge-approved', status: 'blocked', outcome: 'native-operation-failed', lineage_created: false, mutation_performed: false, mutation_outcome: 'none', next_action: 'resolve-native-operation-failure' },
    expected: { operation: 'acknowledge-approved', status: 'closed', outcome: 'native-approved-acknowledgement-completed', lineage_id: 'agent-end-post-ack-legacy-success', target_identity: 'sha256:aaaaaaaaaaaaaaaaaaaaaaaaaaaaaaaaaaaaaaaaaaaaaaaaaaaaaaaaaaaaaaaa', authority: 'burned', delivery: 'ordinary-repository-policy', mutation_performed: true, mutation_outcome: 'committed' },
    operator: 'deepStrictEqual',
    diff: 'simple'
  }

test at tests\review-agent-end-preflight.test.ts:138:2
✖ agent_end after approved acknowledgement: new-write (432.5781ms)
  AssertionError [ERR_ASSERTION]: Expected values to be strictly deep-equal:
  + actual - expected
  
    {
  +   lineage_created: false,
  +   mutation_outcome: 'none',
  +   mutation_performed: false,
  +   next_action: 'resolve-native-operation-failure',
  -   authority: 'burned',
  -   burn_evidence: 'gentle-ai.review-acknowledged/v1',
  -   consumed_revision: 'sha256:aaaaaaaaaaaaaaaaaaaaaaaaaaaaaaaaaaaaaaaaaaaaaaaaaaaaaaaaaaaaaaaa',
  -   delivery: 'ordinary-repository-policy',
  -   lineage_id: 'agent-end-post-ack-new-write',
  -   mutation_outcome: 'committed',
  -   mutation_performed: true,
      operation: 'acknowledge-approved',
  +   outcome: 'native-operation-failed',
  +   status: 'blocked'
  -   outcome: 'native-approved-acknowledgement-completed',
  -   status: 'closed',
  -   target_identity: 'sha256:aaaaaaaaaaaaaaaaaaaaaaaaaaaaaaaaaaaaaaaaaaaaaaaaaaaaaaaaaaaaaaaa'
    }
  
      at TestContext.<anonymous> (file:///D:/jero-pi/jero-pi/tests/review-agent-end-preflight.test.ts:217:17)
      at async Test.run (node:internal/test_runner/test:1110:7)
      at async Test.processPendingSubtests (node:internal/test_runner/test:785:7) {
    generatedMessage: true,
    code: 'ERR_ASSERTION',
    actual: { operation: 'acknowledge-approved', status: 'blocked', outcome: 'native-operation-failed', lineage_created: false, mutation_performed: false, mutation_outcome: 'none', next_action: 'resolve-native-operation-failure' },
    expected: { operation: 'acknowledge-approved', status: 'closed', outcome: 'native-approved-acknowledgement-completed', lineage_id: 'agent-end-post-ack-new-write', target_identity: 'sha256:aaaaaaaaaaaaaaaaaaaaaaaaaaaaaaaaaaaaaaaaaaaaaaaaaaaaaaaaaaaaaaaa', consumed_revision: 'sha256:aaaaaaaaaaaaaaaaaaaaaaaaaaaaaaaaaaaaaaaaaaaaaaaaaaaaaaaaaaaaaaaa', burn_evidence: 'gentle-ai.review-acknowledged/v1', authority: 'burned', delivery: 'ordinary-repository-policy', mutation_performed: true, mutation_outcome: 'committed' },
    operator: 'deepStrictEqual',
    diff: 'simple'
  }

test at tests\review-agent-end-preflight.test.ts:138:2
✖ agent_end after approved acknowledgement: concurrent-write (401.5567ms)
  AssertionError [ERR_ASSERTION]: Expected values to be strictly deep-equal:
  + actual - expected
  
    {
  +   lineage_created: false,
  +   mutation_outcome: 'none',
  +   mutation_performed: false,
  +   next_action: 'resolve-native-operation-failure',
  -   authority: 'burned',
  -   burn_evidence: 'gentle-ai.review-acknowledged/v1',
  -   consumed_revision: 'sha256:aaaaaaaaaaaaaaaaaaaaaaaaaaaaaaaaaaaaaaaaaaaaaaaaaaaaaaaaaaaaaaaa',
  -   delivery: 'ordinary-repository-policy',
  -   lineage_id: 'agent-end-post-ack-concurrent-write',
  -   mutation_outcome: 'committed',
  -   mutation_performed: true,
      operation: 'acknowledge-approved',
  +   outcome: 'native-operation-failed',
  +   status: 'blocked'
  -   outcome: 'native-approved-acknowledgement-completed',
  -   status: 'closed',
  -   target_identity: 'sha256:aaaaaaaaaaaaaaaaaaaaaaaaaaaaaaaaaaaaaaaaaaaaaaaaaaaaaaaaaaaaaaaa'
    }
  
      at TestContext.<anonymous> (file:///D:/jero-pi/jero-pi/tests/review-agent-end-preflight.test.ts:217:17)
      at async Test.run (node:internal/test_runner/test:1110:7)
      at async Test.processPendingSubtests (node:internal/test_runner/test:785:7) {
    generatedMessage: true,
    code: 'ERR_ASSERTION',
    actual: { operation: 'acknowledge-approved', status: 'blocked', outcome: 'native-operation-failed', lineage_created: false, mutation_performed: false, mutation_outcome: 'none', next_action: 'resolve-native-operation-failure' },
    expected: { operation: 'acknowledge-approved', status: 'closed', outcome: 'native-approved-acknowledgement-completed', lineage_id: 'agent-end-post-ack-concurrent-write', target_identity: 'sha256:aaaaaaaaaaaaaaaaaaaaaaaaaaaaaaaaaaaaaaaaaaaaaaaaaaaaaaaaaaaaaaaa', consumed_revision: 'sha256:aaaaaaaaaaaaaaaaaaaaaaaaaaaaaaaaaaaaaaaaaaaaaaaaaaaaaaaaaaaaaaaa', burn_evidence: 'gentle-ai.review-acknowledged/v1', authority: 'burned', delivery: 'ordinary-repository-policy', mutation_performed: true, mutation_outcome: 'committed' },
    operator: 'deepStrictEqual',
    diff: 'simple'
  }

test at tests\review-gate.test.ts:417:11
✖ nonzero (1209.0722ms)
  AssertionError [ERR_ASSERTION]: Every push ref update matches the approved receipt.
  
  'allow' !== 'deny'
  
      at TestContext.<anonymous> (file:///D:/jero-pi/jero-pi/tests/review-gate.test.ts:426:12)
      at Test.runInAsyncScope (node:async_hooks:214:14)
      at Test.run (node:internal/test_runner/test:1103:25)
      at Test.start (node:internal/test_runner/test:1000:17)
      at TestContext.test (node:internal/test_runner/test:367:20)
      at TestContext.<anonymous> (file:///D:/jero-pi/jero-pi/tests/review-gate.test.ts:417:11)
      at Test.runInAsyncScope (node:async_hooks:214:14)
      at Test.run (node:internal/test_runner/test:1103:25)
      at Test.processPendingSubtests (node:internal/test_runner/test:785:18)
      at Test.postRun (node:internal/test_runner/test:1232:19) {
    generatedMessage: false,
    code: 'ERR_ASSERTION',
    actual: 'allow',
    expected: 'deny',
    operator: 'strictEqual',
    diff: 'simple'
  }

test at tests\review-gate.test.ts:417:11
✖ malformed (1217.4251ms)
  AssertionError [ERR_ASSERTION]: Every push ref update matches the approved receipt.
  
  'allow' !== 'deny'
  
      at TestContext.<anonymous> (file:///D:/jero-pi/jero-pi/tests/review-gate.test.ts:426:12)
      at Test.runInAsyncScope (node:async_hooks:214:14)
      at Test.run (node:internal/test_runner/test:1103:25)
      at Test.start (node:internal/test_runner/test:1000:17)
      at TestContext.test (node:internal/test_runner/test:367:20)
      at TestContext.<anonymous> (file:///D:/jero-pi/jero-pi/tests/review-gate.test.ts:417:11)
      at async Test.run (node:internal/test_runner/test:1110:7)
      at async Test.processPendingSubtests (node:internal/test_runner/test:785:7) {
    generatedMessage: false,
    code: 'ERR_ASSERTION',
    actual: 'allow',
    expected: 'deny',
    operator: 'strictEqual',
    diff: 'simple'
  }

test at tests\review-gate.test.ts:417:11
✖ ambiguous (1236.7917ms)
  AssertionError [ERR_ASSERTION]: Every push ref update matches the approved receipt.
  
  'allow' !== 'deny'
  
      at TestContext.<anonymous> (file:///D:/jero-pi/jero-pi/tests/review-gate.test.ts:426:12)
      at Test.runInAsyncScope (node:async_hooks:214:14)
      at Test.run (node:internal/test_runner/test:1103:25)
      at Test.start (node:internal/test_runner/test:1000:17)
      at TestContext.test (node:internal/test_runner/test:367:20)
      at TestContext.<anonymous> (file:///D:/jero-pi/jero-pi/tests/review-gate.test.ts:417:11)
      at async Test.run (node:internal/test_runner/test:1110:7)
      at async Test.processPendingSubtests (node:internal/test_runner/test:785:7) {
    generatedMessage: false,
    code: 'ERR_ASSERTION',
    actual: 'allow',
    expected: 'deny',
    operator: 'strictEqual',
    diff: 'simple'
  }

test at tests\review-host-relay.test.ts:268:1
✖ the central native CLI runner declares the relay contract on every gentle-ai spawn (21.873ms)
  Error: spawn C:\Users\Administrator\AppData\Local\Temp\jero-pi-relay-harness-mQ8Jy9\env-probe ENOENT
      at ChildProcess._handle.onexit (node:internal/child_process:286:19)
      at onErrorNT (node:internal/child_process:484:16)
      at process.processTicksAndRejections (node:internal/process/task_queues:89:21) {
    errno: -4058,
    code: 'ENOENT',
    syscall: 'spawn C:\\Users\\Administrator\\AppData\\Local\\Temp\\jero-pi-relay-harness-mQ8Jy9\\env-probe',
    path: 'C:\\Users\\Administrator\\AppData\\Local\\Temp\\jero-pi-relay-harness-mQ8Jy9\\env-probe',
    spawnargs: [ 'version' ],
    cmd: 'C:\\Users\\Administrator\\AppData\\Local\\Temp\\jero-pi-relay-harness-mQ8Jy9\\env-probe version',
    stdout: '',
    stderr: ''
  }

test at tests\review-host-relay.test.ts:296:1
✖ relay happy path moves prompt and result bytes verbatim through a fresh empty scratch pi subprocess (7.5185ms)
  Error [ReviewHostRelayError]: gentle-ai prompt materialization could not start: spawn C:\Users\Administrator\AppData\Local\Temp\jero-pi-relay-harness-4nUMN4\gentle-ai ENOENT
      at prepareReviewHostRelaySlot (file:///D:/jero-pi/jero-pi/lib/review/review-host-relay.ts:535:9)
      at process.processTicksAndRejections (node:internal/process/task_queues:103:5)
      at async runReviewHostRelaySlot (file:///D:/jero-pi/jero-pi/lib/review/review-host-relay.ts:691:51)
      at async TestContext.<anonymous> (file:///D:/jero-pi/jero-pi/tests/review-host-relay.test.ts:298:17)
      at async Test.run (node:internal/test_runner/test:1110:7)
      at async Test.processPendingSubtests (node:internal/test_runner/test:785:7) {
    kind: 'materialize-failed',
    stage: 'materialize',
    exitCode: null,
    stderr: '',
    timedOut: false,
    elapsedMs: null,
    timeoutMs: null,
    mutationOutcome: 'none'
  }

test at tests\review-host-relay.test.ts:338:1
✖ the pi lockdown argv is pinned exactly with no model or provider selection (5.9632ms)
  Error [ReviewHostRelayError]: gentle-ai prompt materialization could not start: spawn C:\Users\Administrator\AppData\Local\Temp\jero-pi-relay-harness-VTWmT9\gentle-ai ENOENT
      at prepareReviewHostRelaySlot (file:///D:/jero-pi/jero-pi/lib/review/review-host-relay.ts:535:9)
      at process.processTicksAndRejections (node:internal/process/task_queues:103:5)
      at async runReviewHostRelaySlot (file:///D:/jero-pi/jero-pi/lib/review/review-host-relay.ts:691:51)
      at async TestContext.<anonymous> (file:///D:/jero-pi/jero-pi/tests/review-host-relay.test.ts:340:2)
      at async Test.run (node:internal/test_runner/test:1110:7)
      at async Test.processPendingSubtests (node:internal/test_runner/test:785:7) {
    kind: 'materialize-failed',
    stage: 'materialize',
    exitCode: null,
    stderr: '',
    timedOut: false,
    elapsedMs: null,
    timeoutMs: null,
    mutationOutcome: 'none'
  }

test at tests\review-host-relay.test.ts:359:1
✖ preparation snapshots mutable submission tokens and values before materialization (12.7697ms)
  Error [ReviewHostRelayError]: gentle-ai prompt materialization could not start: spawn C:\Users\Administrator\AppData\Local\Temp\jero-pi-relay-harness-nr788b\gentle-ai ENOENT
      at prepareReviewHostRelaySlot (file:///D:/jero-pi/jero-pi/lib/review/review-host-relay.ts:535:9)
      at process.processTicksAndRejections (node:internal/process/task_queues:103:5) {
    kind: 'materialize-failed',
    stage: 'materialize',
    exitCode: null,
    stderr: '',
    timedOut: false,
    elapsedMs: null,
    timeoutMs: null,
    mutationOutcome: 'none'
  }

test at tests\review-host-relay.test.ts:388:1
✖ preparation keeps reviewer bytes private through deferred submission (11.0998ms)
  Error [ReviewHostRelayError]: gentle-ai prompt materialization could not start: spawn C:\Users\Administrator\AppData\Local\Temp\jero-pi-relay-harness-z3FmYQ\gentle-ai ENOENT
      at prepareReviewHostRelaySlot (file:///D:/jero-pi/jero-pi/lib/review/review-host-relay.ts:535:9)
      at process.processTicksAndRejections (node:internal/process/task_queues:103:5)
      at async TestContext.<anonymous> (file:///D:/jero-pi/jero-pi/tests/review-host-relay.test.ts:391:19)
      at async Test.run (node:internal/test_runner/test:1110:7)
      at async Test.processPendingSubtests (node:internal/test_runner/test:785:7) {
    kind: 'materialize-failed',
    stage: 'materialize',
    exitCode: null,
    stderr: '',
    timedOut: false,
    elapsedMs: null,
    timeoutMs: null,
    mutationOutcome: 'none'
  }

test at tests\review-host-relay.test.ts:408:1
✖ the supplied AbortSignal stays live through deferred submission (10.0977ms)
  Error [ReviewHostRelayError]: gentle-ai prompt materialization could not start: spawn C:\Users\Administrator\AppData\Local\Temp\jero-pi-relay-harness-6Wv3Lk\gentle-ai ENOENT
      at prepareReviewHostRelaySlot (file:///D:/jero-pi/jero-pi/lib/review/review-host-relay.ts:535:9)
      at process.processTicksAndRejections (node:internal/process/task_queues:103:5)
      at async TestContext.<anonymous> (file:///D:/jero-pi/jero-pi/tests/review-host-relay.test.ts:411:19)
      at async Test.run (node:internal/test_runner/test:1110:7)
      at async Test.processPendingSubtests (node:internal/test_runner/test:785:7) {
    kind: 'materialize-failed',
    stage: 'materialize',
    exitCode: null,
    stderr: '',
    timedOut: false,
    elapsedMs: null,
    timeoutMs: null,
    mutationOutcome: 'none'
  }

test at tests\review-host-relay.test.ts:418:1
✖ four reviewers cross a shared barrier before any result submission can begin (10.075ms)
  Error [ReviewHostRelayError]: gentle-ai prompt materialization could not start: spawn C:\Users\Administrator\AppData\Local\Temp\jero-pi-relay-harness-DRJanq\gentle-ai ENOENT
      at prepareReviewHostRelaySlot (file:///D:/jero-pi/jero-pi/lib/review/review-host-relay.ts:535:9)
      at process.processTicksAndRejections (node:internal/process/task_queues:103:5)
      at async file:///D:/jero-pi/jero-pi/lib/review/review-host-relay.ts:609:75
      at async Promise.allSettled (index 0)
      at async runReviewHostRelayReviewerGroup (file:///D:/jero-pi/jero-pi/lib/review/review-host-relay.ts:609:18)
      at async TestContext.<anonymous> (file:///D:/jero-pi/jero-pi/tests/review-host-relay.test.ts:430:19)
      at async Test.run (node:internal/test_runner/test:1110:7)
      at async Test.processPendingSubtests (node:internal/test_runner/test:785:7) {
    kind: 'materialize-failed',
    stage: 'materialize',
    exitCode: null,
    stderr: '',
    timedOut: false,
    elapsedMs: null,
    timeoutMs: null,
    mutationOutcome: 'none'
  }

test at tests\review-host-relay.test.ts:502:1
✖ materialize nonzero exit fails closed with a typed error and never launches pi or submits (8.1701ms)
  AssertionError [ERR_ASSERTION]: Expected values to be strictly equal:
  
  null !== 3
  
      at TestContext.<anonymous> (file:///D:/jero-pi/jero-pi/tests/review-host-relay.test.ts:505:9)
      at process.processTicksAndRejections (node:internal/process/task_queues:103:5)
      at async Test.run (node:internal/test_runner/test:1110:7)
      at async Test.processPendingSubtests (node:internal/test_runner/test:785:7) {
    generatedMessage: true,
    code: 'ERR_ASSERTION',
    actual: null,
    expected: 3,
    operator: 'strictEqual',
    diff: 'simple'
  }

test at tests\review-host-relay.test.ts:512:1
✖ an empty materialized prompt fails closed before pi launches (10.3097ms)
  AssertionError [ERR_ASSERTION]: The validation function is expected to return "true". Received false
  
  Caught error:
  
  ReviewHostRelayError: gentle-ai prompt materialization could not start: spawn C:\Users\Administrator\AppData\Local\Temp\jero-pi-relay-harness-RUDqNu\gentle-ai ENOENT
      at process.processTicksAndRejections (node:internal/process/task_queues:103:5)
      at async rejectsWithRelayError (file:///D:/jero-pi/jero-pi/tests/review-host-relay.test.ts:256:2)
      at async TestContext.<anonymous> (file:///D:/jero-pi/jero-pi/tests/review-host-relay.test.ts:514:2)
      at async Test.run (node:internal/test_runner/test:1110:7)
      at async Test.processPendingSubtests (node:internal/test_runner/test:785:7) {
    generatedMessage: true,
    code: 'ERR_ASSERTION',
    actual: ReviewHostRelayError: gentle-ai prompt materialization could not start: spawn C:\Users\Administrator\AppData\Local\Temp\jero-pi-relay-harness-RUDqNu\gentle-ai ENOENT
        at prepareReviewHostRelaySlot (file:///D:/jero-pi/jero-pi/lib/review/review-host-relay.ts:535:9)
        at process.processTicksAndRejections (node:internal/process/task_queues:103:5)
        at async runReviewHostRelaySlot (file:///D:/jero-pi/jero-pi/lib/review/review-host-relay.ts:691:51)
        at async waitForActual (node:assert:646:5)
        at async strict.rejects (node:assert:769:25)
        at async rejectsWithRelayError (file:///D:/jero-pi/jero-pi/tests/review-host-relay.test.ts:256:2)
        at async TestContext.<anonymous> (file:///D:/jero-pi/jero-pi/tests/review-host-relay.test.ts:514:2)
        at async Test.run (node:internal/test_runner/test:1110:7)
        at async Test.processPendingSubtests (node:internal/test_runner/test:785:7),
    operator: 'rejects',
    diff: 'simple'
  }

test at tests\review-host-relay.test.ts:519:1
✖ pi nonzero exit fails closed with a typed error and no submission (7.1519ms)
  AssertionError [ERR_ASSERTION]: The validation function is expected to return "true". Received false
  
  Caught error:
  
  ReviewHostRelayError: gentle-ai prompt materialization could not start: spawn C:\Users\Administrator\AppData\Local\Temp\jero-pi-relay-harness-T2Xkld\gentle-ai ENOENT
      at process.processTicksAndRejections (node:internal/process/task_queues:103:5)
      at async rejectsWithRelayError (file:///D:/jero-pi/jero-pi/tests/review-host-relay.test.ts:256:2)
      at async TestContext.<anonymous> (file:///D:/jero-pi/jero-pi/tests/review-host-relay.test.ts:521:16)
      at async Test.run (node:internal/test_runner/test:1110:7)
      at async Test.processPendingSubtests (node:internal/test_runner/test:785:7) {
    generatedMessage: true,
    code: 'ERR_ASSERTION',
    actual: ReviewHostRelayError: gentle-ai prompt materialization could not start: spawn C:\Users\Administrator\AppData\Local\Temp\jero-pi-relay-harness-T2Xkld\gentle-ai ENOENT
        at prepareReviewHostRelaySlot (file:///D:/jero-pi/jero-pi/lib/review/review-host-relay.ts:535:9)
        at process.processTicksAndRejections (node:internal/process/task_queues:103:5)
        at async runReviewHostRelaySlot (file:///D:/jero-pi/jero-pi/lib/review/review-host-relay.ts:691:51)
        at async waitForActual (node:assert:646:5)
        at async strict.rejects (node:assert:769:25)
        at async rejectsWithRelayError (file:///D:/jero-pi/jero-pi/tests/review-host-relay.test.ts:256:2)
        at async TestContext.<anonymous> (file:///D:/jero-pi/jero-pi/tests/review-host-relay.test.ts:521:16)
        at async Test.run (node:internal/test_runner/test:1110:7)
        at async Test.processPendingSubtests (node:internal/test_runner/test:785:7),
    operator: 'rejects',
    diff: 'simple'
  }

test at tests\review-host-relay.test.ts:528:1
✖ empty pi stdout fails closed with a typed error and no submission (5.5034ms)
  AssertionError [ERR_ASSERTION]: The validation function is expected to return "true". Received false
  
  Caught error:
  
  ReviewHostRelayError: gentle-ai prompt materialization could not start: spawn C:\Users\Administrator\AppData\Local\Temp\jero-pi-relay-harness-SXzdh5\gentle-ai ENOENT
      at process.processTicksAndRejections (node:internal/process/task_queues:103:5)
      at async rejectsWithRelayError (file:///D:/jero-pi/jero-pi/tests/review-host-relay.test.ts:256:2)
      at async TestContext.<anonymous> (file:///D:/jero-pi/jero-pi/tests/review-host-relay.test.ts:530:2)
      at async Test.run (node:internal/test_runner/test:1110:7)
      at async Test.processPendingSubtests (node:internal/test_runner/test:785:7) {
    generatedMessage: true,
    code: 'ERR_ASSERTION',
    actual: ReviewHostRelayError: gentle-ai prompt materialization could not start: spawn C:\Users\Administrator\AppData\Local\Temp\jero-pi-relay-harness-SXzdh5\gentle-ai ENOENT
        at prepareReviewHostRelaySlot (file:///D:/jero-pi/jero-pi/lib/review/review-host-relay.ts:535:9)
        at process.processTicksAndRejections (node:internal/process/task_queues:103:5)
        at async runReviewHostRelaySlot (file:///D:/jero-pi/jero-pi/lib/review/review-host-relay.ts:691:51)
        at async waitForActual (node:assert:646:5)
        at async strict.rejects (node:assert:769:25)
        at async rejectsWithRelayError (file:///D:/jero-pi/jero-pi/tests/review-host-relay.test.ts:256:2)
        at async TestContext.<anonymous> (file:///D:/jero-pi/jero-pi/tests/review-host-relay.test.ts:530:2)
        at async Test.run (node:internal/test_runner/test:1110:7)
        at async Test.processPendingSubtests (node:internal/test_runner/test:785:7),
    operator: 'rejects',
    diff: 'simple'
  }

test at tests\review-host-relay.test.ts:535:1
✖ pi timeout fails closed with a typed error and no submission (4.8796ms)
  AssertionError [ERR_ASSERTION]: The validation function is expected to return "true". Received false
  
  Caught error:
  
  ReviewHostRelayError: gentle-ai prompt materialization could not start: spawn C:\Users\Administrator\AppData\Local\Temp\jero-pi-relay-harness-b1sxAW\gentle-ai ENOENT
      at process.processTicksAndRejections (node:internal/process/task_queues:103:5)
      at async rejectsWithRelayError (file:///D:/jero-pi/jero-pi/tests/review-host-relay.test.ts:256:2)
      at async TestContext.<anonymous> (file:///D:/jero-pi/jero-pi/tests/review-host-relay.test.ts:537:16)
      at async Test.run (node:internal/test_runner/test:1110:7)
      at async Test.processPendingSubtests (node:internal/test_runner/test:785:7) {
    generatedMessage: true,
    code: 'ERR_ASSERTION',
    actual: ReviewHostRelayError: gentle-ai prompt materialization could not start: spawn C:\Users\Administrator\AppData\Local\Temp\jero-pi-relay-harness-b1sxAW\gentle-ai ENOENT
        at prepareReviewHostRelaySlot (file:///D:/jero-pi/jero-pi/lib/review/review-host-relay.ts:535:9)
        at process.processTicksAndRejections (node:internal/process/task_queues:103:5)
        at async runReviewHostRelaySlot (file:///D:/jero-pi/jero-pi/lib/review/review-host-relay.ts:691:51)
        at async waitForActual (node:assert:646:5)
        at async strict.rejects (node:assert:769:25)
        at async rejectsWithRelayError (file:///D:/jero-pi/jero-pi/tests/review-host-relay.test.ts:256:2)
        at async TestContext.<anonymous> (file:///D:/jero-pi/jero-pi/tests/review-host-relay.test.ts:537:16)
        at async Test.run (node:internal/test_runner/test:1110:7)
        at async Test.processPendingSubtests (node:internal/test_runner/test:785:7),
    operator: 'rejects',
    diff: 'simple'
  }

test at tests\review-host-relay.test.ts:579:1
✖ the production relay path resolves the reviewer bound from the environment, with no injected timeout (6.2117ms)
  AssertionError [ERR_ASSERTION]: The validation function is expected to return "true". Received false
  
  Caught error:
  
  ReviewHostRelayError: gentle-ai prompt materialization could not start: spawn C:\Users\Administrator\AppData\Local\Temp\jero-pi-relay-harness-l99KZ1\gentle-ai ENOENT
      at process.processTicksAndRejections (node:internal/process/task_queues:103:5)
      at async rejectsWithRelayError (file:///D:/jero-pi/jero-pi/tests/review-host-relay.test.ts:256:2)
      at async TestContext.<anonymous> (file:///D:/jero-pi/jero-pi/tests/review-host-relay.test.ts:584:16)
      at async Test.run (node:internal/test_runner/test:1110:7)
      at async Test.processPendingSubtests (node:internal/test_runner/test:785:7) {
    generatedMessage: true,
    code: 'ERR_ASSERTION',
    actual: ReviewHostRelayError: gentle-ai prompt materialization could not start: spawn C:\Users\Administrator\AppData\Local\Temp\jero-pi-relay-harness-l99KZ1\gentle-ai ENOENT
        at prepareReviewHostRelaySlot (file:///D:/jero-pi/jero-pi/lib/review/review-host-relay.ts:535:9)
        at process.processTicksAndRejections (node:internal/process/task_queues:103:5)
        at async runReviewHostRelaySlot (file:///D:/jero-pi/jero-pi/lib/review/review-host-relay.ts:691:51)
        at async waitForActual (node:assert:646:5)
        at async strict.rejects (node:assert:769:25)
        at async rejectsWithRelayError (file:///D:/jero-pi/jero-pi/tests/review-host-relay.test.ts:256:2)
        at async TestContext.<anonymous> (file:///D:/jero-pi/jero-pi/tests/review-host-relay.test.ts:584:16)
        at async Test.run (node:internal/test_runner/test:1110:7)
        at async Test.processPendingSubtests (node:internal/test_runner/test:785:7),
    operator: 'rejects',
    diff: 'simple'
  }

test at tests\review-host-relay.test.ts:595:1
✖ a relay Pi timeout keeps its typed mapping and timing evidence when opaque scratch cleanup also fails (6.691ms)
  AssertionError [ERR_ASSERTION]: The validation function is expected to return "true". Received false
  
  Caught error:
  
  ReviewHostRelayError: gentle-ai prompt materialization could not start: spawn C:\Users\Administrator\AppData\Local\Temp\jero-pi-relay-harness-OxCxhu\gentle-ai ENOENT
      at process.processTicksAndRejections (node:internal/process/task_queues:103:5)
      at async rejectsWithRelayError (file:///D:/jero-pi/jero-pi/tests/review-host-relay.test.ts:256:2)
      at async TestContext.<anonymous> (file:///D:/jero-pi/jero-pi/tests/review-host-relay.test.ts:601:17)
      at async Test.run (node:internal/test_runner/test:1110:7)
      at async Test.processPendingSubtests (node:internal/test_runner/test:785:7) {
    generatedMessage: true,
    code: 'ERR_ASSERTION',
    actual: ReviewHostRelayError: gentle-ai prompt materialization could not start: spawn C:\Users\Administrator\AppData\Local\Temp\jero-pi-relay-harness-OxCxhu\gentle-ai ENOENT
        at prepareReviewHostRelaySlot (file:///D:/jero-pi/jero-pi/lib/review/review-host-relay.ts:535:9)
        at process.processTicksAndRejections (node:internal/process/task_queues:103:5)
        at async runReviewHostRelaySlot (file:///D:/jero-pi/jero-pi/lib/review/review-host-relay.ts:691:51)
        at async waitForActual (node:assert:646:5)
        at async strict.rejects (node:assert:769:25)
        at async rejectsWithRelayError (file:///D:/jero-pi/jero-pi/tests/review-host-relay.test.ts:256:2)
        at async TestContext.<anonymous> (file:///D:/jero-pi/jero-pi/tests/review-host-relay.test.ts:601:17)
        at async Test.run (node:internal/test_runner/test:1110:7)
        at async Test.processPendingSubtests (node:internal/test_runner/test:785:7),
    operator: 'rejects',
    diff: 'simple'
  }

test at tests\review-host-relay.test.ts:617:1
✖ a killed reviewer reports elapsed, limit, and what to change instead of an opaque transport failure (7.4182ms)
  AssertionError [ERR_ASSERTION]: The validation function is expected to return "true". Received false
  
  Caught error:
  
  ReviewHostRelayError: gentle-ai prompt materialization could not start: spawn C:\Users\Administrator\AppData\Local\Temp\jero-pi-relay-harness-6wo6VA\gentle-ai ENOENT
      at process.processTicksAndRejections (node:internal/process/task_queues:103:5)
      at async rejectsWithRelayError (file:///D:/jero-pi/jero-pi/tests/review-host-relay.test.ts:256:2)
      at async TestContext.<anonymous> (file:///D:/jero-pi/jero-pi/tests/review-host-relay.test.ts:619:16)
      at async Test.run (node:internal/test_runner/test:1110:7)
      at async Test.processPendingSubtests (node:internal/test_runner/test:785:7) {
    generatedMessage: true,
    code: 'ERR_ASSERTION',
    actual: ReviewHostRelayError: gentle-ai prompt materialization could not start: spawn C:\Users\Administrator\AppData\Local\Temp\jero-pi-relay-harness-6wo6VA\gentle-ai ENOENT
        at prepareReviewHostRelaySlot (file:///D:/jero-pi/jero-pi/lib/review/review-host-relay.ts:535:9)
        at process.processTicksAndRejections (node:internal/process/task_queues:103:5)
        at async runReviewHostRelaySlot (file:///D:/jero-pi/jero-pi/lib/review/review-host-relay.ts:691:51)
        at async waitForActual (node:assert:646:5)
        at async strict.rejects (node:assert:769:25)
        at async rejectsWithRelayError (file:///D:/jero-pi/jero-pi/tests/review-host-relay.test.ts:256:2)
        at async TestContext.<anonymous> (file:///D:/jero-pi/jero-pi/tests/review-host-relay.test.ts:619:16)
        at async Test.run (node:internal/test_runner/test:1110:7)
        at async Test.processPendingSubtests (node:internal/test_runner/test:785:7),
    operator: 'rejects',
    diff: 'simple'
  }

test at tests\review-host-relay.test.ts:630:1
✖ a crashed reviewer stays distinguishable from a killed one and still carries its measurements (10.2423ms)
  AssertionError [ERR_ASSERTION]: The validation function is expected to return "true". Received false
  
  Caught error:
  
  ReviewHostRelayError: gentle-ai prompt materialization could not start: spawn C:\Users\Administrator\AppData\Local\Temp\jero-pi-relay-harness-WThOkl\gentle-ai ENOENT
      at process.processTicksAndRejections (node:internal/process/task_queues:103:5)
      at async rejectsWithRelayError (file:///D:/jero-pi/jero-pi/tests/review-host-relay.test.ts:256:2)
      at async TestContext.<anonymous> (file:///D:/jero-pi/jero-pi/tests/review-host-relay.test.ts:632:16)
      at async Test.run (node:internal/test_runner/test:1110:7)
      at async Test.processPendingSubtests (node:internal/test_runner/test:785:7) {
    generatedMessage: true,
    code: 'ERR_ASSERTION',
    actual: ReviewHostRelayError: gentle-ai prompt materialization could not start: spawn C:\Users\Administrator\AppData\Local\Temp\jero-pi-relay-harness-WThOkl\gentle-ai ENOENT
        at prepareReviewHostRelaySlot (file:///D:/jero-pi/jero-pi/lib/review/review-host-relay.ts:535:9)
        at process.processTicksAndRejections (node:internal/process/task_queues:103:5)
        at async runReviewHostRelaySlot (file:///D:/jero-pi/jero-pi/lib/review/review-host-relay.ts:691:51)
        at async waitForActual (node:assert:646:5)
        at async strict.rejects (node:assert:769:25)
        at async rejectsWithRelayError (file:///D:/jero-pi/jero-pi/tests/review-host-relay.test.ts:256:2)
        at async TestContext.<anonymous> (file:///D:/jero-pi/jero-pi/tests/review-host-relay.test.ts:632:16)
        at async Test.run (node:internal/test_runner/test:1110:7)
        at async Test.processPendingSubtests (node:internal/test_runner/test:785:7),
    operator: 'rejects',
    diff: 'simple'
  }

test at tests\review-host-relay.test.ts:639:1
✖ submission refusal is a typed error whose outcome is unknown pending STATUS (8.6156ms)
  AssertionError [ERR_ASSERTION]: The validation function is expected to return "true". Received false
  
  Caught error:
  
  ReviewHostRelayError: gentle-ai prompt materialization could not start: spawn C:\Users\Administrator\AppData\Local\Temp\jero-pi-relay-harness-fgGd1o\gentle-ai ENOENT
      at process.processTicksAndRejections (node:internal/process/task_queues:103:5)
      at async rejectsWithRelayError (file:///D:/jero-pi/jero-pi/tests/review-host-relay.test.ts:256:2)
      at async TestContext.<anonymous> (file:///D:/jero-pi/jero-pi/tests/review-host-relay.test.ts:641:16)
      at async Test.run (node:internal/test_runner/test:1110:7)
      at async Test.processPendingSubtests (node:internal/test_runner/test:785:7) {
    generatedMessage: true,
    code: 'ERR_ASSERTION',
    actual: ReviewHostRelayError: gentle-ai prompt materialization could not start: spawn C:\Users\Administrator\AppData\Local\Temp\jero-pi-relay-harness-fgGd1o\gentle-ai ENOENT
        at prepareReviewHostRelaySlot (file:///D:/jero-pi/jero-pi/lib/review/review-host-relay.ts:535:9)
        at process.processTicksAndRejections (node:internal/process/task_queues:103:5)
        at async runReviewHostRelaySlot (file:///D:/jero-pi/jero-pi/lib/review/review-host-relay.ts:691:51)
        at async waitForActual (node:assert:646:5)
        at async strict.rejects (node:assert:769:25)
        at async rejectsWithRelayError (file:///D:/jero-pi/jero-pi/tests/review-host-relay.test.ts:256:2)
        at async TestContext.<anonymous> (file:///D:/jero-pi/jero-pi/tests/review-host-relay.test.ts:641:16)
        at async Test.run (node:internal/test_runner/test:1110:7)
        at async Test.processPendingSubtests (node:internal/test_runner/test:785:7),
    operator: 'rejects',
    diff: 'simple'
  }

test at tests\review-host-relay.test.ts:661:1
✖ a reviewer printing garbage is refused at admission as a proven non-mutation carrying Go's refusal (10.0279ms)
  AssertionError [ERR_ASSERTION]: The validation function is expected to return "true". Received false
  
  Caught error:
  
  ReviewHostRelayError: gentle-ai prompt materialization could not start: spawn C:\Users\Administrator\AppData\Local\Temp\jero-pi-relay-harness-60QfhZ\gentle-ai ENOENT
      at process.processTicksAndRejections (node:internal/process/task_queues:103:5)
      at async rejectsWithRelayError (file:///D:/jero-pi/jero-pi/tests/review-host-relay.test.ts:256:2)
      at async TestContext.<anonymous> (file:///D:/jero-pi/jero-pi/tests/review-host-relay.test.ts:663:16)
      at async Test.run (node:internal/test_runner/test:1110:7)
      at async Test.processPendingSubtests (node:internal/test_runner/test:785:7) {
    generatedMessage: true,
    code: 'ERR_ASSERTION',
    actual: ReviewHostRelayError: gentle-ai prompt materialization could not start: spawn C:\Users\Administrator\AppData\Local\Temp\jero-pi-relay-harness-60QfhZ\gentle-ai ENOENT
        at prepareReviewHostRelaySlot (file:///D:/jero-pi/jero-pi/lib/review/review-host-relay.ts:535:9)
        at process.processTicksAndRejections (node:internal/process/task_queues:103:5)
        at async runReviewHostRelaySlot (file:///D:/jero-pi/jero-pi/lib/review/review-host-relay.ts:691:51)
        at async waitForActual (node:assert:646:5)
        at async strict.rejects (node:assert:769:25)
        at async rejectsWithRelayError (file:///D:/jero-pi/jero-pi/tests/review-host-relay.test.ts:256:2)
        at async TestContext.<anonymous> (file:///D:/jero-pi/jero-pi/tests/review-host-relay.test.ts:663:16)
        at async Test.run (node:internal/test_runner/test:1110:7)
        at async Test.processPendingSubtests (node:internal/test_runner/test:785:7),
    operator: 'rejects',
    diff: 'simple'
  }

test at tests\review-host-relay.test.ts:677:1
✖ a reviewer echoing a different subject is refused at admission as a proven non-mutation carrying Go's continuation (10.3368ms)
  AssertionError [ERR_ASSERTION]: The validation function is expected to return "true". Received false
  
  Caught error:
  
  ReviewHostRelayError: gentle-ai prompt materialization could not start: spawn C:\Users\Administrator\AppData\Local\Temp\jero-pi-relay-harness-Ibd9t6\gentle-ai ENOENT
      at process.processTicksAndRejections (node:internal/process/task_queues:103:5)
      at async rejectsWithRelayError (file:///D:/jero-pi/jero-pi/tests/review-host-relay.test.ts:256:2)
      at async TestContext.<anonymous> (file:///D:/jero-pi/jero-pi/tests/review-host-relay.test.ts:680:16)
      at async Test.run (node:internal/test_runner/test:1110:7)
      at async Test.processPendingSubtests (node:internal/test_runner/test:785:7) {
    generatedMessage: true,
    code: 'ERR_ASSERTION',
    actual: ReviewHostRelayError: gentle-ai prompt materialization could not start: spawn C:\Users\Administrator\AppData\Local\Temp\jero-pi-relay-harness-Ibd9t6\gentle-ai ENOENT
        at prepareReviewHostRelaySlot (file:///D:/jero-pi/jero-pi/lib/review/review-host-relay.ts:535:9)
        at process.processTicksAndRejections (node:internal/process/task_queues:103:5)
        at async runReviewHostRelaySlot (file:///D:/jero-pi/jero-pi/lib/review/review-host-relay.ts:691:51)
        at async waitForActual (node:assert:646:5)
        at async strict.rejects (node:assert:769:25)
        at async rejectsWithRelayError (file:///D:/jero-pi/jero-pi/tests/review-host-relay.test.ts:256:2)
        at async TestContext.<anonymous> (file:///D:/jero-pi/jero-pi/tests/review-host-relay.test.ts:680:16)
        at async Test.run (node:internal/test_runner/test:1110:7)
        at async Test.processPendingSubtests (node:internal/test_runner/test:785:7),
    operator: 'rejects',
    diff: 'simple'
  }

test at tests\review-host-relay.test.ts:694:1
✖ a submission the fake admits with the expected subject still completes (7.3999ms)
  Error [ReviewHostRelayError]: gentle-ai prompt materialization could not start: spawn C:\Users\Administrator\AppData\Local\Temp\jero-pi-relay-harness-L6MQy8\gentle-ai ENOENT
      at prepareReviewHostRelaySlot (file:///D:/jero-pi/jero-pi/lib/review/review-host-relay.ts:535:9)
      at process.processTicksAndRejections (node:internal/process/task_queues:103:5)
      at async runReviewHostRelaySlot (file:///D:/jero-pi/jero-pi/lib/review/review-host-relay.ts:691:51)
      at async TestContext.<anonymous> (file:///D:/jero-pi/jero-pi/tests/review-host-relay.test.ts:696:17)
      at async Test.run (node:internal/test_runner/test:1110:7)
      at async Test.processPendingSubtests (node:internal/test_runner/test:785:7) {
    kind: 'materialize-failed',
    stage: 'materialize',
    exitCode: null,
    stderr: '',
    timedOut: false,
    elapsedMs: null,
    timeoutMs: null,
    mutationOutcome: 'none'
  }

test at tests\review-host-relay.test.ts:700:1
✖ submission refusal preserves its primary evidence when result staging cleanup also fails (5.9342ms)
  AssertionError [ERR_ASSERTION]: The validation function is expected to return "true". Received false
  
  Caught error:
  
  ReviewHostRelayError: gentle-ai prompt materialization could not start: spawn C:\Users\Administrator\AppData\Local\Temp\jero-pi-relay-harness-QLHeqC\gentle-ai ENOENT
      at process.processTicksAndRejections (node:internal/process/task_queues:103:5)
      at async rejectsWithRelayError (file:///D:/jero-pi/jero-pi/tests/review-host-relay.test.ts:256:2)
      at async TestContext.<anonymous> (file:///D:/jero-pi/jero-pi/tests/review-host-relay.test.ts:706:17)
      at async Test.run (node:internal/test_runner/test:1110:7)
      at async Test.processPendingSubtests (node:internal/test_runner/test:785:7) {
    generatedMessage: true,
    code: 'ERR_ASSERTION',
    actual: ReviewHostRelayError: gentle-ai prompt materialization could not start: spawn C:\Users\Administrator\AppData\Local\Temp\jero-pi-relay-harness-QLHeqC\gentle-ai ENOENT
        at prepareReviewHostRelaySlot (file:///D:/jero-pi/jero-pi/lib/review/review-host-relay.ts:535:9)
        at process.processTicksAndRejections (node:internal/process/task_queues:103:5)
        at async runReviewHostRelaySlot (file:///D:/jero-pi/jero-pi/lib/review/review-host-relay.ts:691:51)
        at async waitForActual (node:assert:646:5)
        at async strict.rejects (node:assert:769:25)
        at async rejectsWithRelayError (file:///D:/jero-pi/jero-pi/tests/review-host-relay.test.ts:256:2)
        at async TestContext.<anonymous> (file:///D:/jero-pi/jero-pi/tests/review-host-relay.test.ts:706:17)
        at async Test.run (node:internal/test_runner/test:1110:7)
        at async Test.processPendingSubtests (node:internal/test_runner/test:785:7),
    operator: 'rejects',
    diff: 'simple'
  }

test at tests\review-host-relay.test.ts:725:1
✖ relay scratch and staging directories are removed after failures too (6.3083ms)
  AssertionError [ERR_ASSERTION]: The validation function is expected to return "true". Received false
  
  Caught error:
  
  ReviewHostRelayError: gentle-ai prompt materialization could not start: spawn C:\Users\Administrator\AppData\Local\Temp\jero-pi-relay-harness-TTpK5R\gentle-ai ENOENT
      at process.processTicksAndRejections (node:internal/process/task_queues:103:5)
      at async rejectsWithRelayError (file:///D:/jero-pi/jero-pi/tests/review-host-relay.test.ts:256:2)
      at async TestContext.<anonymous> (file:///D:/jero-pi/jero-pi/tests/review-host-relay.test.ts:727:2)
      at async Test.run (node:internal/test_runner/test:1110:7)
      at async Test.processPendingSubtests (node:internal/test_runner/test:785:7) {
    generatedMessage: true,
    code: 'ERR_ASSERTION',
    actual: ReviewHostRelayError: gentle-ai prompt materialization could not start: spawn C:\Users\Administrator\AppData\Local\Temp\jero-pi-relay-harness-TTpK5R\gentle-ai ENOENT
        at prepareReviewHostRelaySlot (file:///D:/jero-pi/jero-pi/lib/review/review-host-relay.ts:535:9)
        at process.processTicksAndRejections (node:internal/process/task_queues:103:5)
        at async runReviewHostRelaySlot (file:///D:/jero-pi/jero-pi/lib/review/review-host-relay.ts:691:51)
        at async waitForActual (node:assert:646:5)
        at async strict.rejects (node:assert:769:25)
        at async rejectsWithRelayError (file:///D:/jero-pi/jero-pi/tests/review-host-relay.test.ts:256:2)
        at async TestContext.<anonymous> (file:///D:/jero-pi/jero-pi/tests/review-host-relay.test.ts:727:2)
        at async Test.run (node:internal/test_runner/test:1110:7)
        at async Test.processPendingSubtests (node:internal/test_runner/test:785:7),
    operator: 'rejects',
    diff: 'simple'
  }

test at tests\review-host-relay.test.ts:733:1
✖ a result staging cleanup failure remains a typed submit failure (9.037ms)
  AssertionError [ERR_ASSERTION]: The validation function is expected to return "true". Received false
  
  Caught error:
  
  ReviewHostRelayError: gentle-ai prompt materialization could not start: spawn C:\Users\Administrator\AppData\Local\Temp\jero-pi-relay-harness-YEdW2H\gentle-ai ENOENT
      at process.processTicksAndRejections (node:internal/process/task_queues:103:5)
      at async rejectsWithRelayError (file:///D:/jero-pi/jero-pi/tests/review-host-relay.test.ts:256:2)
      at async TestContext.<anonymous> (file:///D:/jero-pi/jero-pi/tests/review-host-relay.test.ts:739:17)
      at async Test.run (node:internal/test_runner/test:1110:7)
      at async Test.processPendingSubtests (node:internal/test_runner/test:785:7) {
    generatedMessage: true,
    code: 'ERR_ASSERTION',
    actual: ReviewHostRelayError: gentle-ai prompt materialization could not start: spawn C:\Users\Administrator\AppData\Local\Temp\jero-pi-relay-harness-YEdW2H\gentle-ai ENOENT
        at prepareReviewHostRelaySlot (file:///D:/jero-pi/jero-pi/lib/review/review-host-relay.ts:535:9)
        at process.processTicksAndRejections (node:internal/process/task_queues:103:5)
        at async runReviewHostRelaySlot (file:///D:/jero-pi/jero-pi/lib/review/review-host-relay.ts:691:51)
        at async waitForActual (node:assert:646:5)
        at async strict.rejects (node:assert:769:25)
        at async rejectsWithRelayError (file:///D:/jero-pi/jero-pi/tests/review-host-relay.test.ts:256:2)
        at async TestContext.<anonymous> (file:///D:/jero-pi/jero-pi/tests/review-host-relay.test.ts:739:17)
        at async Test.run (node:internal/test_runner/test:1110:7)
        at async Test.processPendingSubtests (node:internal/test_runner/test:785:7),
    operator: 'rejects',
    diff: 'simple'
  }

test at tests\review-host-relay.test.ts:758:1
✖ an old binary's unknown-flag refusal classifies as relay-unavailable with the exact report (6.8097ms)
  AssertionError [ERR_ASSERTION]: The validation function is expected to return "true". Received false
  
  Caught error:
  
  ReviewHostRelayError: gentle-ai prompt materialization could not start: spawn C:\Users\Administrator\AppData\Local\Temp\jero-pi-relay-harness-nT1IYJ\gentle-ai ENOENT
      at process.processTicksAndRejections (node:internal/process/task_queues:103:5)
      at async rejectsWithRelayError (file:///D:/jero-pi/jero-pi/tests/review-host-relay.test.ts:256:2)
      at async TestContext.<anonymous> (file:///D:/jero-pi/jero-pi/tests/review-host-relay.test.ts:760:16)
      at async Test.run (node:internal/test_runner/test:1110:7)
      at async Test.processPendingSubtests (node:internal/test_runner/test:785:7) {
    generatedMessage: true,
    code: 'ERR_ASSERTION',
    actual: ReviewHostRelayError: gentle-ai prompt materialization could not start: spawn C:\Users\Administrator\AppData\Local\Temp\jero-pi-relay-harness-nT1IYJ\gentle-ai ENOENT
        at prepareReviewHostRelaySlot (file:///D:/jero-pi/jero-pi/lib/review/review-host-relay.ts:535:9)
        at process.processTicksAndRejections (node:internal/process/task_queues:103:5)
        at async runReviewHostRelaySlot (file:///D:/jero-pi/jero-pi/lib/review/review-host-relay.ts:691:51)
        at async waitForActual (node:assert:646:5)
        at async strict.rejects (node:assert:769:25)
        at async rejectsWithRelayError (file:///D:/jero-pi/jero-pi/tests/review-host-relay.test.ts:256:2)
        at async TestContext.<anonymous> (file:///D:/jero-pi/jero-pi/tests/review-host-relay.test.ts:760:16)
        at async Test.run (node:internal/test_runner/test:1110:7)
        at async Test.processPendingSubtests (node:internal/test_runner/test:785:7),
    operator: 'rejects',
    diff: 'simple'
  }

test at tests\review-host-relay.test.ts:767:1
✖ a handshake refusal surfaces the provider refusal verbatim (7.4508ms)
  AssertionError [ERR_ASSERTION]: The validation function is expected to return "true". Received false
  
  Caught error:
  
  ReviewHostRelayError: gentle-ai prompt materialization could not start: spawn C:\Users\Administrator\AppData\Local\Temp\jero-pi-relay-harness-TPejOy\gentle-ai ENOENT
      at process.processTicksAndRejections (node:internal/process/task_queues:103:5)
      at async rejectsWithRelayError (file:///D:/jero-pi/jero-pi/tests/review-host-relay.test.ts:256:2)
      at async TestContext.<anonymous> (file:///D:/jero-pi/jero-pi/tests/review-host-relay.test.ts:770:16)
      at async Test.run (node:internal/test_runner/test:1110:7)
      at async Test.processPendingSubtests (node:internal/test_runner/test:785:7) {
    generatedMessage: true,
    code: 'ERR_ASSERTION',
    actual: ReviewHostRelayError: gentle-ai prompt materialization could not start: spawn C:\Users\Administrator\AppData\Local\Temp\jero-pi-relay-harness-TPejOy\gentle-ai ENOENT
        at prepareReviewHostRelaySlot (file:///D:/jero-pi/jero-pi/lib/review/review-host-relay.ts:535:9)
        at process.processTicksAndRejections (node:internal/process/task_queues:103:5)
        at async runReviewHostRelaySlot (file:///D:/jero-pi/jero-pi/lib/review/review-host-relay.ts:691:51)
        at async waitForActual (node:assert:646:5)
        at async strict.rejects (node:assert:769:25)
        at async rejectsWithRelayError (file:///D:/jero-pi/jero-pi/tests/review-host-relay.test.ts:256:2)
        at async TestContext.<anonymous> (file:///D:/jero-pi/jero-pi/tests/review-host-relay.test.ts:770:16)
        at async Test.run (node:internal/test_runner/test:1110:7)
        at async Test.processPendingSubtests (node:internal/test_runner/test:785:7),
    operator: 'rejects',
    diff: 'simple'
  }

test at tests\review-risk-assessment.test.ts:503:1
✖ gentle_review assess: derivation is bound to the exact candidate recorded, closed can only ever be passed explicitly (gentle-pi#668 correction) (245.3803ms)
  AssertionError [ERR_ASSERTION]: Expected values to be strictly equal:
  + actual - expected
  
  + 'unknown'
  - 'declined'
  
      at TestContext.<anonymous> (file:///D:/jero-pi/jero-pi/tests/review-risk-assessment.test.ts:518:9)
      at async Test.run (node:internal/test_runner/test:1110:7)
      at async Test.processPendingSubtests (node:internal/test_runner/test:785:7) {
    generatedMessage: true,
    code: 'ERR_ASSERTION',
    actual: 'unknown',
    expected: 'declined',
    operator: 'strictEqual',
    diff: 'simple'
  }

test at tests\review-session-standing-permission-ipc.test.ts:62:1
✖ the production child fd3 client gets grant, revocation, closure, denial, and request bounds from its parent broker (10188.412ms)
  AssertionError [ERR_ASSERTION]: the parent rechecks authorization for each request
  + actual - expected
  
    [
  -   true,
      false,
  +   false
    ]
  
      at TestContext.<anonymous> (file:///D:/jero-pi/jero-pi/tests/review-session-standing-permission-ipc.test.ts:64:9)
      at process.processTicksAndRejections (node:internal/process/task_queues:103:5)
      at async Test.run (node:internal/test_runner/test:1110:7)
      at async startSubtestAfterBootstrap (node:internal/test_runner/harness:358:3) {
    generatedMessage: false,
    code: 'ERR_ASSERTION',
    actual: [ false, false ],
    expected: [ true, false ],
    operator: 'deepStrictEqual',
    diff: 'simple'
  }

test at tests\review-session-standing-permission-ipc.test.ts:71:1
✖ fresh Jiti moduleCache:false reloads share fd3 structurally and reject stale terminal callbacks (17414.2899ms)
  AssertionError [ERR_ASSERTION]: reload shares one client, stale owners cannot close it, and terminal shutdown closes it
  + actual - expected
  
    [
  -   true,
  -   true,
  -   true,
      false,
  +   false,
  +   false,
  +   false
    ]
  
      at TestContext.<anonymous> (file:///D:/jero-pi/jero-pi/tests/review-session-standing-permission-ipc.test.ts:119:9)
      at process.processTicksAndRejections (node:internal/process/task_queues:103:5)
      at async Test.run (node:internal/test_runner/test:1110:7)
      at async Test.processPendingSubtests (node:internal/test_runner/test:785:7) {
    generatedMessage: false,
    code: 'ERR_ASSERTION',
    actual: [ false, false, false, false ],
    expected: [ true, true, true, false ],
    operator: 'deepStrictEqual',
    diff: 'simple'
  }

test at tests\review-snapshot.test.ts:90:1
✖ complete snapshot captures the repository root from a nested cwd without mutating index or worktree (1000.5377ms)
  AssertionError [ERR_ASSERTION]: Expected values to be strictly equal:
  + actual - expected
  
  + 'C:/Users/Administrator/AppData/Local/Temp/jero-pi-snapshot-mA8xo2/repo'
  - 'C:\\Users\\Administrator\\AppData\\Local\\Temp\\jero-pi-snapshot-mA8xo2\\repo'
  
      at TestContext.<anonymous> (file:///D:/jero-pi/jero-pi/tests/review-snapshot.test.ts:110:9)
      at Test.runInAsyncScope (node:async_hooks:214:14)
      at Test.run (node:internal/test_runner/test:1103:25)
      at Test.start (node:internal/test_runner/test:1000:17)
      at startSubtestAfterBootstrap (node:internal/test_runner/harness:358:17) {
    generatedMessage: true,
    code: 'ERR_ASSERTION',
    actual: 'C:/Users/Administrator/AppData/Local/Temp/jero-pi-snapshot-mA8xo2/repo',
    expected: 'C:\\Users\\Administrator\\AppData\\Local\\Temp\\jero-pi-snapshot-mA8xo2\\repo',
    operator: 'strictEqual',
    diff: 'simple'
  }

test at tests\review-transaction.test.ts:419:1
✖ tag PUSH CREATE accepts an annotated tag for an approved commit advertised by the bound destination (6443.2688ms)
  AssertionError [ERR_ASSERTION]: Every push ref update matches the approved receipt.
  
  'allow' !== 'deny'
  
      at TestContext.<anonymous> (file:///D:/jero-pi/jero-pi/tests/review-transaction.test.ts:507:10)
      at Test.runInAsyncScope (node:async_hooks:214:14)
      at Test.run (node:internal/test_runner/test:1103:25)
      at Test.processPendingSubtests (node:internal/test_runner/test:785:18)
      at Test.postRun (node:internal/test_runner/test:1232:19)
      at Test.run (node:internal/test_runner/test:1160:12)
      at async Test.processPendingSubtests (node:internal/test_runner/test:785:7) {
    generatedMessage: false,
    code: 'ERR_ASSERTION',
    actual: 'allow',
    expected: 'deny',
    operator: 'strictEqual',
    diff: 'simple'
  }

test at tests\runtime-metrics-children.test.ts:1:1
✖ tests\runtime-metrics-children.test.ts (308.0803ms)
  'test failed'

test at tests\runtime-metrics-extension.test.ts:1:1
✖ tests\runtime-metrics-extension.test.ts (277.5638ms)
  'test failed'

test at tests\runtime-metrics-model.test.ts:1:1
✖ tests\runtime-metrics-model.test.ts (176.3743ms)
  'test failed'

test at tests\runtime-metrics-native.test.ts:1:1
✖ tests\runtime-metrics-native.test.ts (285.1108ms)
  'test failed'

test at tests\runtime-metrics.test.ts:1:1
✖ tests\runtime-metrics.test.ts (185.3366ms)
  'test failed'

test at tests\sdd-managed-runtime-settlement.test.ts:45:1
✖ remediation shell captures numeric exit, preserves stock errors and executes once (2239.2736ms)
  Error: ENOENT: no such file or directory, open 'D:\jero-pi\jero-pi\lib\contracts\telemetry\runtime-aggregate-v1.schema.json'
      at readFileSync (node:fs:439:20)
      at file:///D:/jero-pi/jero-pi/lib/metrics/runtime-metrics.ts:3:34
      at ModuleJob.run (node:internal/modules/esm/module_job:430:25)
      at async onImport.tracePromise.__proto__ (node:internal/modules/esm/loader:661:26)
      at async TestContext.<anonymous> (file:///D:/jero-pi/jero-pi/tests/sdd-managed-runtime-settlement.test.ts:46:30)
      at async Test.run (node:internal/test_runner/test:1110:7)
      at async Test.processPendingSubtests (node:internal/test_runner/test:785:7) {
    errno: -4058,
    code: 'ENOENT',
    syscall: 'open',
    path: 'D:\\jero-pi\\jero-pi\\lib\\contracts\\telemetry\\runtime-aggregate-v1.schema.json'
  }

test at tests\sdd-managed-runtime-settlement.test.ts:74:1
✖ native remediation admission refuses unsupported owner before acquire (0.3976ms)
  Error: ENOENT: no such file or directory, open 'D:\jero-pi\jero-pi\lib\contracts\telemetry\runtime-aggregate-v1.schema.json'
      at readFileSync (node:fs:439:20)
      at file:///D:/jero-pi/jero-pi/lib/metrics/runtime-metrics.ts:3:34
      at ModuleJob.run (node:internal/modules/esm/module_job:430:25)
      at async onImport.tracePromise.__proto__ (node:internal/modules/esm/loader:661:26)
      at async TestContext.<anonymous> (file:///D:/jero-pi/jero-pi/tests/sdd-managed-runtime-settlement.test.ts:46:30)
      at async Test.run (node:internal/test_runner/test:1110:7)
      at async Test.processPendingSubtests (node:internal/test_runner/test:785:7) {
    errno: -4058,
    code: 'ENOENT',
    syscall: 'open',
    path: 'D:\\jero-pi\\jero-pi\\lib\\contracts\\telemetry\\runtime-aggregate-v1.schema.json'
  }

test at tests\sdd-managed-runtime-settlement.test.ts:82:1
✖ admitted remediation retains exact settlement before one lost-reply replay (0.4173ms)
  Error: ENOENT: no such file or directory, open 'D:\jero-pi\jero-pi\lib\contracts\telemetry\runtime-aggregate-v1.schema.json'
      at readFileSync (node:fs:439:20)
      at file:///D:/jero-pi/jero-pi/lib/metrics/runtime-metrics.ts:3:34
      at ModuleJob.run (node:internal/modules/esm/module_job:430:25)
      at async onImport.tracePromise.__proto__ (node:internal/modules/esm/loader:661:26)
      at async TestContext.<anonymous> (file:///D:/jero-pi/jero-pi/tests/sdd-managed-runtime-settlement.test.ts:46:30)
      at async Test.run (node:internal/test_runner/test:1110:7)
      at async Test.processPendingSubtests (node:internal/test_runner/test:785:7) {
    errno: -4058,
    code: 'ENOENT',
    syscall: 'open',
    path: 'D:\\jero-pi\\jero-pi\\lib\\contracts\\telemetry\\runtime-aggregate-v1.schema.json'
  }

test at tests\sdd-managed-runtime-settlement.test.ts:118:46
✖ native blocked refuses without settlement (2.0704ms)
  AssertionError [ERR_ASSERTION]: The input did not match the regular expression /blocked/. Input:
  
  "Error: ENOENT: no such file or directory, open 'D:\\jero-pi\\jero-pi\\lib\\contracts\\telemetry\\runtime-aggregate-v1.schema.json'"
  
      at async TestContext.<anonymous> (file:///D:/jero-pi/jero-pi/tests/sdd-managed-runtime-settlement.test.ts:120:2)
      at async Test.run (node:internal/test_runner/test:1110:7)
      at async Test.processPendingSubtests (node:internal/test_runner/test:785:7) {
    generatedMessage: true,
    code: 'ERR_ASSERTION',
    actual: Error: ENOENT: no such file or directory, open 'D:\jero-pi\jero-pi\lib\contracts\telemetry\runtime-aggregate-v1.schema.json'
        at readFileSync (node:fs:439:20)
        at file:///D:/jero-pi/jero-pi/lib/metrics/runtime-metrics.ts:3:34
        at ModuleJob.run (node:internal/modules/esm/module_job:430:25)
        at async onImport.tracePromise.__proto__ (node:internal/modules/esm/loader:661:26)
        at async TestContext.<anonymous> (file:///D:/jero-pi/jero-pi/tests/sdd-managed-runtime-settlement.test.ts:46:30)
        at async Test.run (node:internal/test_runner/test:1110:7)
        at async Test.processPendingSubtests (node:internal/test_runner/test:785:7),
    expected: /blocked/,
    operator: 'rejects',
    diff: 'simple'
  }

test at tests\sdd-managed-runtime-settlement.test.ts:118:46
✖ native complete refuses without settlement (0.6592ms)
  AssertionError [ERR_ASSERTION]: The input did not match the regular expression /complete/. Input:
  
  "Error: ENOENT: no such file or directory, open 'D:\\jero-pi\\jero-pi\\lib\\contracts\\telemetry\\runtime-aggregate-v1.schema.json'"
  
      at async TestContext.<anonymous> (file:///D:/jero-pi/jero-pi/tests/sdd-managed-runtime-settlement.test.ts:120:2)
      at async Test.run (node:internal/test_runner/test:1110:7)
      at async Test.processPendingSubtests (node:internal/test_runner/test:785:7) {
    generatedMessage: true,
    code: 'ERR_ASSERTION',
    actual: Error: ENOENT: no such file or directory, open 'D:\jero-pi\jero-pi\lib\contracts\telemetry\runtime-aggregate-v1.schema.json'
        at readFileSync (node:fs:439:20)
        at file:///D:/jero-pi/jero-pi/lib/metrics/runtime-metrics.ts:3:34
        at ModuleJob.run (node:internal/modules/esm/module_job:430:25)
        at async onImport.tracePromise.__proto__ (node:internal/modules/esm/loader:661:26)
        at async TestContext.<anonymous> (file:///D:/jero-pi/jero-pi/tests/sdd-managed-runtime-settlement.test.ts:46:30)
        at async Test.run (node:internal/test_runner/test:1110:7)
        at async Test.processPendingSubtests (node:internal/test_runner/test:785:7),
    expected: /complete/,
    operator: 'rejects',
    diff: 'simple'
  }

test at tests\sdd-managed-runtime-settlement.test.ts:123:69
✖ terminal failed settles without passing evidence and retains exact untracked scope (0.4263ms)
  Error: ENOENT: no such file or directory, open 'D:\jero-pi\jero-pi\lib\contracts\telemetry\runtime-aggregate-v1.schema.json'
      at readFileSync (node:fs:439:20)
      at file:///D:/jero-pi/jero-pi/lib/metrics/runtime-metrics.ts:3:34
      at ModuleJob.run (node:internal/modules/esm/module_job:430:25)
      at async onImport.tracePromise.__proto__ (node:internal/modules/esm/loader:661:26)
      at async TestContext.<anonymous> (file:///D:/jero-pi/jero-pi/tests/sdd-managed-runtime-settlement.test.ts:46:30)
      at async Test.run (node:internal/test_runner/test:1110:7)
      at async Test.processPendingSubtests (node:internal/test_runner/test:785:7) {
    errno: -4058,
    code: 'ENOENT',
    syscall: 'open',
    path: 'D:\\jero-pi\\jero-pi\\lib\\contracts\\telemetry\\runtime-aggregate-v1.schema.json'
  }

test at tests\sdd-managed-runtime-settlement.test.ts:123:69
✖ terminal cancelled settles without passing evidence and retains exact untracked scope (0.2507ms)
  Error: ENOENT: no such file or directory, open 'D:\jero-pi\jero-pi\lib\contracts\telemetry\runtime-aggregate-v1.schema.json'
      at readFileSync (node:fs:439:20)
      at file:///D:/jero-pi/jero-pi/lib/metrics/runtime-metrics.ts:3:34
      at ModuleJob.run (node:internal/modules/esm/module_job:430:25)
      at async onImport.tracePromise.__proto__ (node:internal/modules/esm/loader:661:26)
      at async TestContext.<anonymous> (file:///D:/jero-pi/jero-pi/tests/sdd-managed-runtime-settlement.test.ts:46:30)
      at async Test.run (node:internal/test_runner/test:1110:7)
      at async Test.processPendingSubtests (node:internal/test_runner/test:785:7) {
    errno: -4058,
    code: 'ENOENT',
    syscall: 'open',
    path: 'D:\\jero-pi\\jero-pi\\lib\\contracts\\telemetry\\runtime-aggregate-v1.schema.json'
  }

test at tests\sdd-managed-runtime-settlement.test.ts:123:69
✖ terminal timed_out settles without passing evidence and retains exact untracked scope (0.223ms)
  Error: ENOENT: no such file or directory, open 'D:\jero-pi\jero-pi\lib\contracts\telemetry\runtime-aggregate-v1.schema.json'
      at readFileSync (node:fs:439:20)
      at file:///D:/jero-pi/jero-pi/lib/metrics/runtime-metrics.ts:3:34
      at ModuleJob.run (node:internal/modules/esm/module_job:430:25)
      at async onImport.tracePromise.__proto__ (node:internal/modules/esm/loader:661:26)
      at async TestContext.<anonymous> (file:///D:/jero-pi/jero-pi/tests/sdd-managed-runtime-settlement.test.ts:46:30)
      at async Test.run (node:internal/test_runner/test:1110:7)
      at async Test.processPendingSubtests (node:internal/test_runner/test:785:7) {
    errno: -4058,
    code: 'ENOENT',
    syscall: 'open',
    path: 'D:\\jero-pi\\jero-pi\\lib\\contracts\\telemetry\\runtime-aggregate-v1.schema.json'
  }

test at tests\sdd-managed-runtime-settlement.test.ts:133:1
✖ failure to retain settlement never mutates native; two lost replies retain uncertainty (0.4242ms)
  Error: ENOENT: no such file or directory, open 'D:\jero-pi\jero-pi\lib\contracts\telemetry\runtime-aggregate-v1.schema.json'
      at readFileSync (node:fs:439:20)
      at file:///D:/jero-pi/jero-pi/lib/metrics/runtime-metrics.ts:3:34
      at ModuleJob.run (node:internal/modules/esm/module_job:430:25)
      at async onImport.tracePromise.__proto__ (node:internal/modules/esm/loader:661:26)
      at async TestContext.<anonymous> (file:///D:/jero-pi/jero-pi/tests/sdd-managed-runtime-settlement.test.ts:46:30)
      at async Test.run (node:internal/test_runner/test:1110:7)
      at async Test.processPendingSubtests (node:internal/test_runner/test:785:7) {
    errno: -4058,
    code: 'ENOENT',
    syscall: 'open',
    path: 'D:\\jero-pi\\jero-pi\\lib\\contracts\\telemetry\\runtime-aggregate-v1.schema.json'
  }

test at tests\sdd-managed-runtime-settlement.test.ts:155:1
✖ stock local shell wrapper observes real exit zero and preserves cancellation (0.5011ms)
  Error: ENOENT: no such file or directory, open 'D:\jero-pi\jero-pi\lib\contracts\telemetry\runtime-aggregate-v1.schema.json'
      at readFileSync (node:fs:439:20)
      at file:///D:/jero-pi/jero-pi/lib/metrics/runtime-metrics.ts:3:34
      at ModuleJob.run (node:internal/modules/esm/module_job:430:25)
      at async onImport.tracePromise.__proto__ (node:internal/modules/esm/loader:661:26)
      at async TestContext.<anonymous> (file:///D:/jero-pi/jero-pi/tests/sdd-managed-runtime-settlement.test.ts:46:30)
      at async Test.run (node:internal/test_runner/test:1110:7)
      at async Test.processPendingSubtests (node:internal/test_runner/test:785:7) {
    errno: -4058,
    code: 'ENOENT',
    syscall: 'open',
    path: 'D:\\jero-pi\\jero-pi\\lib\\contracts\\telemetry\\runtime-aggregate-v1.schema.json'
  }

test at tests\sdd-managed-runtime-settlement.test.ts:196:1
✖ selected actor instructions must match the managed owner before acquisition (0.8583ms)
  AssertionError [ERR_ASSERTION]: The input did not match the regular expression /unsupported/i. Input:
  
  "Error: ENOENT: no such file or directory, open 'D:\\jero-pi\\jero-pi\\lib\\contracts\\telemetry\\runtime-aggregate-v1.schema.json'"
  
      at async TestContext.<anonymous> (file:///D:/jero-pi/jero-pi/tests/sdd-managed-runtime-settlement.test.ts:198:2)
      at async Test.run (node:internal/test_runner/test:1110:7)
      at async Test.processPendingSubtests (node:internal/test_runner/test:785:7) {
    generatedMessage: true,
    code: 'ERR_ASSERTION',
    actual: Error: ENOENT: no such file or directory, open 'D:\jero-pi\jero-pi\lib\contracts\telemetry\runtime-aggregate-v1.schema.json'
        at readFileSync (node:fs:439:20)
        at file:///D:/jero-pi/jero-pi/lib/metrics/runtime-metrics.ts:3:34
        at ModuleJob.run (node:internal/modules/esm/module_job:430:25)
        at async onImport.tracePromise.__proto__ (node:internal/modules/esm/loader:661:26)
        at async TestContext.<anonymous> (file:///D:/jero-pi/jero-pi/tests/sdd-managed-runtime-settlement.test.ts:46:30)
        at async Test.run (node:internal/test_runner/test:1110:7)
        at async Test.processPendingSubtests (node:internal/test_runner/test:785:7),
    expected: /unsupported/i,
    operator: 'rejects',
    diff: 'simple'
  }

test at tests\sdd-managed-runtime-settlement.test.ts:203:1
✖ settlement is single-finalization and cannot pass drifted failed-evidence identity (0.3784ms)
  Error: ENOENT: no such file or directory, open 'D:\jero-pi\jero-pi\lib\contracts\telemetry\runtime-aggregate-v1.schema.json'
      at readFileSync (node:fs:439:20)
      at file:///D:/jero-pi/jero-pi/lib/metrics/runtime-metrics.ts:3:34
      at ModuleJob.run (node:internal/modules/esm/module_job:430:25)
      at async onImport.tracePromise.__proto__ (node:internal/modules/esm/loader:661:26)
      at async TestContext.<anonymous> (file:///D:/jero-pi/jero-pi/tests/sdd-managed-runtime-settlement.test.ts:46:30)
      at async Test.run (node:internal/test_runner/test:1110:7)
      at async Test.processPendingSubtests (node:internal/test_runner/test:785:7) {
    errno: -4058,
    code: 'ENOENT',
    syscall: 'open',
    path: 'D:\\jero-pi\\jero-pi\\lib\\contracts\\telemetry\\runtime-aggregate-v1.schema.json'
  }

test at tests\sdd-managed-runtime-settlement.test.ts:212:1
✖ native refusal or uncertain settlement is not a completed managed correction (0.3282ms)
  Error: ENOENT: no such file or directory, open 'D:\jero-pi\jero-pi\lib\contracts\telemetry\runtime-aggregate-v1.schema.json'
      at readFileSync (node:fs:439:20)
      at file:///D:/jero-pi/jero-pi/lib/metrics/runtime-metrics.ts:3:34
      at ModuleJob.run (node:internal/modules/esm/module_job:430:25)
      at async onImport.tracePromise.__proto__ (node:internal/modules/esm/loader:661:26)
      at async TestContext.<anonymous> (file:///D:/jero-pi/jero-pi/tests/sdd-managed-runtime-settlement.test.ts:46:30)
      at async Test.run (node:internal/test_runner/test:1110:7)
      at async Test.processPendingSubtests (node:internal/test_runner/test:785:7) {
    errno: -4058,
    code: 'ENOENT',
    syscall: 'open',
    path: 'D:\\jero-pi\\jero-pi\\lib\\contracts\\telemetry\\runtime-aggregate-v1.schema.json'
  }

test at tests\sdd-managed-runtime-settlement.test.ts:219:1
✖ a received blocked settlement names the block; a lost settlement reply retains unresolved history (0.5691ms)
  Error: ENOENT: no such file or directory, open 'D:\jero-pi\jero-pi\lib\contracts\telemetry\runtime-aggregate-v1.schema.json'
      at readFileSync (node:fs:439:20)
      at file:///D:/jero-pi/jero-pi/lib/metrics/runtime-metrics.ts:3:34
      at ModuleJob.run (node:internal/modules/esm/module_job:430:25)
      at async onImport.tracePromise.__proto__ (node:internal/modules/esm/loader:661:26)
      at async TestContext.<anonymous> (file:///D:/jero-pi/jero-pi/tests/sdd-managed-runtime-settlement.test.ts:46:30)
      at async Test.run (node:internal/test_runner/test:1110:7)
      at async Test.processPendingSubtests (node:internal/test_runner/test:785:7) {
    errno: -4058,
    code: 'ENOENT',
    syscall: 'open',
    path: 'D:\\jero-pi\\jero-pi\\lib\\contracts\\telemetry\\runtime-aggregate-v1.schema.json'
  }

test at tests\sdd-managed-runtime-settlement.test.ts:265:1
✖ managed parent admission continues an explicitly retained token without a new acquire (0.3183ms)
  Error: ENOENT: no such file or directory, open 'D:\jero-pi\jero-pi\lib\contracts\telemetry\runtime-aggregate-v1.schema.json'
      at readFileSync (node:fs:439:20)
      at file:///D:/jero-pi/jero-pi/lib/metrics/runtime-metrics.ts:3:34
      at ModuleJob.run (node:internal/modules/esm/module_job:430:25)
      at async onImport.tracePromise.__proto__ (node:internal/modules/esm/loader:661:26)
      at async TestContext.<anonymous> (file:///D:/jero-pi/jero-pi/tests/sdd-managed-runtime-settlement.test.ts:46:30)
      at async Test.run (node:internal/test_runner/test:1110:7)
      at async Test.processPendingSubtests (node:internal/test_runner/test:785:7) {
    errno: -4058,
    code: 'ENOENT',
    syscall: 'open',
    path: 'D:\\jero-pi\\jero-pi\\lib\\contracts\\telemetry\\runtime-aggregate-v1.schema.json'
  }

test at tests\sdd-managed-runtime-settlement.test.ts:285:1
✖ R1 confirms exact canonical paths and commands; data, denial and symlinks grant nothing (0.486ms)
  Error: ENOENT: no such file or directory, open 'D:\jero-pi\jero-pi\lib\contracts\telemetry\runtime-aggregate-v1.schema.json'
      at readFileSync (node:fs:439:20)
      at file:///D:/jero-pi/jero-pi/lib/metrics/runtime-metrics.ts:3:34
      at ModuleJob.run (node:internal/modules/esm/module_job:430:25)
      at async onImport.tracePromise.__proto__ (node:internal/modules/esm/loader:661:26)
      at async TestContext.<anonymous> (file:///D:/jero-pi/jero-pi/tests/sdd-managed-runtime-settlement.test.ts:46:30)
      at async Test.run (node:internal/test_runner/test:1110:7)
      at async Test.processPendingSubtests (node:internal/test_runner/test:785:7) {
    errno: -4058,
    code: 'ENOENT',
    syscall: 'open',
    path: 'D:\\jero-pi\\jero-pi\\lib\\contracts\\telemetry\\runtime-aggregate-v1.schema.json'
  }

test at tests\sdd-managed-runtime-settlement.test.ts:306:1
✖ R3/R4 acquire request is durable before mutation and token before actor admission (0.2299ms)
  Error: ENOENT: no such file or directory, open 'D:\jero-pi\jero-pi\lib\contracts\telemetry\runtime-aggregate-v1.schema.json'
      at readFileSync (node:fs:439:20)
      at file:///D:/jero-pi/jero-pi/lib/metrics/runtime-metrics.ts:3:34
      at ModuleJob.run (node:internal/modules/esm/module_job:430:25)
      at async onImport.tracePromise.__proto__ (node:internal/modules/esm/loader:661:26)
      at async TestContext.<anonymous> (file:///D:/jero-pi/jero-pi/tests/sdd-managed-runtime-settlement.test.ts:46:30)
      at async Test.run (node:internal/test_runner/test:1110:7)
      at async Test.processPendingSubtests (node:internal/test_runner/test:785:7) {
    errno: -4058,
    code: 'ENOENT',
    syscall: 'open',
    path: 'D:\\jero-pi\\jero-pi\\lib\\contracts\\telemetry\\runtime-aggregate-v1.schema.json'
  }

test at tests\sdd-managed-runtime-settlement.test.ts:318:1
✖ R3/R4 acquire persistence failure refuses before native mutation (0.3216ms)
  AssertionError [ERR_ASSERTION]: The input did not match the regular expression /disk full/. Input:
  
  "Error: ENOENT: no such file or directory, open 'D:\\jero-pi\\jero-pi\\lib\\contracts\\telemetry\\runtime-aggregate-v1.schema.json'"
  
      at async TestContext.<anonymous> (file:///D:/jero-pi/jero-pi/tests/sdd-managed-runtime-settlement.test.ts:320:2)
      at async Test.run (node:internal/test_runner/test:1110:7)
      at async Test.processPendingSubtests (node:internal/test_runner/test:785:7) {
    generatedMessage: true,
    code: 'ERR_ASSERTION',
    actual: Error: ENOENT: no such file or directory, open 'D:\jero-pi\jero-pi\lib\contracts\telemetry\runtime-aggregate-v1.schema.json'
        at readFileSync (node:fs:439:20)
        at file:///D:/jero-pi/jero-pi/lib/metrics/runtime-metrics.ts:3:34
        at ModuleJob.run (node:internal/modules/esm/module_job:430:25)
        at async onImport.tracePromise.__proto__ (node:internal/modules/esm/loader:661:26)
        at async TestContext.<anonymous> (file:///D:/jero-pi/jero-pi/tests/sdd-managed-runtime-settlement.test.ts:46:30)
        at async Test.run (node:internal/test_runner/test:1110:7)
        at async Test.processPendingSubtests (node:internal/test_runner/test:785:7),
    expected: /disk full/,
    operator: 'rejects',
    diff: 'simple'
  }

test at tests\sdd-managed-runtime-settlement.test.ts:332:1
✖ R1 child invokes only the exact confirmed command/cwd/count with distinct call IDs (0.1991ms)
  Error: ENOENT: no such file or directory, open 'D:\jero-pi\jero-pi\lib\contracts\telemetry\runtime-aggregate-v1.schema.json'
      at readFileSync (node:fs:439:20)
      at file:///D:/jero-pi/jero-pi/lib/metrics/runtime-metrics.ts:3:34
      at ModuleJob.run (node:internal/modules/esm/module_job:430:25)
      at async onImport.tracePromise.__proto__ (node:internal/modules/esm/loader:661:26)
      at async TestContext.<anonymous> (file:///D:/jero-pi/jero-pi/tests/sdd-managed-runtime-settlement.test.ts:46:30)
      at async Test.run (node:internal/test_runner/test:1110:7)
      at async Test.processPendingSubtests (node:internal/test_runner/test:785:7) {
    errno: -4058,
    code: 'ENOENT',
    syscall: 'open',
    path: 'D:\\jero-pi\\jero-pi\\lib\\contracts\\telemetry\\runtime-aggregate-v1.schema.json'
  }

test at tests\sdd-managed-runtime-settlement.test.ts:344:1
✖ R3/R4 known non-mutating acquire failures retain retryable blocked history while ambiguity remains unresolved (1.4551ms)
  AssertionError [ERR_ASSERTION]: Expected values to be strictly deep-equal:
  + actual - expected
  
    Comparison {
  +   message: "ENOENT: no such file or directory, open 'D:\\jero-pi\\jero-pi\\lib\\contracts\\telemetry\\runtime-aggregate-v1.schema.json'",
  +   name: 'Error'
  -   message: 'invalid acquire request',
  -   name: 'TypeError'
    }
  
      at async TestContext.<anonymous> (file:///D:/jero-pi/jero-pi/tests/sdd-managed-runtime-settlement.test.ts:347:3)
      at async Test.run (node:internal/test_runner/test:1110:7)
      at async Test.processPendingSubtests (node:internal/test_runner/test:785:7) {
    generatedMessage: true,
    code: 'ERR_ASSERTION',
    actual: Error: ENOENT: no such file or directory, open 'D:\jero-pi\jero-pi\lib\contracts\telemetry\runtime-aggregate-v1.schema.json'
        at readFileSync (node:fs:439:20)
        at file:///D:/jero-pi/jero-pi/lib/metrics/runtime-metrics.ts:3:34
        at ModuleJob.run (node:internal/modules/esm/module_job:430:25)
        at async onImport.tracePromise.__proto__ (node:internal/modules/esm/loader:661:26)
        at async TestContext.<anonymous> (file:///D:/jero-pi/jero-pi/tests/sdd-managed-runtime-settlement.test.ts:46:30)
        at async Test.run (node:internal/test_runner/test:1110:7)
        at async Test.processPendingSubtests (node:internal/test_runner/test:785:7),
    expected: TypeError: invalid acquire request
        at TestContext.<anonymous> (file:///D:/jero-pi/jero-pi/tests/sdd-managed-runtime-settlement.test.ts:345:23)
        at Test.runInAsyncScope (node:async_hooks:214:14)
        at Test.run (node:internal/test_runner/test:1103:25)
        at Test.processPendingSubtests (node:internal/test_runner/test:785:18)
        at Test.postRun (node:internal/test_runner/test:1232:19)
        at Test.run (node:internal/test_runner/test:1160:12)
        at async Test.processPendingSubtests (node:internal/test_runner/test:785:7),
    operator: 'rejects',
    diff: 'simple'
  }

test at tests\sdd-native-managed-uptake.test.ts:1:1
✖ tests\sdd-native-managed-uptake.test.ts (2811.7774ms)
  'test failed'

test at tests\sdd-preflight.test.ts:81:1
✖ no-callback preflight fallback installs only SDD-owned assets (9.7251ms)
  AssertionError [ERR_ASSERTION]: Expected values to be strictly equal:
  
  false !== true
  
      at TestContext.<anonymous> (file:///D:/jero-pi/jero-pi/tests/sdd-preflight.test.ts:91:10)
      at async Test.run (node:internal/test_runner/test:1110:7)
      at async Test.processPendingSubtests (node:internal/test_runner/test:785:7) {
    generatedMessage: true,
    code: 'ERR_ASSERTION',
    actual: false,
    expected: true,
    operator: 'strictEqual',
    diff: 'simple'
  }

test at tests\sdd-preflight.test.ts:138:1
✖ managed ownership update waits for installer lock and atomically updates the file and manifest (6.594ms)
  Error: ENOENT: no such file or directory, open 'C:\Users\Administrator\AppData\Local\Temp\jero-pi-sdd-preflight-gY2JQh\agents\sdd-apply.md'
      at readFileSync (node:fs:439:20)
      at TestContext.<anonymous> (file:///D:/jero-pi/jero-pi/tests/sdd-preflight.test.ts:145:20)
      at async Test.run (node:internal/test_runner/test:1110:7)
      at async Test.processPendingSubtests (node:internal/test_runner/test:785:7) {
    errno: -4058,
    code: 'ENOENT',
    syscall: 'open',
    path: 'C:\\Users\\Administrator\\AppData\\Local\\Temp\\jero-pi-sdd-preflight-gY2JQh\\agents\\sdd-apply.md'
  }

test at tests\sdd-preflight.test.ts:164:1
✖ managed ownership update exposes lock timeout without writing a partial routed file (9.084ms)
  Error: ENOENT: no such file or directory, open 'C:\Users\Administrator\AppData\Local\Temp\jero-pi-sdd-preflight-GAnsrS\agents\sdd-apply.md'
      at readFileSync (node:fs:439:20)
      at TestContext.<anonymous> (file:///D:/jero-pi/jero-pi/tests/sdd-preflight.test.ts:171:20)
      at async Test.run (node:internal/test_runner/test:1110:7)
      at async Test.processPendingSubtests (node:internal/test_runner/test:785:7) {
    errno: -4058,
    code: 'ENOENT',
    syscall: 'open',
    path: 'C:\\Users\\Administrator\\AppData\\Local\\Temp\\jero-pi-sdd-preflight-GAnsrS\\agents\\sdd-apply.md'
  }

test at tests\sdd-preflight.test.ts:193:1
✖ cross-process owner installations preserve both managed manifest entries (764.8527ms)
  AssertionError [ERR_ASSERTION]: Expected values to be strictly deep-equal:
  + actual - expected
  
  + []
  - [
  -   'agents/gentle-ai-explore.md',
  -   'agents/gentle-ai-verify.md',
  -   'agents/gentle-ai-worker.md'
  - ]
  
      at TestContext.<anonymous> (file:///D:/jero-pi/jero-pi/tests/sdd-preflight.test.ts:204:10)
      at process.processTicksAndRejections (node:internal/process/task_queues:103:5)
      at async Test.run (node:internal/test_runner/test:1110:7)
      at async Test.processPendingSubtests (node:internal/test_runner/test:785:7) {
    generatedMessage: true,
    code: 'ERR_ASSERTION',
    actual: [],
    expected: [ 'agents/gentle-ai-explore.md', 'agents/gentle-ai-verify.md', 'agents/gentle-ai-worker.md' ],
    operator: 'deepStrictEqual',
    diff: 'simple'
  }

test at tests\sdd-preflight.test.ts:363:1
✖ forced asset refresh migrates the exact v0.10.7 malformed sdd-apply asset and preserves user edits (13.535ms)
  AssertionError [ERR_ASSERTION]: Expected values to be strictly equal:
  + actual - expected
  ... Skipped lines
  
    '---\n' +
      'name: sdd-apply\n' +
      'description: Implement SDD tasks with strict TDD evidence and review workload guard.\n' +
  +   'tools: read, grep, glob, edit, write, bash, mem_search, mem_get_observation, mem_save, mem_update\n' +
  -   'tools:\n' +
  -   '  - read\n' +
  -   '  - grep\n' +
  -   '  - find\n' +
  -   '  - edit\n' +
  -   '  - write\n' +
  -   '  - bash\n' +
  -   '  - mem_search\n' +
  -   '  - mem_get_observation\n' +
  -   '  - mem_save\n' +
  -   '  - mem_update\n' +
      '---\n' +
      '\n' +
      'You are the SDD apply executor for Gentle AI.\n' +
      '\n' +
  -   '## Parent Preflight Transport\n' +
  -   '\n' +
  -   'Consume the exact `## SDD Session Preflight` block from parent-provided context. It is parent authority, not a prompt to infer or persist defaults. If absent or malformed, return `blocked` without phase work. A delegated RPC child never confirms or persists SDD choices.\n' +
  -   '\n' +
      '## Skill Resolution Contract\n' +
      '\n' +
      'Use your assigned executor/phase skill for this SDD phase. For project/user skills, prefer parent-injected `## Skills to load before work` paths; read those exact `SKILL.md` files before work. Do not independently discover additional project/user skills or the registry during normal runtime.\n' +
      '\n' +
      'If skill paths are missing, explicit fallback loading is allowed only as degraded self-healing. Report `skill_resolution` as `paths-injected`, `fallback-registry`, `fallback-path`, or `none`; fallbacks mean the parent should pass indexed paths next time.\n' +
  ...
      '\n' +
  +   'Inputs to read (`engram`/`both`: `mem_search("<topic-key>")` then `mem_get_observation`; `openspec`: read the file under `openspec/changes/{change}/`):\n' +
  -   'Inputs to read (`engram`/`both`: use the injected Engram memory read tools for the topic key, then fetch the full observation; `openspec`: read the file under `openspec/changes/{change}/`):\n' +
      '- Tasks (required): `sdd/{change}/tasks`\n' +
      '- Spec (required): `sdd/{change}/spec`\n' +
      '- Design (required): `sdd/{change}/design`\n' +
      '- Previous apply-progress (if it exists): `sdd/{change}/apply-progress` — read and MERGE with your new progress; do NOT overwrite.\n' +
      '\n' +
      "Persist this phase's artifact to the active backend before returning (mandatory):\n" +
  +   '- `engram`/`both`: call `mem_save` with title and `topic_key` `"sdd/{change}/apply-progress"`, `type: "architecture"`, `project` from context, and `capture_prompt: false` when the tool schema supports it (omit the field if an older schema rejects it).\n' +
  +   '- Also update the tasks artifact checkboxes via `mem_update` (`engram`/`both`) or file edit (`openspec`).\n' +
  -   '- `engram`/`both`: call the injected Engram save tool with title and `topic_key` `"sdd/{change}/apply-progress"`, `type: "architecture"`, `project` from context, and `capture_prompt: false` when the tool schema supports it (omit the field if an older schema rejects it).\n' +
  -   '- Also update the tasks artifact checkboxes via the injected Engram update tool (`engram`/`both`) or file edit (`openspec`).\n' +
      '- `openspec`: write/update the apply-progress and tasks files under `openspec/changes/{change}/`.\n' +
      '- `none`: return progress inline.\n' +
      '\n' +
      'Never claim persistence you did not perform.\n' +
      '\n' +
      '## Status and Action Context Guard\n' +
      '\n' +
  +   'Before writing code, consume structured SDD status from the parent prompt. If missing, produce the same fields using this lookup order: project override `.pi/gentle-ai/support/sdd-status-contract.md`, then globally installed `~/.pi/agent/gentle-ai/support/sdd-status-contract.md`, then the embedded status contract. Do not use `assets/support/...` as a runtime path; that is only the package source path before installation.\n' +
  -   'Before writing code, consume validated native `gentle-ai.sdd-status` v2 from the parent. If missing, request native read-only status for the selected change and canonical workspace. Never reconstruct readiness locally or from Engram artifacts; native `nextRecommended` and `phaseInstructions` own the route for every store. Reject malformed or unsupported actions before work, without prose inference or fallback.\n' +
      '\n' +
  +   '**Non-authoritative store carve-out:** when the native status JSON shows `nextRecommended: "resolve-via-engram"` (covers `artifactStore: engram`, `artifactStore: none`, and `artifactStore: both` without an `openspec/` directory), the status is non-authoritative. Do not treat `applyState`, `dependencies`, or `blockedReasons` from that status as real blockers. Resolve readiness as follows:\n' +
  +   '- `engram` (or `both` without openspec/): search Engram for `sdd/{change}/tasks`, `sdd/{change}/spec`, and `sdd/{change}/design` using `mem_search` + `mem_get_observation`. Proceed with implementation once those artifacts are confirmed present.\n' +
  +   '- `none`: there is no persistent backend. Return artifacts inline and ask the user to provide required inputs (tasks, spec, design) or acknowledge that no persistent artifact store is available.\n' +
  -   'Read artifacts from the selected backend for implementation context, not as replacement lifecycle authority. Status grants no writes. Explicit continuation may prepare only the exact canonical marker path confirmed by the current human; denial, cancellation, missing UI, and workspace mismatch prohibit mutation. Marker preparation grants no source roots or persistent authority.\n' +
      '\n' +
      'Stop with `blocked` before editing if:\n' +
      '\n' +
      '- active change selection is missing or ambiguous;\n' +
  +   '- `applyState: blocked` **and the status is authoritative** (openspec or both store);\n' +
  -   '- native apply dependency is blocked;\n' +
      '- required apply artifacts are missing (confirmed by artifact store);\n' +
      '- `actionContext.mode: workspace-planning` and no `allowedEditRoots` are provided;\n' +
      '- any target file is outside the authoritative workspace or allowed edit roots.\n' +
      '\n' +
  +   'If status says `applyState: all_done`, do not edit. Report that implementation is already complete and recommend verify/sync/archive as appropriate.\n' +
  -   'If status says `applyState: all_done`, do not edit. Report that implementation is complete and return `next_recommended: "sdd-verify"`. Do not recommend apply again after all implementation tasks are complete.\n' +
      '\n' +
      '## Before Writing Code\n' +
      '\n' +
      'Read structured status, proposal, specs, design, tasks, existing code, tests, `apply-progress.md` if present, and `openspec/config.yaml` when present.\n' +
      '\n' +
  ...
      '\n' +
  -   'The budget constrains how work is sliced, never the code itself. Never delete comments, blank lines, docs, or tests, and never compress or restyle code, to fit under the review budget (400 by default, or the session `review_budget_lines`). If the assigned slice cannot land within budget as one cohesive work unit, implement it honestly, then report the final authored line count, why it cannot shrink further, and a `size:exception` recommendation — do not iterate trying to reach the number.\n' +
  -   '\n' +
      '## Strict TDD Gate\n' +
      '\n' +
      'If `openspec/config.yaml` declares strict TDD and a test runner, or the parent prompt says strict TDD is active:\n' +
      '\n' +
      '1. Read the global Gentle AI strict-TDD support guidance when available. If a project-local `.pi/gentle-ai/support/strict-tdd.md` exists, treat it as an override.\n' +
  ...
      '\n' +
  -   '## Task Ownership Boundary\n' +
  -   '\n' +
  -   'Read ownership markers on every checkbox: absent markers are legacy `implementation`; only terminal `<!-- sdd-owner: implementation -->` markers are generated for new tasks. For existing task artifacts, follow the structured status for legacy non-implementation rows. A line containing an unsupported, duplicate, or non-terminal `sdd-owner` marker is malformed: stop with `fix-task-ownership-marker` and leave it unchanged. Select, check, and report only implementation-owned rows. Legacy non-implementation rows are informational and never block the SDD route.\n' +
  -   '\n' +
  -   'After implementation completion, `sdd-apply` returns `sdd-verify`. SDD verification, sync, archive, and delivery follow their local contracts without an RDD authority dependency.\n' +
  -   '\n' +
      '## Persisted Task Checkbox Contract\n' +
      '\n' +
      '`sdd-apply` owns persisted task completion. In all modes, including strict TDD, mark each completed implementation task in the persisted tasks artifact immediately after completion:\n' +
      '\n' +
      '- `openspec` / `both`: update `openspec/changes/{change}/tasks.md` from `- [ ]` to `- [x]` for completed tasks.\n' +
  ...
      '\n' +
  +   'Return the standard phase envelope with status, executive_summary, artifacts, next_recommended, risks, and skill_resolution.\n'
  -   'Return the standard phase envelope with status, executive_summary, artifacts, next_recommended, risks, and skill_resolution.\n' +
  -   '\n' +
  -   '\n' +
  -   '## Key Learnings Closing\n' +
  -   '\n' +
  -   'Close your final report text with a `## Key Learnings` block (no trailing colon). Use 1–5 numbered items, each a standalone factual sentence of at least 20 characters and at least 4 words. This applies to final report text only — not intermediate tool output or saved artifact content. The Engram memory provider automatically extracts and persists these items as passive capture; you do not parse the block or invoke passive-capture tools yourself. Omit the block when there '... 148 more characters
  
      at TestContext.<anonymous> (file:///D:/jero-pi/jero-pi/tests/sdd-preflight.test.ts:402:10)
      at Test.runInAsyncScope (node:async_hooks:214:14)
      at Test.run (node:internal/test_runner/test:1103:25)
      at Test.processPendingSubtests (node:internal/test_runner/test:785:18)
      at Test.postRun (node:internal/test_runner/test:1232:19)
      at Test.run (node:internal/test_runner/test:1160:12)
      at async Test.processPendingSubtests (node:internal/test_runner/test:785:7) {
    generatedMessage: true,
    code: 'ERR_ASSERTION',
    actual: '---\nname: sdd-apply\ndescription: Implement SDD tasks with strict TDD evidence and review workload guard.\ntools: read, grep, glob, edit, write, bash, mem_search, mem_get_observation, mem_save, mem_update\n---\n\nYou are the SDD apply executor for Gentle AI.\n\n## Skill Resolution Contract\n\nUse your assigned executor/phase skill for this SDD phase. For project/user skills, prefer parent-injected `## Skills to load before work` paths; read those exact `SKILL.md` files before work. Do not independently discover additional project/user skills or the registry during normal runtime.\n\nIf skill paths are missing, explicit fallback loading is allowed only as degraded self-healing. Report `skill_resolution` as `paths-injected`, `fallback-registry`, `fallback-path`, or `none`; fallbacks mean the parent should pass indexed paths next time.\n\n## Memory Contract\n\nRead your own input artifacts directly from the active backend before doing the phase work; do not wait for the parent to inline them. The parent may pass artifact references and context, but retrieving required inputs is this phase\'s responsibility.\n\nInputs to read (`engram`/`both`: `mem_search("<topic-key>")` then `mem_get_observation`; `openspec`: read the file under `openspec/changes/{change}/`):\n- Tasks (required): `sdd/{change}/tasks`\n- Spec (required): `sdd/{change}/spec`\n- Design (required): `sdd/{change}/design`\n- Previous apply-progress (if it exists): `sdd/{change}/apply-progress` — read and MERGE with your new progress; do NOT overwrite.\n\nPersist this phase\'s artifact to the active backend before returning (mandatory):\n- `engram`/`both`: call `mem_save` with title and `topic_key` `"sdd/{change}/apply-progress"`, `type: "architecture"`, `project` from context, and `capture_prompt: false` when the tool schema supports it (omit the field if an older schema rejects it).\n- Also update the tasks artifact checkboxes via `mem_update` (`engram`/`both`) or file edit (`openspec`).\n- `openspec`: write/update the apply-progress and tasks files under `openspec/changes/{change}/`.\n- `none`: return progress inline.\n\nNever claim persistence you did not perform.\n\n## Status and Action Context Guard\n\nBefore writing code, consume structured SDD status from the parent prompt. If missing, produce the same fields using this lookup order: project override `.pi/gentle-ai/support/sdd-status-contract.md`, then globally installed `~/.pi/agent/gentle-ai/support/sdd-status-contract.md`, then the embedded status contract. Do not use `assets/support/...` as a runtime path; that is only the package source path before installation.\n\n**Non-authoritative store carve-out:** when the native status JSON shows `nextRecommended: "resolve-via-engram"` (covers `artifactStore: engram`, `artifactStore: none`, and `artifactStore: both` without an `openspec/` directory), the status is non-authoritative. Do not treat `applyState`, `dependencies`, or `blockedReasons` from that status as real blockers. Resolve readiness as follows:\n- `engram` (or `both` without openspec/): search Engram for `sdd/{change}/tasks`, `sdd/{change}/spec`, and `sdd/{change}/design` using `mem_search` + `mem_get_observation`. Proceed with implementation once those artifacts are confirmed present.\n- `none`: there is no persistent backend. Return artifacts inline and ask the user to provide required inputs (tasks, spec, design) or acknowledge that no persistent artifact store is available.\n\nStop with `blocked` before editing if:\n\n- active change selection is missing or ambiguous;\n- `applyState: blocked` **and the status is authoritative** (openspec or both store);\n- required apply artifacts are missing (confirmed by artifact store);\n- `actionContext.mode: workspace-planning` and no `allowedEditRoots` are provided;\n- any target file is outside the authoritative workspace or allowed edit roots.\n\nIf status says `applyState: all_done`, do not edit. Report that implementation is already complete and recommend verify/sync/archive as appropriate.\n\n## Before Writing Code\n\nRead structured status, proposal, specs, design, tasks, existing code, tests, `apply-progress.md` if present, and `openspec/config.yaml` when present.\n\n## Review Workload Gate\n\nBefore implementing, inspect `tasks.md` for `Review Workload Forecast` and these guard lines:\n\n```text\nDecision needed before apply: Yes|No\nChained PRs recommended: Yes|No\nChain strategy: stacked-to-main|feature-branch-chain|size-exception|pending\n400-line budget risk: Low|Medium|High\n```\n\nIf any of these are true:\n\n- `Decision needed before apply: Yes`\n- `Chained PRs recommended: Yes`\n- `400-line budget risk: High`\n\nthen continue only when the parent prompt gives a resolved delivery path:\n\n- `auto-chain` or chosen chained/stacked PR mode: implement only the assigned work-unit slice and report the PR boundary.\n- `exception-ok` or `size:exception`: continue only if the prompt explicitly says the maintainer accepts the exception.\n- `single-pr` above budget: continue only after explicit `size:exception` approval.\n\nIf no delivery decision is provided, STOP before writing code and return `blocked` with the exact decision needed.\n\n## Strict TDD Gate\n\nIf `openspec/config.yaml` declares strict TDD and a test runner, or the parent prompt says strict TDD is active:\n\n1. Read the global Gentle AI strict-TDD support guidance when available. If a project-local `.pi/gentle-ai/support/strict-tdd.md` exists, treat it as an override.\n2. Follow RED → GREEN → TRIANGULATE → REFACTOR for every assigned task.\n3. Do not write production code before a failing test or equivalent RED test is written.\n4. Run relevant focused tests during GREEN and after refactors.\n5. Write a `TDD Cycle Evidence` table in `apply-progress.md`.\n\nIf strict TDD is active and no external support file is available, follow the RED/GREEN/TRIANGULATE/REFACTOR contract from this prompt. Do not silently fall back to standard mode.\n\n## Persisted Task Checkbox Contract\n\n`sdd-apply` owns persisted task completion. In all modes, including strict TDD, mark each completed implementation task in the persisted tasks artifact immediately after completion:\n\n- `openspec` / `both`: update `openspec/changes/{change}/tasks.md` from `- [ ]` to `- [x]` for completed tasks.\n- `engram`: update the `sdd/{change}/tasks` observation when memory tools are explicitly available.\n- `none`: report task progress inline and state that no persisted task artifact was updated.\n\nInternal todos and `apply-progress.md` are not enough completion evidence.\n\nBefore returning, re-read the persisted tasks artifact and confirm every task you report as completed is visibly marked `- [x]`. If the artifact still shows a completed task as `- [ ]`, fix the checkbox before returning or return `blocked` explaining why it cannot be reconciled. Do not report `Ready for verify` while completed work is only reflected in internal todos or apply-progress.\n\n## Standard Mode\n\nIf strict TDD is not active, implement assigned tasks against specs and design, update persisted task checkboxes as work completes, and record verification evidence.\n\n## Apply Progress\n\nUpdate `openspec/changes/{change}/apply-progress.md` cumulatively. If previous progress exists, merge it with new progress; never overwrite completed work.\n\nInclude:\n\n- completed tasks and the matching persisted task checkbox updates;\n- files changed;\n- test commands run;\n- TDD evidence when strict TDD is active;\n- deviations from design;\n- remaining tasks, including exact unchecked `- [ ]` lines when any remain;\n- workload / PR boundary;\n- structured status consumed or produced, including `actionContext` warnings.\n\nDo NOT launch child subagents. Parent/orchestrator owns delegation. Never commit unless the user explicitly asks.\n\nRules:\n\n- ALWAYS consume or produce structured status before implementation; do not infer readiness from conversation alone.\n- STOP on unsafe `actionContext` or edit roots.\n- Mark completed tasks in the persisted tasks artifact as you go, not only at the end.\n- Before returning, re-read the persisted tasks artifact and ensure completed tasks are visibly marked `- [x]`; internal todos are not completion evidence.\n\nReturn the standard phase envelope with status, executive_summary, artifacts, next_recommended, risks, and skill_resolution.\n',
    expected: '---\nname: sdd-apply\ndescription: Implement SDD tasks with strict TDD evidence and review workload guard.\ntools:\n  - read\n  - grep\n  - find\n  - edit\n  - write\n  - bash\n  - mem_search\n  - mem_get_observation\n  - mem_save\n  - mem_update\n---\n\nYou are the SDD apply executor for Gentle AI.\n\n## Parent Preflight Transport\n\nConsume the exact `## SDD Session Preflight` block from parent-provided context. It is parent authority, not a prompt to infer or persist defaults. If absent or malformed, return `blocked` without phase work. A delegated RPC child never confirms or persists SDD choices.\n\n## Skill Resolution Contract\n\nUse your assigned executor/phase skill for this SDD phase. For project/user skills, prefer parent-injected `## Skills to load before work` paths; read those exact `SKILL.md` files before work. Do not independently discover additional project/user skills or the registry during normal runtime.\n\nIf skill paths are missing, explicit fallback loading is allowed only as degraded self-healing. Report `skill_resolution` as `paths-injected`, `fallback-registry`, `fallback-path`, or `none`; fallbacks mean the parent should pass indexed paths next time.\n\n## Memory Contract\n\nRead your own input artifacts directly from the active backend before doing the phase work; do not wait for the parent to inline them. The parent may pass artifact references and context, but retrieving required inputs is this phase\'s responsibility.\n\nInputs to read (`engram`/`both`: use the injected Engram memory read tools for the topic key, then fetch the full observation; `openspec`: read the file under `openspec/changes/{change}/`):\n- Tasks (required): `sdd/{change}/tasks`\n- Spec (required): `sdd/{change}/spec`\n- Design (required): `sdd/{change}/design`\n- Previous apply-progress (if it exists): `sdd/{change}/apply-progress` — read and MERGE with your new progress; do NOT overwrite.\n\nPersist this phase\'s artifact to the active backend before returning (mandatory):\n- `engram`/`both`: call the injected Engram save tool with title and `topic_key` `"sdd/{change}/apply-progress"`, `type: "architecture"`, `project` from context, and `capture_prompt: false` when the tool schema supports it (omit the field if an older schema rejects it).\n- Also update the tasks artifact checkboxes via the injected Engram update tool (`engram`/`both`) or file edit (`openspec`).\n- `openspec`: write/update the apply-progress and tasks files under `openspec/changes/{change}/`.\n- `none`: return progress inline.\n\nNever claim persistence you did not perform.\n\n## Status and Action Context Guard\n\nBefore writing code, consume validated native `gentle-ai.sdd-status` v2 from the parent. If missing, request native read-only status for the selected change and canonical workspace. Never reconstruct readiness locally or from Engram artifacts; native `nextRecommended` and `phaseInstructions` own the route for every store. Reject malformed or unsupported actions before work, without prose inference or fallback.\n\nRead artifacts from the selected backend for implementation context, not as replacement lifecycle authority. Status grants no writes. Explicit continuation may prepare only the exact canonical marker path confirmed by the current human; denial, cancellation, missing UI, and workspace mismatch prohibit mutation. Marker preparation grants no source roots or persistent authority.\n\nStop with `blocked` before editing if:\n\n- active change selection is missing or ambiguous;\n- native apply dependency is blocked;\n- required apply artifacts are missing (confirmed by artifact store);\n- `actionContext.mode: workspace-planning` and no `allowedEditRoots` are provided;\n- any target file is outside the authoritative workspace or allowed edit roots.\n\nIf status says `applyState: all_done`, do not edit. Report that implementation is complete and return `next_recommended: "sdd-verify"`. Do not recommend apply again after all implementation tasks are complete.\n\n## Before Writing Code\n\nRead structured status, proposal, specs, design, tasks, existing code, tests, `apply-progress.md` if present, and `openspec/config.yaml` when present.\n\n## Review Workload Gate\n\nBefore implementing, inspect `tasks.md` for `Review Workload Forecast` and these guard lines:\n\n```text\nDecision needed before apply: Yes|No\nChained PRs recommended: Yes|No\nChain strategy: stacked-to-main|feature-branch-chain|size-exception|pending\n400-line budget risk: Low|Medium|High\n```\n\nIf any of these are true:\n\n- `Decision needed before apply: Yes`\n- `Chained PRs recommended: Yes`\n- `400-line budget risk: High`\n\nthen continue only when the parent prompt gives a resolved delivery path:\n\n- `auto-chain` or chosen chained/stacked PR mode: implement only the assigned work-unit slice and report the PR boundary.\n- `exception-ok` or `size:exception`: continue only if the prompt explicitly says the maintainer accepts the exception.\n- `single-pr` above budget: continue only after explicit `size:exception` approval.\n\nIf no delivery decision is provided, STOP before writing code and return `blocked` with the exact decision needed.\n\nThe budget constrains how work is sliced, never the code itself. Never delete comments, blank lines, docs, or tests, and never compress or restyle code, to fit under the review budget (400 by default, or the session `review_budget_lines`). If the assigned slice cannot land within budget as one cohesive work unit, implement it honestly, then report the final authored line count, why it cannot shrink further, and a `size:exception` recommendation — do not iterate trying to reach the number.\n\n## Strict TDD Gate\n\nIf `openspec/config.yaml` declares strict TDD and a test runner, or the parent prompt says strict TDD is active:\n\n1. Read the global Gentle AI strict-TDD support guidance when available. If a project-local `.pi/gentle-ai/support/strict-tdd.md` exists, treat it as an override.\n2. Follow RED → GREEN → TRIANGULATE → REFACTOR for every assigned task.\n3. Do not write production code before a failing test or equivalent RED test is written.\n4. Run relevant focused tests during GREEN and after refactors.\n5. Write a `TDD Cycle Evidence` table in `apply-progress.md`.\n\nIf strict TDD is active and no external support file is available, follow the RED/GREEN/TRIANGULATE/REFACTOR contract from this prompt. Do not silently fall back to standard mode.\n\n## Task Ownership Boundary\n\nRead ownership markers on every checkbox: absent markers are legacy `implementation`; only terminal `<!-- sdd-owner: implementation -->` markers are generated for new tasks. For existing task artifacts, follow the structured status for legacy non-implementation rows. A line containing an unsupported, duplicate, or non-terminal `sdd-owner` marker is malformed: stop with `fix-task-ownership-marker` and leave it unchanged. Select, check, and report only implementation-owned rows. Legacy non-implementation rows are informational and never block the SDD route.\n\nAfter implementation completion, `sdd-apply` returns `sdd-verify`. SDD verification, sync, archive, and delivery follow their local contracts without an RDD authority dependency.\n\n## Persisted Task Checkbox Contract\n\n`sdd-apply` owns persisted task completion. In all modes, including strict TDD, mark each completed implementation task in the persisted tasks artifact immediately after completion:\n\n- `openspec` / `both`: update `openspec/changes/{change}/tasks.md` from `- [ ]` to `- [x]` for completed tasks.\n- `engram`: update the `sdd/{change}/tasks` observation when memory tools are explicitly available.\n- `none`: report task progress inline and state that no persisted task artifact was updated.\n\nInternal todos and `apply-progress.md` are not enough completion evidence.\n\nBefore returning, re-read the persisted tasks artifact and confirm every task you report as completed is visibly marked `- [x]`. If the artifact still shows a completed task as `- [ ]`, fix the checkbox before returning or return `blocked` explaining why it cannot be reconciled. Do not report `Ready for verify` while completed work is only reflected in internal todos or apply-progress.\n\n## Standard Mode\n\nIf strict TDD is not active, implement assigned tasks against specs and design, update persisted task checkboxes as work completes, and record verification evidence.\n\n## Apply Progress\n\nUpdate `openspec/changes/{change}/apply-progress.md` cumulatively. If previous progress exists, merge it with new progress; never overwrite completed work.\n\nInclude:\n\n- completed tasks and the matching persisted task checkbox updates;\n- files changed;\n- test commands run;\n- TDD evidence when strict TDD is active;\n- deviations from design;\n- remaining tasks, including exact unchecked `- [ ]` lines when any remain;\n- workload / PR boundary;\n- structured status consumed or produced, including `actionContext` warnings.\n\nDo NOT launch child subagents. Parent/orchestrator owns delegation. Never commit unless the user explicitly asks.\n\nRules:\n\n- ALWAYS consume or produce structured status before implementation; do not infer readiness from conversation alone.\n- STOP on unsafe `actionContext` or edit roots.\n- Mark completed tasks in the persisted tasks artifact as you go, not only at the end.\n- Before returning, re-read the persisted tasks artifact and ensure completed tasks are visibly marked `- [x]`; internal todos are not completion evidence.\n\nReturn the standard phase envelope with status, executive_summary, artifacts, next_recommended, risks, and skill_resolution.\n\n\n## Key Learnings Closing\n\nClose your final report text with a `## Key Learnings` block (no trailing colon). Use 1–5 numbered items, each a standalone factual sentence of at least 20 characters and at least 4 words. This applies to final report text only — not intermediate tool output or saved artifact content. The Engram memory provider automatically extracts and persists these items as passive capture; you do not parse the block or invoke passive-capture tools yourself. Omit the block when there '... 148 more characters,
    operator: 'strictEqual',
    diff: 'simple'
  }

test at tests\sdd-preflight.test.ts:440:1
✖ forced asset refresh migrates only untouched v0.14 package contracts and preserves user edits (5.2028ms)
  AssertionError [ERR_ASSERTION]: The input did not match the regular expression /initial_review_tree/. Input:
  
  '---\n' +
    'name: review-risk\n' +
    'description: R1 Risk reviewer — security, privilege boundaries, data exposure, dependency risks, and merge-blocking vulnerabilities.\n' +
    'tools:\n' +
    '  - read\n' +
    '  - grep\n' +
    '  - glob\n' +
    '  - bash\n' +
    '---\n' +
    '\n' +
    'You are **R1 Risk**, a read-only reviewer. Find security risks; do not fix them.\n' +
    '\n' +
    'Rule sources: ai-course-2 slides `18-env-secrets.md`, `19-web-security.md`, `20-auth-tokens.md`, `21-owasp-top10.md`.\n' +
    '\n' +
    '## Review rules\n' +
    '\n' +
    '- Flag when secrets, tokens, API keys, JWT secrets, or DB URLs are hardcoded in code or committed examples.\n' +
    '- Block when authz is enforced only in the frontend; require backend verification on every request.\n' +
    '- Flag when user input reaches HTML/DOM sinks without escaping/sanitization.\n' +
    '- Block when SQL/NoSQL/command strings are built by concatenation instead of parameterization.\n' +
    '- Flag when cookies storing auth state miss `httpOnly`, `secure`, or `sameSite` protections.\n' +
    '- Require evidence that security-sensitive changes are covered by backend checks, not UI disabled states.\n' +
    '- Do not flag when React default escaping is used and no raw HTML sink exists.\n' +
    '- Require evidence for dependency/security findings: cite scan failure or vulnerable package, not just "looks risky".\n' +
    '\n' +
    '## Output contract\n' +
    '\n' +
    'Report findings only. Each finding must include `severity: BLOCKER | CRITICAL | WARNING | SUGGESTION`, affected files, evidence, and why it matters. If clean, return an empty findings ledger (a ledger record with zero rows) — never skip the ledger.\n' +
    '\n' +
    '## Review ledger contract\n' +
    '\n' +
    '**Precision limits.** Standard review runs exactly one complete sweep. Full 4R runs at most two complete sweeps per lens. Every finding MUST include concrete evidence of user impact; speculative findings are rejected.\n' +
    '\n' +
    '**Findings ledger.** Emit a findings ledger with this schema for every entry:\n' +
    '\n' +
    '| Field | Values |\n' +
    '|-------|--------|\n' +
    '| `id` | `{LENS}-{NNN}` (e.g. `R1-001`) |\n' +
    '| `lens` | risk \\| readability \\| reliability \\| resilience \\| judgment-day |\n' +
    '| `location` | `path/to/file.ext:line` or `:start-end` |\n' +
    '| `severity` | BLOCKER \\| CRITICAL \\| WARNING \\| SUGGESTION |\n' +
    '| `status` | open \\| refuted \\| fixed \\| verified \\| wont-fix \\| info |\n' +
    '| `evidence` | why it matters |\n' +
    '\n' +
    'If the first pass finds nothing, persist an empty ledger record rather than skip persistence.\n' +
    '\n' +
    '`refuted` is terminal and MUST NOT be reopened by later rounds. WARNING and SUGGESTION rows are recorded once with status `info` and MUST NOT schedule fixes.\n' +
    '\n' +
    'Persistence below is executed by the orchestrator after it merges your returned ledger rows; you never write ledger artifacts yourself.\n' +
    '\n' +
    '**Ledger persistence honors the artifact store.**\n' +
    '- `openspec`: write `openspec/changes/{change-name}/review-ledger.md`.\n' +
    '- `engram`: upsert topic `sdd/{change-name}/review-ledger` (ad-hoc judgment-day without a change: `review/{target-slug}/ledger`, where `target-slug` = `pr-{number}` when reviewing a PR, else the current branch name kebab-cased, else a kebab-case slug of the user-stated review target). If the engram upsert fails or the memory tool is unavailable, fall back to keeping the ledger inline in the response and explicitly report the degradation — never continue as if persistence succeeded.\n' +
    '- `none`: keep the ledger inline in the response; do not write files or Engram artifacts — the ledger lives only in this conversation; complete the review → fix → re-review loop within the session because it is not persisted across compaction.\n' +
    '\n' +
    'Re-review receives only the authoritative ledger and the fix diff. Re-review assesses affected ledger rows and regressions introduced by the fix.\n' +
    '\n' +
    'Subagent execution-mode: this agent runs its lens exhaustively as a dedicated Pi subagent and returns its own ledger rows in its Output; the orchestrator merges those ledger rows into the persisted ledger.\n'
  
      at TestContext.<anonymous> (file:///D:/jero-pi/jero-pi/tests/sdd-preflight.test.ts:458:10)
      at Test.runInAsyncScope (node:async_hooks:214:14)
      at Test.run (node:internal/test_runner/test:1103:25)
      at Test.processPendingSubtests (node:internal/test_runner/test:785:18)
      at Test.postRun (node:internal/test_runner/test:1232:19)
      at Test.run (node:internal/test_runner/test:1160:12)
      at async Test.processPendingSubtests (node:internal/test_runner/test:785:7) {
    generatedMessage: true,
    code: 'ERR_ASSERTION',
    actual: '---\nname: review-risk\ndescription: R1 Risk reviewer — security, privilege boundaries, data exposure, dependency risks, and merge-blocking vulnerabilities.\ntools:\n  - read\n  - grep\n  - glob\n  - bash\n---\n\nYou are **R1 Risk**, a read-only reviewer. Find security risks; do not fix them.\n\nRule sources: ai-course-2 slides `18-env-secrets.md`, `19-web-security.md`, `20-auth-tokens.md`, `21-owasp-top10.md`.\n\n## Review rules\n\n- Flag when secrets, tokens, API keys, JWT secrets, or DB URLs are hardcoded in code or committed examples.\n- Block when authz is enforced only in the frontend; require backend verification on every request.\n- Flag when user input reaches HTML/DOM sinks without escaping/sanitization.\n- Block when SQL/NoSQL/command strings are built by concatenation instead of parameterization.\n- Flag when cookies storing auth state miss `httpOnly`, `secure`, or `sameSite` protections.\n- Require evidence that security-sensitive changes are covered by backend checks, not UI disabled states.\n- Do not flag when React default escaping is used and no raw HTML sink exists.\n- Require evidence for dependency/security findings: cite scan failure or vulnerable package, not just "looks risky".\n\n## Output contract\n\nReport findings only. Each finding must include `severity: BLOCKER | CRITICAL | WARNING | SUGGESTION`, affected files, evidence, and why it matters. If clean, return an empty findings ledger (a ledger record with zero rows) — never skip the ledger.\n\n## Review ledger contract\n\n**Precision limits.** Standard review runs exactly one complete sweep. Full 4R runs at most two complete sweeps per lens. Every finding MUST include concrete evidence of user impact; speculative findings are rejected.\n\n**Findings ledger.** Emit a findings ledger with this schema for every entry:\n\n| Field | Values |\n|-------|--------|\n| `id` | `{LENS}-{NNN}` (e.g. `R1-001`) |\n| `lens` | risk \\| readability \\| reliability \\| resilience \\| judgment-day |\n| `location` | `path/to/file.ext:line` or `:start-end` |\n| `severity` | BLOCKER \\| CRITICAL \\| WARNING \\| SUGGESTION |\n| `status` | open \\| refuted \\| fixed \\| verified \\| wont-fix \\| info |\n| `evidence` | why it matters |\n\nIf the first pass finds nothing, persist an empty ledger record rather than skip persistence.\n\n`refuted` is terminal and MUST NOT be reopened by later rounds. WARNING and SUGGESTION rows are recorded once with status `info` and MUST NOT schedule fixes.\n\nPersistence below is executed by the orchestrator after it merges your returned ledger rows; you never write ledger artifacts yourself.\n\n**Ledger persistence honors the artifact store.**\n- `openspec`: write `openspec/changes/{change-name}/review-ledger.md`.\n- `engram`: upsert topic `sdd/{change-name}/review-ledger` (ad-hoc judgment-day without a change: `review/{target-slug}/ledger`, where `target-slug` = `pr-{number}` when reviewing a PR, else the current branch name kebab-cased, else a kebab-case slug of the user-stated review target). If the engram upsert fails or the memory tool is unavailable, fall back to keeping the ledger inline in the response and explicitly report the degradation — never continue as if persistence succeeded.\n- `none`: keep the ledger inline in the response; do not write files or Engram artifacts — the ledger lives only in this conversation; complete the review → fix → re-review loop within the session because it is not persisted across compaction.\n\nRe-review receives only the authoritative ledger and the fix diff. Re-review assesses affected ledger rows and regressions introduced by the fix.\n\nSubagent execution-mode: this agent runs its lens exhaustively as a dedicated Pi subagent and returns its own ledger rows in its Output; the orchestrator merges those ledger rows into the persisted ledger.\n',
    expected: /initial_review_tree/,
    operator: 'match',
    diff: 'simple'
  }

test at tests\sdd-research-capabilities.test.ts:177:1
✖ R4 research write crash reload requires durable desired identity and actual backend readback (2257.597ms)
  Error: ENOENT: no such file or directory, open 'D:\jero-pi\jero-pi\lib\contracts\telemetry\runtime-aggregate-v1.schema.json'
      at readFileSync (node:fs:439:20)
      at file:///D:/jero-pi/jero-pi/lib/metrics/runtime-metrics.ts:3:34
      at ModuleJob.run (node:internal/modules/esm/module_job:430:25)
      at async onImport.tracePromise.__proto__ (node:internal/modules/esm/loader:661:26)
      at async TestContext.<anonymous> (file:///D:/jero-pi/jero-pi/tests/sdd-research-capabilities.test.ts:178:36)
      at async Test.run (node:internal/test_runner/test:1110:7)
      at async Test.processPendingSubtests (node:internal/test_runner/test:785:7) {
    errno: -4058,
    code: 'ENOENT',
    syscall: 'open',
    path: 'D:\\jero-pi\\jero-pi\\lib\\contracts\\telemetry\\runtime-aggregate-v1.schema.json'
  }

test at tests\sdd-selection-transport.test.ts:57:1
✖ remediation read tools are limited to canonical relative paths inside the confirmed worktree (101.6342ms)
  Error: ENOENT: no such file or directory, open 'D:\jero-pi\jero-pi\lib\contracts\telemetry\runtime-aggregate-v1.schema.json'
      at readFileSync (node:fs:439:20)
      at file:///D:/jero-pi/jero-pi/lib/metrics/runtime-metrics.ts:3:34
      at ModuleJob.run (node:internal/modules/esm/module_job:430:25)
      at async onImport.tracePromise.__proto__ (node:internal/modules/esm/loader:661:26)
      at async TestContext.<anonymous> (file:///D:/jero-pi/jero-pi/tests/sdd-selection-transport.test.ts:58:37)
      at async Test.run (node:internal/test_runner/test:1110:7)
      at async startSubtestAfterBootstrap (node:internal/test_runner/harness:358:3) {
    errno: -4058,
    code: 'ENOENT',
    syscall: 'open',
    path: 'D:\\jero-pi\\jero-pi\\lib\\contracts\\telemetry\\runtime-aggregate-v1.schema.json'
  }

test at tests\shell-changes.test.ts:90:1
✖ changesSummary and the widget describe the session at a glance (27.2832ms)
  AssertionError [ERR_ASSERTION]: The input did not match the regular expression /^✎ 3 files · \+42 −7 · extensions\/jero-shell\.ts · lib\/shell-bar\.ts · tests\/x\.test\.ts {2,}\/jero:changes$/. Input:
  
  '✎ 3 files · +42 −7 · extensions/jero-shell.ts · lib/shell/shell-bar.ts · tests/x.test.ts                   /jero:changes'
  
      at TestContext.<anonymous> (file:///D:/jero-pi/jero-pi/tests/shell-changes.test.ts:97:9)
      at Test.runInAsyncScope (node:async_hooks:214:14)
      at Test.run (node:internal/test_runner/test:1103:25)
      at Test.processPendingSubtests (node:internal/test_runner/test:785:18)
      at Test.postRun (node:internal/test_runner/test:1232:19)
      at Test.run (node:internal/test_runner/test:1160:12)
      at async Test.processPendingSubtests (node:internal/test_runner/test:785:7) {
    generatedMessage: true,
    code: 'ERR_ASSERTION',
    actual: '✎ 3 files · +42 −7 · extensions/jero-shell.ts · lib/shell/shell-bar.ts · tests/x.test.ts                   /jero:changes',
    expected: /^✎ 3 files · \+42 −7 · extensions\/jero-shell\.ts · lib\/shell-bar\.ts · tests\/x\.test\.ts {2,}\/jero:changes$/,
    operator: 'match',
    diff: 'simple'
  }

test at tests\skill-registry.test.ts:198:1
✖ project-local skill registry extension wins over installed package copy (3.6568ms)
  AssertionError [ERR_ASSERTION]: Expected values to be strictly equal:
  
  false !== true
  
      at TestContext.<anonymous> (file:///D:/jero-pi/jero-pi/tests/skill-registry.test.ts:204:9)
      at Test.runInAsyncScope (node:async_hooks:214:14)
      at Test.run (node:internal/test_runner/test:1103:25)
      at Test.processPendingSubtests (node:internal/test_runner/test:785:18)
      at Test.postRun (node:internal/test_runner/test:1232:19)
      at Test.run (node:internal/test_runner/test:1160:12)
      at async Test.processPendingSubtests (node:internal/test_runner/test:785:7) {
    generatedMessage: true,
    code: 'ERR_ASSERTION',
    actual: false,
    expected: true,
    operator: 'strictEqual',
    diff: 'simple'
  }
