✔ isValidProfileName accepts slug names and rejects reserved and malformed names (1.0611ms)
✔ emptyProfilesFile returns a versioned empty store (0.6169ms)
✔ parseProfilesFileText rejects malformed JSON without throwing (0.2702ms)
✔ parseProfilesFileText never accepts a wrong kind or version (0.1996ms)
✔ parseProfilesFileText rejects a file whose profiles are not a record (0.1269ms)
✔ parseProfilesFileText accepts a valid store and drops profiles with invalid names (0.3477ms)
✔ parseProfilesFileText accepts legacy string routing entries and drops broken agents (0.1445ms)
✔ serializeProfilesFile round-trips through parseProfilesFileText with a trailing newline (0.2944ms)
✔ serializeProfilesFile omits the active field when no profile is active (0.1746ms)
✔ createProfile adds a profile without mutating the input (0.2682ms)
✔ createProfile clones the given config so later edits cannot leak (0.108ms)
✔ createProfile throws typed errors on invalid and duplicate names (0.4706ms)
✔ updateProfile replaces the config without mutating the input and throws when missing (0.2238ms)
✔ duplicateProfile copies the config under a new name (0.181ms)
✔ renameProfile carries the active marker over and keeps the input untouched (0.1518ms)
✔ renameProfile leaves the active marker alone for other profiles (0.079ms)
✔ renameProfile throws typed errors for missing, duplicate, and invalid names (0.1573ms)
✔ deleteProfile removes a profile but refuses to delete the active one (0.2161ms)
✔ setActiveProfile marks an existing profile and throws otherwise (0.0888ms)
✔ summarizeProfile groups roles per model and sorts by count desc then model asc (14.0452ms)
✔ summarizeProfile labels model-less entries as inherit and handles empty configs (0.2524ms)
✔ profile export round-trips through serialize and parse (0.5211ms)
✔ profile export parse rejects malformed, wrong-kind, wrong-version, and invalid-name payloads (0.2759ms)
✔ serializeProfileExport throws on an invalid profile name (0.195ms)
✔ profile export parse names dropped routing entries without dropping the profile (0.2393ms)
✔ normalizeProfilesFile validates shape, drops invalid entries, and reports them (0.4768ms)
✔ normalizeProfilesFile drops an active marker that points nowhere (0.3029ms)
✔ bootstrapProfilesFile seeds a current profile, active only when routing is non-empty (0.3775ms)
✔ buildProfileListItems shows the name, active marker, and role count (0.4906ms)
✔ formatProfileSummaryLines renders counts, models, and roles (0.2994ms)
✔ parseProfilesFileText drops a __proto__ profile key without polluting the object (0.2689ms)
✔ serialize then parse is idempotent across repeated round-trips (0.2439ms)
✔ deleteProfile removes the last profile and leaves a valid empty store (0.1916ms)
✔ profile names accept slug punctuation but reject unicode letters (0.1482ms)
✔ summarizeProfile breaks count ties by model name ascending (0.2275ms)
✔ duplicateProfile deep-clones so copy edits cannot leak into the source (0.139ms)
✔ renameProfile preserves the profile order in the store (0.2004ms)
✔ an empty profile exports and imports cleanly (0.133ms)
✔ normalizeProfilesFile reports an active marker that names no profile (0.1238ms)
✔ readProfilesFileResult reports a missing store without throwing (0.4405ms)
✔ readProfilesFileResult reports malformed JSON as invalid (1.0697ms)
✔ readProfilesFileResult rejects a foreign kind or version (0.5317ms)
✔ readProfilesFileResult returns normalized profiles together with their drops (2.8951ms)
✔ writeProfilesFileSync creates missing parent directories (3.5002ms)
✔ writeProfilesFileSync replaces the store and leaves no temp file behind (4.6357ms)
✔ writeProfilesFileSync reports the operation error and still removes the temp file (2.4567ms)
✔ writeProfilesFileSync reports a serialization failure, skips the rename, and cleans up (1.6144ms)
✔ the path helpers resolve both stores inside the config home (0.2632ms)
✔ the orchestrator key is never counted or listed as an agent role (0.4069ms)
✔ the orchestrator helper treats an absent or empty entry as undefined (0.1168ms)
✔ profileRoutingRows lists one aligned row per agent, in a stable order (0.4315ms)
✔ formatOrchestratorSelection separates set, inherit, and inherit-with-thinking (0.1232ms)
✔ STALE_COMPLETION_MS is pinned so tests can rely on the boundary (0.7745ms)
✔ a pending completion is delivered exactly once, in settle order (0.7085ms)
✔ duplicate enqueue for a pending task id is a no-op (0.1269ms)
✔ duplicate enqueue for a delivered task id is a no-op (0.0948ms)
✔ duplicate enqueue for a consumed task id is a no-op (0.1044ms)
✔ a consumed entry is dropped and never returned (0.1068ms)
✔ consume remembers unknown ids so a later completion is suppressed (0.1391ms)
✔ consume is idempotent (0.144ms)
✔ an entry is stale once now - settledAt reaches STALE_COMPLETION_MS (0.1659ms)
✔ dropAll discards pending, consumed, and delivered state (0.3631ms)
✔ parseFrontmatter reads scalars, inline lists, and block lists, and keeps the body (2.3989ms)
✔ parseModelRef splits provider/id and accepts a bare id (0.1707ms)
✔ parseAgentDefinition builds a definition from the gentle-ai agent format (0.4542ms)
✔ parseAgentDefinition accepts effort and subagent_mode aliases, csv tools, and names from the file (0.2019ms)
✔ parseAgentDefinition rejects unknown thinking levels, modes, and empty bodies (0.125ms)
✔ runtime thinking levels stay aligned with model routing authority (0.0828ms)
✔ parseAgentDefinition accepts max through every thinking alias (0.1361ms)
✔ discoverAgents retains max definitions instead of falling back to medium (3.3454ms)
✔ max defaults and model profiles preserve routing precedence (0.3891ms)
✔ discoverAgents merges the four directories with project over global and subagents over agents (18.4061ms)
✔ profile agent roots isolate global definitions and subagents.json while explicit homes keep their fallback (7.2581ms)
✔ parseAgentsConfig applies defaults, validates values, and silently ignores the retired total-timeout key (0.2446ms)
✔ resolveAgentProfile prefers the profile, then the definition, then the defaults (0.2597ms)
✔ AgentsView shows direct current children and groups only open orchestrators in the directory (42.1535ms)
✔ AgentsView never infers unknown open sessions and keeps manual directory expansion (4.6462ms)
✔ AgentsView keeps headings non-actionable and clears a hidden selected child thread (1.3566ms)
✔ AgentsView removes terminal children immediately without deleting retained threads (1.9851ms)
✔ AgentsView retains an idle open heading and explicit collapse after the final child finishes (2.8939ms)
✔ AgentsView orders children by creation then ID, not renewed activity (0.6641ms)
✔ AgentsView keeps its selected listener stable while another listener receives a stream update (0.3601ms)
✔ historyDir follows an isolated agent profile while explicit homes retain the default fallback (1.2376ms)
✔ saveTask writes a task with its thread and loadStoredTask reads it back (11.8511ms)
✔ loadHistory skips broken files, sorts newest first, and pruneHistory keeps the newest N (15.6751ms)
✔ TaskStore.restore adds a stored task without clobbering a live one (0.5442ms)
✔ AgentsView integrates flat current-session selection, semantic scrolling, live geometry, and idempotent close (35.0724ms)
✔ notification and query frames admit only bounded exact schemas (2.797ms)
✔ child notification admissions require an exact acknowledgement and clean up (2.0443ms)
✔ callback failures clear pending work but a closed messenger cannot retry (1.7766ms)
✔ a real Node IPC child exchanges a notification acknowledgement without stdout framing (81.4122ms)
✔ normalizeRpcEvent maps pi RPC events to task deltas and ignores the rest (1.853ms)
✔ response observations are opt-in, finalized, field-specific and content-free (0.7422ms)
✔ response observations reject malformed counters and unbounded metadata without coercion (0.41ms)
✔ taskLabel prefers an explicit label and otherwise takes the prompt's first sentence (0.2942ms)
✔ applyTaskEvent appends incrementally: text deltas merge, tool output is replaced, items stay bounded (0.4051ms)
✔ applyTaskEvent sanitizes text, ignores updates for unknown tools, and records asks as notes (0.1495ms)
✔ TaskStore notifies only the listeners of the task that changed and keeps summaries cheap (0.8399ms)
✔ TaskStore.apply moves the task to waiting on ask, back to running on any later event, and counts turns (0.6863ms)
✔ ChildMessenger validates query replies and settles timeout, callback failure, and disconnect once (4.4368ms)
✔ ChildMessenger resolves one strictly correlated query reply (0.3489ms)
✔ ChildMessenger rejects an empty reply error and ignores mixed reply fields (0.4582ms)
✔ runner sends bounded static query rejection frames that settle the child before timeout (10.489ms)
✔ a malformed query with a valid q ID gets a reply that clears the matching child query (1.4065ms)
✔ background queries keep correlation, bounds, and ownership before replying only over IPC (2.2095ms)
✔ a throwing query hook rolls back ownership before one error and never schedules a second reply (0.8862ms)
✔ query expiry, IPC revocation, delayed callbacks, and foreground admission settle once (1.1981ms)
✔ Agents layout safely bounds 0-row terminals (0.8692ms)
✔ Agents layout safely bounds 1-row terminals (0.1576ms)
✔ Agents layout safely bounds 2-row terminals (0.1044ms)
✔ Agents layout reserves fallback for tiny terminals, a single viewport for narrow terminals, and panes at 60 cells (4.9388ms)
﹣ POSIX cleanup retains queue slots when a leader exits but its TERM-resisting descendant remains (1.448ms) # SKIP
✔ synchronous cancellation before dequeue never invokes the policy callback (8.4909ms)
✔ hanging preparation never blocks spawn or queued core work; late grants are dropped (4.9382ms)
✔ parallel preparation ready cannot delay execution or revive dropped observations (2.1408ms)
✔ parallel preparation late cannot delay execution or revive dropped observations (0.9704ms)
✔ parallel preparation reject cannot delay execution or revive dropped observations (0.7835ms)
✔ parallel preparation throw cannot delay execution or revive dropped observations (0.7862ms)
✔ child observation guard discards permanently at launch without changing task execution (3.4393ms)
✔ child observation guard discards permanently at stream without changing task execution (1.6953ms)
✔ child observation guard discards permanently at finish without changing task execution (1.2958ms)
✔ child observation guard discards permanently at throw without changing task execution (1.6655ms)
✔ child observation guard is never consulted when collection is default-off (1.4117ms)
✔ successful child mutations require paired RPC events and survive cancel (2.7189ms)
✔ successful child mutations require paired RPC events and survive failure (1.4287ms)
✔ successful child mutations require paired RPC events and survive hook-error (1.2171ms)
✔ successful child mutations require paired RPC events and survive hook-async-error (1.3072ms)
✔ launch registration waits for actual spawn, including queued launches, and ignores failed spawns (1.9686ms)
✔ runner captures resolved model and effort, retaining omitted launch values (3.4929ms)
✔ runner delivers each response combination once at finish, never attributing launch selection (3.0877ms)
✔ bounded response coverage survives cancel honestly (6.1072ms)
✔ bounded response coverage survives exit honestly (3.839ms)
✔ bounded response coverage survives error honestly (3.0911ms)
✔ bounded response coverage survives timeout honestly (4.298ms)
✔ bounded response coverage survives settled-error honestly (3.9147ms)
✔ response buffering is disabled by default and absent for tasks cancelled before launch (3.0828ms)
✔ childArguments builds an rpc launch with model, thinking, tools, session dir, and instructions (0.2181ms)
✔ childArguments preserves a max profile instead of the definition's medium effort (0.4197ms)
✔ childArguments preserves a max default without a selected model (0.0921ms)
✔ childArguments grants every child the notification-only parent message tool (0.0447ms)
✔ AgentRunner admits strict live notifications once and closes IPC before Stop (1.9116ms)
✔ AgentRunner rejects notifications from an inactive parent session with a static acknowledgement (0.6109ms)
✔ AgentRunner retains only a 64-notification duplicate window (0.8596ms)
✔ piCommand reuses the running pi entry point and honors the override (0.3447ms)
✔ JsonLines splits on LF only, tolerates CRLF, and skips lines that are not JSON (0.1973ms)
✔ AgentRunner runs a task end to end: prompt, deltas into the store, completion with the last answer (0.9175ms)
✔ AgentRunner waits for child exit after settlement before releasing its queue slot or finishing twice (0.6529ms)
✔ AgentRunner queues beyond max concurrency and starts the next task when one finishes (0.5464ms)
✔ AgentRunner classifies terminal assistant outcomes only after settlement (1.1282ms)
✔ AgentRunner clears an earlier answer after a later error, but permits a successful retry before settlement (0.5815ms)
✔ AgentRunner fails if the child exits after agent_end but before agent_settled (0.4568ms)
✔ AgentRunner selects detached=false for win32 without changing the launch contract (0.6446ms)
✔ AgentRunner selects detached=true for linux without changing the launch contract (0.3881ms)
✔ AgentRunner retains permission broker fd3 and assigns messaging IPC to fd4 (0.5066ms)
✔ AgentRunner answers dialogs through askUser in task mode and cancels them in background mode (0.75ms)
✔ AgentRunner cancels and fails when the child exits early (0.7838ms)
✔ AgentRunner has no total-duration watchdog but keeps active work alive and times out true silence (0.7289ms)
✔ AgentRunner.cancelAll stops every queued and running task (0.6028ms)
✔ AgentRunner fails only the task when the child cannot start, and the queue moves on (0.5382ms)
✔ AgentRunner turns a synchronous spawn exception into a failed task (0.2107ms)
✔ AgentRunner releases quarantined capacity only on proven exit (late events: false) (1.2341ms)
✔ AgentRunner releases quarantined capacity only on proven exit (late events: true) (0.7249ms)
✔ a confirmed-gone group completes the exit and frees its slot without an observed exit (0.7075ms)
✔ an unprobeable process group quarantines at its deadline and still records the run (0.5691ms)
✔ abortReasonText renders an Error, a string, and nothing for unknown reasons (0.1244ms)
✔ research narrowing transport keeps exact argv paths and replaces inherited selection (1.1057ms)
✔ runner retains remediation observations and awaits terminal settlement (2.1781ms)
✔ admitted no-PID failure settles interrupted before sending a prompt (0.6063ms)
✔ admitted synchronous spawn failure finalizes without launching another actor (0.3698ms)
✔ renderThreadItem presents every protocol kind as labeled, indented blocks (3.3069ms)
✔ renderThreadItem keeps multiline content and every retained tool-output line across terminal widths (2.5478ms)
✔ renderThreadItem renders actual sanitized retention markers and error status color (0.7253ms)
✔ sessionToMarkdown writes user, tool calls with results, and assistant text, dropping thinking and noise (2.4526ms)
✔ sessionToMarkdown widens the fence when the output itself contains backticks (0.4496ms)
✔ narrow navigation enters a direct child, retains manual thread position, and Escape backs out (42.9663ms)
✔ desktop fullscreen and every task action have mouse controls at the split boundary (5.1395ms)
✔ tiny frames stay bounded and Close remains clickable whenever a cell exists (3.8495ms)
✔ compact footer cycles mouse actions without clipped hit regions (1.1273ms)
✔ manual list wheels remain independent of selection and survive Back and resize (5.246ms)
✔ activating a visible child preserves the manual list offset through Back and height resize (2.8973ms)
✔ resizing a narrow child list to desktop keeps Fullscreen local and completion returns to the list (0.931ms)
✔ fullscreen retains every semantic block and hides Stop for unowned active tasks (11.7665ms)
✔ narrow unknown origins stay isolated rather than sharing an inferred orchestrator (0.9486ms)
✔ presentation changes invalidate pointer geometry before another frame (0.9313ms)
✔ renderThreadItem renders labeled text, thinking, tool-output, and note blocks (2.0913ms)
✔ AgentsView renders the frame with the task list and the selected thread's tail, at width (1.7409ms)
✔ AgentsView keys move the selection, scroll, follow, cancel, open, and close (4.2548ms)
✔ AgentsView subscribes only to the selected task and survives an empty store (0.7423ms)
✔ live-only current panel exposes active children directly at desktop and narrow widths (2.3742ms)
✔ live-only current panel never promotes retained foreign or unknown tasks into open sessions (0.4835ms)
✔ AgentsView pointer regions hover and select task rows without activating, and keep list and thread wheels independent (1.2848ms)
✔ AgentsView retains narrow keyboard mode after selection and store invalidation (0.9574ms)
✔ AgentsView narrow drilldown has explicit Back, independent wheel and Open, and global close (1.0154ms)
✔ AgentsView clears hover on leave, list scrolling, resize, updates, empty lists, and disposal (2.6783ms)
✔ AgentsView advertises s to stop an active selection, retains c as an alias, and hides stopping for finished tasks (0.46ms)
✔ AgentsView close control, Escape, and q share rendered bounds and one idempotent close (0.7529ms)
✔ AgentsView scrolls the task list so the selection stays visible when there are more tasks than rows (1.5701ms)
✔ AgentsView scopes to live children and toggles only the open-session directory (1.2766ms)
✔ AgentsView footer buttons follow, open only a session-backed selection, and clear stale geometry (1.2983ms)
✔ AgentsView reads live rows, preserves manual scroll and selection, and invalidates stale pointer bounds (3.2463ms)
✔ AgentsView rejects cached-height pointer input before the live resize renders (1.6127ms)
✔ formatElapsed renders seconds, minutes, and hours compactly (1.2607ms)
✔ widgetTasks keeps active tasks in start order and only recently finished ones (1.2246ms)
✔ widgetExpiryMs says how long until the next finished row leaves the card (0.3743ms)
✔ renderAgentsCard draws columns for agent, task, and model · tokens · cost · time, with the batch time in the rule (30.4059ms)
✔ renderAgentsCard renders singleton elapsed time only on its task row (0.6738ms)
✔ renderAgentsCard keeps every task on one line, clipping long labels, and drops the task column when the card is narrow (0.9922ms)
✔ renderAgentsCard shows questions and failures in place of the task, and collapses to the first row (0.8541ms)
✔ agent model and effort outrank usage at sidebar widths without inventing unknown values (2.8946ms)
✔ widgetRows caps the card at a quarter of the terminal, between three and eight rows (0.2317ms)
✔ renderAgentsCard caps the rows at maxRows, keeps active tasks ahead of finished ones, and says how many are hidden (1.7446ms)
✔ orchestrator keeps conversation language separate from generated artifact language (7.6449ms)
✔ rendered SDD preflight prompt is English artifact copy (1.1684ms)
✔ orchestrator Memory Contract carries the Engram memory lifecycle rule (2.4038ms)
✔ SDD proposal questions focus on business and PRD gaps (1.508ms)
✔ all shipped SDD agents and chains require parent preflight transport (11.3957ms)
✔ SDD chain assets distinguish interactive gates from auto execution (2.4139ms)
✔ orchestrator lazy-loads detailed SDD workflow (1.5805ms)
✔ persistent harness prompt assets do not hardcode Spanish SDD artifact copy (24.4845ms)
✔ SDD assets route completed implementation directly through verify, sync, and archive (2.4133ms)
✔ comment-writer is context-reactive and neutral by default for Spanish comments (1.7632ms)
✔ ask_user_choice transcript opts out of Pi's painted tool shell (1.623ms)
✔ ask_user_choice registers without runtime actions or overriding the open questionnaire (1.2822ms)
✔ ask_user_choice keeps closed mode by default and makes custom mode opt-in (0.6158ms)
✔ ask_user_choice hover preserves the keyboard-selected opaque value (9.2539ms)
✔ ask_user_choice retains native rendered hit testing for mouse selection (5.3056ms)
✔ ask_user_choice supports an opt-in custom response from keyboard navigation (2.5627ms)
✔ ask_user_choice uses native input decoding and supplied custom editor keybindings (1.1371ms)
✔ ask_user_choice activates an opt-in custom response from the Other row pointer target (0.6827ms)
✔ ask_user_choice rejects empty custom responses and escapes back to list cancellation (0.6726ms)
✔ ask_user_choice renders Other only when custom response is explicitly enabled (0.6718ms)
✔ ask_user_choice handles a closed Kilo hash decision with an opaque envelope value (0.6247ms)
✔ ask_user_choice cancels without a value and remains unavailable outside the TUI (0.5749ms)
✔ ask_user_choice emits a private balanced lifecycle around selection and cancellation (0.3669ms)
✔ ask_user_choice settles its lifecycle after a custom UI error and emits nothing outside the TUI (0.2414ms)
✔ ask_user_choice is offered only for interactive TUI turns and preserves the open questionnaire (0.2529ms)
✔ actual SDK discovers SDD only after explicit activation in the same session (2160.4095ms)
✔ classifyGuardedCommand: git push plain → confirm by default (no autonomous mode) (3.5385ms)
✔ classifyGuardedCommand: git rebase → confirm by default (no autonomous mode) (1.0553ms)
✔ classifyGuardedCommand: npm publish → confirm by default (no autonomous mode) (0.3136ms)
✔ classifyGuardedCommand: unknown command → not-guarded (0.2907ms)
✔ classifyGuardedCommand: git push --force always blocked even with gitPush=allow (0.3279ms)
✔ classifyGuardedCommand: git push --force-with-lease always blocked (0.2192ms)
✔ classifyGuardedCommand: git push -f always blocked even in autonomous mode (0.2827ms)
✔ classifyGuardedCommand: git reset --hard always blocked (0.4507ms)
✔ classifyGuardedCommand: rm -rf / always blocked (0.2852ms)
✔ classifyGuardedCommand: rm -rf ~ always blocked (0.3822ms)
✔ classifyGuardedCommand: chmod -R 777 always blocked (0.2706ms)
✔ classifyGuardedCommand: git push plain allowed when autonomousMode=true and gitPush=allow (0.228ms)
✔ classifyGuardedCommand: configured push allow is remote-agnostic and unchanged (0.3738ms)
✔ guardedCommandPreview: long late matched action stays visible in preview (1.7587ms)
✔ guardedCommandPreview: late non-push action visible, elided, and width-bounded (0.1082ms)
✔ guardedCommandTitle: exact action-specific titles per guarded key (0.0828ms)
✔ guardedCommandTitle: unkeyed guarded command falls back to generic title (0.0351ms)
✔ evaluateGuardedCommand: collects guarded matches in command order and applies full-command precedence (0.7583ms)
✔ evaluateGuardedCommand: git -C stores the push token offset for bounded previews (0.126ms)
✔ evaluateGuardedCommand: git -C path containing push still offsets the push action (0.093ms)
✔ evaluateGuardedCommand: repeated forced branch deletions remain separate matches (0.1214ms)
✔ classifyGuardedCommand: git push plain still confirm when autonomousMode=false even with gitPush=allow in config (0.075ms)
✔ classifyGuardedCommand: git rebase stays confirm when autonomousMode=true and gitRebase=confirm (0.0583ms)
✔ classifyGuardedCommand: git branch -D stays confirm in autonomous mode (gitBranchDeleteForce=confirm) (0.0715ms)
✔ classifyGuardedCommand: git branch -df stays confirm in autonomous mode (0.0528ms)
✔ classifyGuardedCommand: git branch --delete --force stays confirm in autonomous mode (0.0403ms)
✔ classifyGuardedCommand: npm publish blocked when autonomousMode=true and npmPublish=block (0.0496ms)
✔ loadRuntimeGuardrailsConfig: returns off config when no file exists (1.28ms)
✔ loadRuntimeGuardrailsConfig: env var GENTLE_PI_AUTONOMOUS_MODE=1 activates mode (0.9055ms)
✔ loadRuntimeGuardrailsConfig: global config file activates autonomous mode (2.1444ms)
✔ loadRuntimeGuardrailsConfig: project config overrides global config (3.1006ms)
✔ loadRuntimeGuardrailsConfig: invalid JSON in config fails safe (autonomousMode=false) (1.9142ms)
✔ loadRuntimeGuardrailsConfig: non-object JSON fails safe (3.4076ms)
✔ loadRuntimeGuardrailsConfig: invalid project config fails safe (autonomousMode=false) (6.6336ms)
✔ classifyGuardedCommand: pi remove confirm when autonomousMode=false (0.2373ms)
✔ classifyGuardedCommand: pi remove allowed when autonomousMode=true and piRemove=allow (0.2438ms)
✔ classifyGuardedCommand: git -C /repo push --force → block even with gitPush=allow (0.2422ms)
✔ classifyGuardedCommand: git --work-tree=/tmp push --force → block (0.1913ms)
✔ classifyGuardedCommand: git -C /repo push -f → block (0.1664ms)
✔ classifyGuardedCommand: git -C /repo push origin feat → classified as gitPush (allow when configured) (0.1583ms)
✔ classifyGuardedCommand: git -C /repo push origin feat → confirm when autonomousMode=false (0.2211ms)
✔ classifyGuardedCommand: rm -rf $HOME → block (0.2462ms)
✔ classifyGuardedCommand: rm -rf $HOME/foo → block (0.1986ms)
✔ classifyGuardedCommand: gitBranchDeleteForce=allow in autonomous mode → allow (0.1821ms)
✔ classifyGuardedCommand: autonomousMode=true, empty guardedCommands, gitPush defaults to allow (0.1592ms)
✔ loadRuntimeGuardrailsConfig: GENTLE_PI_AUTONOMOUS_MODE=0 does NOT activate autonomous mode (1.6253ms)
✔ loadRuntimeGuardrailsConfig: GENTLE_PI_AUTONOMOUS_MODE=true does NOT activate autonomous mode (1.6431ms)
✔ loadRuntimeGuardrailsConfig: GENTLE_PI_AUTONOMOUS_MODE='' does NOT activate autonomous mode (1.541ms)
✔ loadRuntimeGuardrailsConfig: autonomousMode:1 (number) in JSON does NOT activate autonomous mode (3.3815ms)
✔ loadRuntimeGuardrailsConfig: autonomousMode:"true" (string) in JSON does NOT activate autonomous mode (3.3985ms)
✔ loadRuntimeGuardrailsConfig: autonomousMode:{} (object) in JSON does NOT activate autonomous mode (2.4296ms)
✔ strict decode accepts exactly the v1 schema with policy on|off (1.2852ms)
✔ strict decode rejects malformed shapes (0.2609ms)
✔ default is off with no file and no env (1.1805ms)
✔ project file overrides global file and env (1.9933ms)
✔ global file overrides env when no project file exists (1.1709ms)
✔ env var applies only when no policy file exists, and only exact on|off (0.9519ms)
✔ a malformed higher-priority file fails closed to off instead of falling through (1.7596ms)
✔ capability is absent when no subagents package exists anywhere (0.7064ms)
✔ capability is ready when the subagents package is installed without an agents directory (1.6329ms)
✔ capability is ready for either supported package name (4.8302ms)
✔ capability stays ready for a layout that does ship an agents directory (3.6082ms)
✔ a bare directory with no package.json is not an installed package (1.1918ms)
✔ a live tool registry listing subagent_run reports ready with no package on disk (0.4035ms)
✔ a live tool registry without subagent_run outranks an installed package (1.3108ms)
✔ an empty tool list carries no signal and falls back to the package probe (1.448ms)
✔ readActiveToolNames reads the pi registry and degrades to undefined (0.7937ms)
✔ status line renders policy and capability (0.0862ms)
✔ renderOrchestratorPrompt substitutes the background policy token (0.3874ms)
✔ renderOrchestratorPrompt defaults to the fail-closed off/absent rendering (0.173ms)
✔ the rendered status line flips to ready when the subagents package is installed (3.6493ms)
✔ the rendered status line reports ready from a live registry alone (1.2194ms)
✔ getOrchestratorPrompt renders exactly one background status line (0.6293ms)
✔ the resolver attributes the project file, with its path (1.5873ms)
✔ the resolver attributes the global file when no project file exists (1.014ms)
✔ the resolver attributes the environment variable when no file exists (0.481ms)
✔ the resolver attributes the built-in default when nothing else decides (0.4246ms)
✔ the resolver attributes a malformed file to that file and does not fall through (1.3519ms)
✔ loadBackgroundSubagentsPolicy delegates to the resolver so the two can never disagree (2.8999ms)
✔ jero:background-subagents is registered and declares user-initiated sub-actions (1.4317ms)
✔ no argument reports the effective policy, the deciding default, and the capability (1.7448ms)
✔ status names the project file that decided and the global file it shadows (2.8288ms)
✔ status names the global file when it is the deciding source (1.784ms)
✔ status names the environment variable when it is the deciding source (1.3236ms)
✔ status calls an unrecognized environment value inert instead of silently ignoring it (1.0889ms)
✔ status reports a malformed deciding file as fail-closed, not as a real off (2.0182ms)
✔ enable writes the global file and reports that it decides (1.836ms)
✔ disable writes the global file off and reports that it decides (1.9257ms)
✔ enable under an outranking project file writes the global file and says it does not take effect (1.9583ms)
✔ enable with the environment variable set reports where that variable ranks (1.4349ms)
✔ an unknown sub-action warns and changes nothing (0.8011ms)
✔ CodeGraph tool rejects non-project, nested-project, HOME, and temporary workspaces before init (185.2699ms)
✔ CodeGraph tool runs only fixed cwd-scoped init, query, and explore commands (208.4093ms)
✔ CodeGraph tool rejects pre-existing .codegraph symlinks and non-directories (258.4122ms)
✔ CodeGraph tool passes hyphen-leading queries after the option terminator (134.2833ms)
✔ CodeGraph tool returns structured fallback instructions when the binary is unavailable (119.0483ms)
✔ CodeGraph tool returns fallback instructions when CodeGraph fails (115.9614ms)
✔ CodeGraph tool configures a process buffer above the returned-output truncation threshold (143.1264ms)
✔ CodeGraph tool rejects incomplete or oversized query requests before running a process (192.0236ms)
✔ CodeGraph tool registration exposes a single constrained custom tool (0.4731ms)
✔ Windows shim helpers skip stale PATH shims before resolving the npm script (11.7834ms)
✔ Windows shim helpers resolve quoted PATH entries in order without stripping unmatched quotes (13.8043ms)
✔ Windows launcher passes command metacharacters as one literal argv value (226.4542ms)
✔ every SDD phase executor carries an effective `## Key Learnings Closing` section with full semantics (4.8782ms)
✔ no SDD phase executor infers Key Learnings through `standard phase envelope` alone (1.3545ms)
✔ SDD executor coverage is exhaustive against actual agent files (0.5492ms)
✔ generic delegation contract instructs the same `## Key Learnings` closing block (1.0963ms)
✔ sdd-orchestrator-workflow documents routing, not executor authority (0.7398ms)
✔ provider ownership: no Pi TypeScript runtime parses Key Learnings or invokes passive-capture tools (22.9647ms)
✔ listCodeFiles recurses nested code, ignores non-code files, and skips symlinks (5.776ms)
✔ strict review and Judgment Day agents do not gain Key Learnings or trailing-prose instruction (1.3283ms)
✔ the canonical Key Learnings heading has no trailing colon in any asset (1.4147ms)
✔ modified SDD agents are packaged and installed by the existing installer (0.45ms)
gentle-ai-binary: Native gentle-ai binary is unresolved; set GENTLE_PI_REQUIRE_NATIVE_BINARY=1 to fail instead of skip.
﹣ runtime resolves an absolute package-local binary path without PATH fallback or ambient dev contamination (1.2375ms) # SKIP
✔ runtime validates a Windows Go SumDB source manifest and rejects tampering, symlinks, and PATH injection (41.059ms)
✔ runtime rejects an unverified binary, a symlinked manifest, and ambient executable injection (8.3872ms)
﹣ runtime rejects malformed, unknown, wrong, and symlinked integrity paths (0.3025ms) # SKIP
﹣ runtime rejects a binary-only tamper while its canonical pinned manifest remains unchanged (0.1813ms) # SKIP
﹣ runtime rejects an arbitrary binary even when a forged manifest matches its digest (0.2054ms) # SKIP
﹣ runtime rejects binary replacement during verification (0.167ms) # SKIP
✔ runtime fails closed when the package-local binary is missing (4.5789ms)
﹣ runtime rejects a valid but non-executable POSIX binary (0.16ms) # SKIP
✔ production native operations report the package-local missing binary code (6.5304ms)
﹣ production native client never invokes a global gentle-ai executable (0.1559ms) # SKIP
✖ jero:doctor and jero:status surface the active dev-binary override loudly (43.9487ms)
✔ without an override the surfaces stay silent about dev binaries (22.8746ms)
✔ an invalid override is surfaced as a failure, never silently ignored (15.4688ms)
✔ jero:dev-binary registers, reports, and clears the persistent override (9.9998ms)
✖ session start announces the active override once, loudly (112.0115ms)
✖ the explicit env override resolves a verified dev binary and never changes the pinned path (7.0989ms)
✖ a registration is strict, env wins, and unregister restores the pinned resolver (5.4379ms)
✔ invalid override sources fail closed instead of silently falling back to the pin (7.317ms)
✔ an unset or empty dev-binary environment preserves the package-local resolver (1.7777ms)
✔ GENTLE_PI_CONFIG_HOME relocates only the local registration document (0.9683ms)
✔ malformed registration variants name their local registration path and never fall back (9.396ms)
✖ registered binary replacement is observed on the next resolution (4.1574ms)
✔ default installer package root is the package containing scripts, not its parent (3.6402ms)
✔ release mapping selects only the supported official v2.8.2 assets and pinned digests (2.0088ms)
✔ raw release assets are admitted only under a prerelease pin (1.1383ms)
✔ release digests are all-or-none and install fails closed while any digest is pending (0.4389ms)
✔ win32 x64 and arm64 install the exact Go SumDB source tag without archive lookup (76.5089ms)
✔ Windows source install reports missing or too-old Go without publishing a binary (39.9548ms)
✔ Windows source install cleans staging after Go failure or wrong built version (47.1858ms)
✔ Windows source installs reuse only a fully verified package-local binary (74.8248ms)
✔ Windows source installation resolves one validated Go executable and seals hostile Go environment (30.6523ms)
✔ Windows source manifest binds verified Go metadata and architecture (28.4297ms)
✔ Windows source installation rejects Go metadata for a different architecture (25.3328ms)
✔ Windows source installation treats a fresh ownerless lock as active (7.2921ms)
✔ Windows source installation preserves a lock whose owner nonce changed before release (22.8853ms)
✔ Windows source installation fails closed for an ownerless lock even after the stale threshold (5.2365ms)
✔ Windows source installation fails closed for a stale owner lock (5.6734ms)
✔ Windows source release moves a replacement lock to a preserved tombstone (31.5616ms)
✔ Windows source acquisition fails closed when a tombstone appears after its first scan (11.9038ms)
✔ Windows source release deletes its matching tombstone and allows reuse (46.831ms)
✔ Windows source recovers a valid backup after a crash between publication renames before any build (56.0575ms)
✔ Windows source fails closed for multiple or invalid backup candidates (43.7961ms)
✔ Windows source cleans one validated backup only when the live bundle is valid (56.5734ms)
✔ Windows source preserves a valid backup when the live bundle is invalid (51.58ms)
✔ Windows concurrent installs fail closed until normal release, then reuse the published bundle (47.7883ms)
✔ Windows source publication rolls back a prior bundle when final directory swap fails (31.7563ms)
✖ Darwin/Linux signed bundles retain their four-field manifest and reusable compatibility (35.5259ms)
✔ a pinned asset falls back to its jero-pi mirror only on download failure, and a stable pin declares no mirror (58.9224ms)
✔ Windows archive lookup remains unsupported and names Go SumDB source installation (0.3241ms)
✔ unsupported platform pairs fail clearly before download (0.2343ms)
✖ extractors use only absolute trusted system paths, never lifecycle PATH or SystemRoot (0.4209ms)
✔ download bounds stalled headers and bodies with transient retry exhaustion (23.8659ms)
✔ download retries only transient HTTP statuses and exhausts within the attempt bound (5.1576ms)
✔ checksum mismatch cleans temporary state without promoting a binary (15.4171ms)
✖ installer promotes only the expected regular executable with executable POSIX mode (31.7971ms)
✔ installer rejects an extracted binary that differs from its pinned digest (19.0879ms)
﹣ installer repairs a valid non-executable POSIX binary instead of reusing it (0.5879ms) # Windows does not use POSIX executable mode bits
✔ installer rejects a symlinked package-local runtime parent directory (2.9799ms)
✔ installer rejects archives with multiple expected executable entries (21.1557ms)
✔ installer rejects an archive without the expected regular executable (16.4286ms)
✔ Windows source build bounds go install separately from the Go toolchain probes (24.378ms)
✔ a running call card closes its own frame and a completed one leaves that to the result (29.3211ms)
✔ completed review cards fit Pi's default Box at terminal width 57 (3.4035ms)
✔ review registrations own their shell (2.5895ms)
✔ review call and result cards have no passive background fill (3.5086ms)
✔ a partial result draws no bottom rule and a final one draws exactly one (1.658ms)
✔ promoting the shared state to finished invalidates after the render returns, never inside it (0.6915ms)
✔ package manifest exposes bundled themes to Pi discovery (1.7378ms)
✔ bundled Gentleman-Sexy Pi theme is available under its exact name (0.4809ms)
✔ bundled Gentleman-Cute Pi theme is available under its exact name (0.3334ms)
✔ bundled Gentleman-Sexy Pi theme defines complete brand and semantic color mappings (0.8383ms)
✔ bundled Gentleman-Cute Pi theme defines complete brand and restrained color mappings (0.3349ms)
✔ bundled Pi theme is named exactly Gentle and defines all required colors (1.673ms)
✔ bundled Pi theme maps roles to the subtle OpenCode gentleman theme (0.6514ms)
✔ recognized global npm installation persists fullscreen and preserves other settings (16.2919ms)
✔ recognized global Pi Git installation persists fullscreen and preserves other settings (11.821ms)
✔ creates or resets fullscreen: missing (19.8285ms)
✔ creates or resets fullscreen: { "tuiMode": "regular", "packages": ["npm:example"] } (20.5937ms)
✔ already fullscreen preserves bytes and inode (3.9825ms)
✔ agent-home precedence: GENTLE_PI_AGENT_HOME (12.8976ms)
✔ agent-home precedence: PI_CODING_AGENT_DIR (9.5801ms)
✔ agent-home precedence: default (13.5599ms)
✔ unowned install is untouched: project/.pi/npm/node_modules/jero-pi (3.7814ms)
✔ unowned install is untouched: project/.pi/git/github.com/Gentleman-Programming/gentle-pi (4.9356ms)
✔ unowned install is untouched: consumer/node_modules/jero-pi (3.2824ms)
✔ unowned install is untouched: checkout (2.6742ms)
✔ unowned install is untouched: agent/git/github.com/jero-pi (4.4562ms)
✔ unowned install is untouched: temporary/npm/node_modules/jero-pi (5.1593ms)
✔ unowned install is untouched: store/.pnpm/jero-pi/node_modules/jero-pi (8.3264ms)
✔ unowned global Pi Git install is untouched: git/gitlab.com/Gentleman-Programming/gentle-pi (8.6774ms)
✔ unowned global Pi Git install is untouched: git/github.com/Other-Organization/jero-pi (5.7047ms)
✔ unowned global Pi Git install is untouched: git/github.com/Gentleman-Programming/other-pi (3.622ms)
✔ missing configured agent home is a no-op (6.3177ms)
✔ global npm package symlink into a store is not ownership (4.9557ms)
✔ global Pi Git package symlink into a store is not ownership (5.3616ms)
✔ canonical agent-home alias is supported (10.9026ms)
✔ invalid settings remain unchanged: {broken (4.088ms)
✔ invalid settings remain unchanged: [] (3.7728ms)
✔ invalid settings remain unchanged: null (6.2384ms)
✔ invalid settings remain unchanged: false (3.8928ms)
✔ invalid settings remain unchanged: 42 (6.2851ms)
✔ invalid settings remain unchanged: "string" (3.7244ms)
✔ invalid settings remain unchanged:  (3.5944ms)
✔ rejects nonregular settings: directory (6.0487ms)
✔ rejects nonregular settings: symlink (9.129ms)
✔ rejects nonregular settings: dangling (5.7672ms)
﹣ preserves existing permissions and creates private new settings (0.0536ms) # SKIP
✔ cooperative concurrent installers serialize without artifacts (31.4557ms)
✔ Pi proper-lockfile contention is bounded and never steals the lock (307.264ms)
✔ Pi's later packages-only save retains persisted fullscreen (1681.7759ms)
✔ symlinked npm ancestor cannot grant settings ownership (8.4711ms)
✔ symlinked Pi Git ancestor cannot grant settings ownership (8.5258ms)
✔ waiting installer rereads another cooperative writer's settings (37.1944ms)
✔ atomic update preserves original or concurrent settings on write (95.4215ms)
✔ atomic update preserves original or concurrent settings on rename (109.9487ms)
✔ atomic update preserves original or concurrent settings on concurrent-change (98.1497ms)
✔ npm postinstall lifecycle: skip (89.3291ms)
✔ npm postinstall lifecycle: success (106.0986ms)
✔ npm postinstall lifecycle: failure (183.6916ms)
✔ Pi Git postinstall lifecycle: skip (112.2175ms)
✔ Pi Git postinstall lifecycle: success (101.9968ms)
✔ Pi Git postinstall lifecycle: failure (208.9697ms)
✔ preserves the prefixed skill identity and complete Issue Form metadata (0.7852ms)
✔ makes YAML Issue Forms the deterministic automated format authority (0.5913ms)
✔ fails closed before publication for invalid required Issue Form data (0.2459ms)
✔ attests only agent-verifiable checkbox work and preserves human declarations (1.5291ms)
✔ publishes reviewed Issue Form bodies through a private body file (1.0892ms)
✔ keeps automated and conditional browser Issue Form paths distinct (1.6639ms)
✔ discovers support routing and keeps all issue files private until cleanup (0.8052ms)
fatal: not a git repository (or any of the parent directories): .git
✔ all nine subagent registrations own their transcript shell (4.0355ms)
fatal: not a git repository (or any of the parent directories): .git
✔ host query delivery exposes correlation and accepts one current-session reply (91.9258ms)
fatal: not a git repository (or any of the parent directories): .git
✔ first foreground query yields while its child runs and delivers one completion (92.8265ms)
fatal: not a git repository (or any of the parent directories): .git
✔ cancelling a yielded foreground task prevents completion follow-up (93.7067ms)
fatal: not a git repository (or any of the parent directories): .git
✔ yielded foreground completion is suppressed after session replacement or cancellation (86.984ms)
fatal: not a git repository (or any of the parent directories): .git
fatal: not a git repository (or any of the parent directories): .git
✔ first handoff failure keeps ordinary completion, later failure retains yielded completion (168.6025ms)
fatal: not a git repository (or any of the parent directories): .git
✔ foreground handoff survives settlement before its original await resumes (77.4989ms)
fatal: not a git repository (or any of the parent directories): .git
✔ child parent-message tooling admits notifications and the active parent preserves raw model text (94.0372ms)
fatal: not a git repository (or any of the parent directories): .git
✔ local child composition through real extensions and RPC runner: allowed (128.3604ms)
fatal: not a git repository (or any of the parent directories): .git
✔ local child composition through real extensions and RPC runner: env (79.6053ms)
fatal: not a git repository (or any of the parent directories): .git
✔ local child composition through real extensions and RPC runner: session (88.0472ms)
fatal: not a git repository (or any of the parent directories): .git
✔ local child composition through real extensions and RPC runner: replacement (86.4624ms)
fatal: not a git repository (or any of the parent directories): .git
✔ local child composition through real extensions and RPC runner: bus-throws (85.0616ms)
fatal: not a git repository (or any of the parent directories): .git
✔ local child composition through real extensions and RPC runner: no-spawn (78.8229ms)
✔ local child composition through real extensions and RPC runner: long-running (106.632ms)
fatal: cannot change to 'C:\Users\Administrator\AppData\Local\Temp\gentle-agents-ext-PHrkrg\local-live': No such file or directory
fatal: cannot change to 'C:\Users\Administrator\AppData\Local\Temp\gentle-agents-ext-PHrkrg\peer-live': No such file or directory
✔ live-only extension instances discover same-profile peers across cwd boundaries without importing their tasks (2153.6309ms)
✔ manual agents command warns once in RPC mode and stays quiet without UI (2.8694ms)
fatal: cannot change to 'C:\Users\Administrator\AppData\Local\Temp\gentle-agents-ext-PHrkrg\io-original': No such file or directory
fatal: cannot change to 'C:\Users\Administrator\AppData\Local\Temp\gentle-agents-ext-PHrkrg\io-original': No such file or directory
fatal: cannot change to 'C:\Users\Administrator\AppData\Local\Temp\gentle-agents-ext-PHrkrg\io-original': No such file or directory
✔ live presence after owned-target publication failure: recover (2152.0588ms)
fatal: cannot change to 'C:\Users\Administrator\AppData\Local\Temp\gentle-agents-ext-PHrkrg\io-original': No such file or directory
✔ live presence after owned-target publication failure: shutdown (499.526ms)
fatal: cannot change to 'C:\Users\Administrator\AppData\Local\Temp\gentle-agents-ext-PHrkrg\same-live': No such file or directory
fatal: cannot change to 'C:\Users\Administrator\AppData\Local\Temp\gentle-agents-ext-PHrkrg\peer-cwd': No such file or directory
✔ live presence after owned-target publication failure: replacement (520.5928ms)
✔ live-only instances sharing a session ID remain distinct and withdraw only their own incarnation (1211.737ms)
fatal: not a git repository (or any of the parent directories): .git
✔ live-only directory traverses presence overflow, excludes expired and other-profile peers, and replaces sessions (4999.8682ms)
fatal: not a git repository (or any of the parent directories): .git
fatal: not a git repository (or any of the parent directories): .git
fatal: not a git repository (or any of the parent directories): .git
fatal: not a git repository (or any of the parent directories): .git
✔ research launch transports selected grants and only matching existing extensions (468.7765ms)
✔ research child inventory requires every canonical open-web tool (2.288ms)
✔ research child rechecks local inventory and blocks gateway calls (1.4361ms)
fatal: not a git repository (or any of the parent directories): .git
✖ child mutation attribution through registered subagent_run: own (139.0166ms)
fatal: not a git repository (or any of the parent directories): .git
✖ child mutation attribution through registered subagent_run: other-root (129.1348ms)
fatal: not a git repository (or any of the parent directories): .git
✔ child mutation attribution through registered subagent_run: escaped (124.0405ms)
fatal: not a git repository (or any of the parent directories): .git
✔ child mutation attribution through registered subagent_run: sibling (135.1405ms)
fatal: not a git repository (or any of the parent directories): .git
✔ child mutation attribution through registered subagent_run: session-switch (134.0272ms)
fatal: not a git repository (or any of the parent directories): .git
✔ child mutation attribution through registered subagent_run: shutdown (155.6683ms)
✔ child mutation attribution through registered subagent_run: unregistered (135.4763ms)
fatal: not a git repository (or any of the parent directories): .git
✖ default Node spawn adapter distinguishes IPC-only and permission-capable canonical Git children (59.9833ms)
fatal: not a git repository (or any of the parent directories): .git
fatal: not a git repository (or any of the parent directories): .git
✔ native spawn interception restores CommonJS and ESM exports after rejected shutdown and assertion failure (254.4613ms)
fatal: not a git repository (or any of the parent directories): .git
fatal: not a git repository (or any of the parent directories): .git
✔ explicit child roots launch and continue in the actual cwd, persist without shell, and reject other clones (255.6449ms)
fatal: not a git repository (or any of the parent directories): .git
fatal: not a git repository (or any of the parent directories): .git
✔ SDD phase continuation requires a fresh selection and launches only that selection (228.6799ms)
fatal: not a git repository (or any of the parent directories): .git
fatal: not a git repository (or any of the parent directories): .git
✔ ordinary non-Git tasks still continue in their original cwd without registering a worktree (235.8712ms)
fatal: not a git repository (or any of the parent directories): .git
✔ delayed child spawn retains the originating session and cannot append into its replacement (127.2085ms)
✖ agentRuntimePaths isolates sessions and transcripts by profile and retains the explicit-home fallback (0.8415ms)
✔ extension resolves each profile environment at setup time without changing HOME (24.9398ms)
fatal: not a git repository (or any of the parent directories): .git
✔ GENTLE_PI_AGENT_HOME relative profile shares an absolute parent and child session root (136.0275ms)
fatal: not a git repository (or any of the parent directories): .git
✔ PI_CODING_AGENT_DIR relative profile shares an absolute parent and child session root (134.324ms)
fatal: not a git repository (or any of the parent directories): .git
✔ GENTLE_PI_AGENT_HOME tilde profile shares an absolute parent and child session root (110.5997ms)
fatal: not a git repository (or any of the parent directories): .git
✔ PI_CODING_AGENT_DIR tilde profile shares an absolute parent and child session root (118.4996ms)
✔ agentsEnabled and agentsCollapseKey read their flags and stay off inside a child (0.414ms)
✔ while pi-subagents-j0k3r is still installed the tools stay unregistered and the user is told how to switch (2.2497ms)
fatal: not a git repository (or any of the parent directories): .git
fatal: not a git repository (or any of the parent directories): .git
✔ subagent_list_agents and subagent_run in task mode launch a child with the resolved profile and return its answer (247.4952ms)
fatal: not a git repository (or any of the parent directories): .git
fatal: not a git repository (or any of the parent directories): .git
✔ background runs return at once; status, result, send_message, cancel, and continue follow the task (229.9527ms)
fatal: not a git repository (or any of the parent directories): .git
✔ once the last task is done the card asks for one frame when its finished row expires, so an idle terminal clears it (112.8777ms)
✔ completionText names the outcome before the answer (0.4469ms)
fatal: not a git repository (or any of the parent directories): .git
✔ a task-mode child's dialog reaches the host UI and the answer goes back to the child (133.0304ms)
fatal: not a git repository (or any of the parent directories): .git
fatal: not a git repository (or any of the parent directories): .git
✔ AgentsView production composition observes each pointer event once and accepts only left clicks (227.5561ms)
fatal: not a git repository (or any of the parent directories): .git
✔ AgentsView production footer uses rendered bounds and invalidates them before the next frame (122.9748ms)
fatal: not a git repository (or any of the parent directories): .git
✔ finished tasks remain available through resolveTask but never reappear in the live-only overlay (231.9994ms)
fatal: not a git repository (or any of the parent directories): .git
✔ the overlay confirms a running task once and reports when it finishes during confirmation (104.9268ms)
fatal: not a git repository (or any of the parent directories): .git
fatal: not a git repository (or any of the parent directories): .git
✔ the overlay stops a queued selection immediately without confirmation (209.926ms)
✔ the overlay explains that stopping a waiting subagent dismisses its question (121.5801ms)
fatal: not a git repository (or any of the parent directories): .git
✔ restored task history cannot enter the live panel or execute stop even with the current session ID (16.4667ms)
fatal: not a git repository (or any of the parent directories): .git
fatal: not a git repository (or any of the parent directories): .git
✔ Alt+S confirms a snapshot of active subagents and suppresses their follow-up delivery (210.1649ms)
fatal: not a git repository (or any of the parent directories): .git
fatal: not a git repository (or any of the parent directories): .git
fatal: not a git repository (or any of the parent directories): .git
fatal: not a git repository (or any of the parent directories): .git
fatal: not a git repository (or any of the parent directories): .git
fatal: not a git repository (or any of the parent directories): .git
✔ the card follows the active session: after /new the earlier session's tasks leave it, and come back on /resume (132.372ms)
fatal: not a git repository (or any of the parent directories): .git
✔ the card caps its rows to the terminal height and says how many tasks are hidden (629.1279ms)
✔ the production overlay reads terminal rows at render time without a minimum-height override (15.8369ms)
fatal: not a git repository (or any of the parent directories): .git
✔ a background completion settling while the parent agent runs is delivered exactly once at the next turn end (142.4112ms)
fatal: not a git repository (or any of the parent directories): .git
✔ a completion held past the stale window becomes transcript-only content and never re-enters the conversation (117.324ms)
fatal: not a git repository (or any of the parent directories): .git
✔ a completion the parent already pulled is dropped silently at the next turn end (125.5423ms)
fatal: not a git repository (or any of the parent directories): .git
✔ a session restart never replays a completion still pending from before it (125.6561ms)
fatal: not a git repository (or any of the parent directories): .git
✔ a background completion owned by a prior session is dropped, never delivered into the current session (136.9533ms)
fatal: not a git repository (or any of the parent directories): .git
✔ aborting the caller's signal cancels the subagent, records it, and says why (123.148ms)
✔ selected child routes recheck provenance and keep separately authorized local tools (32.2145ms)
✔ research child narrows artifact arguments and observes actual dual-store readbacks (304.6444ms)
✔ managed remediation acquires before spawn and finalizes failure without verifier success (156.4485ms)
✔ only remediation children with the retained exact plan override stock bash (2.0029ms)
✔ managed remediation tools publish the typed exact evidence plan and bracket input (0.9786ms)
✔ R1 malformed child grant denies tools even before/after failed session initialization (0.6166ms)
fatal: not a git repository (or any of the parent directories): .git
fatal: not a git repository (or any of the parent directories): .git
fatal: not a git repository (or any of the parent directories): .git
fatal: not a git repository (or any of the parent directories): .git
✔ R3/R4 host reload refuses retained acquire/actor uncertainty without another launch (493.8372ms)
fatal: not a git repository (or any of the parent directories): .git
fatal: not a git repository (or any of the parent directories): .git
✔ R3/R4 a known native-blocked settlement lets native admission decide the next attempt; an uncertain one still refuses locally (261.7293ms)
✔ missing package-local binaries give a direct recovery without attributing the cause to lifecycle scripts (95.9877ms)
✔ registered Gentle Review tools render reusable rose lifecycle call rows (20.3167ms)
✔ registered Gentle Review tools preserve result envelopes and redact collapsed result rendering (5.6133ms)
✔ models saves and clears independent provider review roles without local artifacts (95.8402ms)
✔ provider review roles skip migration and both projection paths even when discoverable (48.8879ms)
✔ models rejects invalid project routing with its selected source path (8.6071ms)
✔ export re-reads saved routing and rejects invalid project before creating its destination parent (16.654ms)
✔ status reports invalid saved routing path instead of default agent routing (17.5032ms)
▶ models exports missing, normalized project, and global-precedence saved routing
  ✔ missing (24.0486ms)
  ✔ project (27.4829ms)
  ✔ global (29.2274ms)
✔ models exports missing, normalized project, and global-precedence saved routing (81.6958ms)
▶ invalid global routing overrides valid project in models, status, and export re-read
  ✔ invalid before panel (19.0186ms)
  ✔ invalidated during panel (27.7319ms)
✔ invalid global routing overrides valid project in models, status, and export re-read (47.4819ms)
✔ session startup reports invalid project routing without mutating the profile (189.2923ms)
✔ agent discovery skips skills directories (7.5092ms)
✔ managed routing timeout leaves its profile, agent, and manifest unchanged (5029.1073ms)
✔ a later alias keeps managed-root precedence and manifest ownership (48.4953ms)
✔ runtime guidance keeps review policy out of the static orchestrator and technical reference (2.0485ms)
✔ ordinary native capture exposes a registered schema and STATUS binding copied unchanged to one slot (172.5082ms)
✔ ordinary START adopts the committed-range selectors the provider just offered (16101.2893ms)
✔ ordinary START keeps an explicit caller baseRef and ignores the offered selector (17754.9176ms)
✔ ordinary START keeps today's invocation when STATUS offers no committed-range selector (35754.4872ms)
✔ ordinary START reports candidate-owner preparation failure as pre-native no mutation (362.129ms)
✔ agent model discovery prioritizes SDD and Judgment Day agents (12.7136ms)
✔ discoverable model agents include installed Judgment Day agents (10.4283ms)
✔ model panel render does not auto-apply the Gentle theme and sanitizes agent labels (1.5241ms)
✔ model panel render uses the Pi-provided current theme when supplied (0.5696ms)
✔ delivery commands bypass RDD under every mode outcome while command safety remains independent (10.9533ms)
✔ guarded command confirmation emits a generic correlated permission lifecycle (4.2602ms)
✔ concurrent guarded confirmations coalesce the Herdr lifecycle per extension instance (3.8419ms)
✔ RPIV questionnaire blockers emit only a private, balanced Herdr projection (1.1ms)
✔ Herdr coordinates guarded confirmations and RPIV labels without inactive relabel pulses (1.4103ms)
✔ closed choice blockers retain the visible choice label through guarded-confirmation overlap (1.0547ms)
✔ permission lifecycle is inactive for unguarded and headless commands (2.9625ms)
✔ registered Gentle Review capture tools name the lens they run (1.2893ms)
✔ bash tool_call confirms a late guarded npm publish and denies on non-approval (2.3962ms)
✔ bash tool_call confirms every compound action and centers a long git -C push (1.9146ms)
✔ applying a profile persists its orchestrator and never leaks the key into agent routing (58.9409ms)
✔ applying a profile without an orchestrator entry leaves settings.json untouched (37.0255ms)
✔ a profile store entry with only the orchestrator key counts zero roles (35.6255ms)
✔ the profiles panel fills the terminal, lists routing per agent, and scrolls (22.2926ms)
✔ j and k scroll the detail pane one line at a time, like the agents view (20.6226ms)
✔ buildShellBarModel reads session, model, and footer data (2.6816ms)
✔ buildShellBarModel shortens the home directory and hides effort for non-reasoning models (0.2862ms)
✔ gentleShell installs the footer on session_start when a UI exists (19.3491ms)
✔ the fullscreen Status rail carries a live digest so a model switch refreshes it (12.9798ms)
✔ gentleShell stays out of the way without a UI or when disabled (0.4189ms)
✔ gentleShell frames the editor with the petal prompt and a hint while empty (4.3967ms)
✔ registered prompt stays transparent while idle, working, and queued (2.2727ms)
✔ gentleShell shows working while the agent runs and queued when messages wait (0.8799ms)
✔ gentleShell leaves an editor another extension already installed (0.4886ms)
✔ gentleShell shows working-tree changes in a widget below the editor and in the bar (2.8461ms)
✔ gentleShell registers /jero:changes and opens the overlay only when there are changes (6.7609ms)
✔ changes overlay follows registered linked roots on open, refresh and polling and scopes diff git cwd (89.5969ms)
✔ successful direct tools register whole roots, failures and shell contents do not, and all UI counts agree (10.1224ms)
✔ session switching drops pending tool and foreign launch events while same-session entries restore (1.6821ms)
✖ registered canonical root governs real Git discovery, status and diff despite inherited routing (564.3573ms)
✔ loadFileDiff asks git for a HEAD diff, or a no-index diff for untracked files (0.7995ms)
✔ shell Git runner hides initial and repeated background polling children (0.3959ms)
✔ openInExternalEditor stops the TUI around the editor and honors $VISUAL over $EDITOR (0.2301ms)
✔ external editor receives the selected worktree as process cwd (0.0919ms)
✔ changesShortcut defaults to alt+g and can be overridden or disabled (0.0632ms)
✔ gentleShell binds the changes shortcut to the same handler as the command (0.3732ms)
✔ gentleShell keeps the open overlay in sync with git while it stays open (41.838ms)
✔ gentleShell watches git in the background so the widget and bar follow external edits (108.3247ms)
✔ fetchCodexUsage sends the token and account id and parses the payload (0.8969ms)
✔ gentleShell fetches Codex usage on session start and shows it in the bar (29.7286ms)
✔ gentleShell records SSE rate-limit headers from provider responses (1.2579ms)
✔ gentleShell registers /jero:usage and opens the subscriptions overlay (15.5761ms)
✔ gentleShell draws the review preflight message as a Gentle card (2.4769ms)
✔ gentleShell keeps a dev-binary override visible above the editor for the whole session (0.7929ms)
✔ todoEnabled and todoCollapseKey read their environment flags (1.3212ms)
✔ todo registration owns its transparent transcript shell (0.2476ms)
✔ the todo tool writes the list, shows the card after the call, and carries the snapshot in details (25.3177ms)
✔ the Todo header is a fullscreen left-click control while non-click pointer events stay inert (0.8746ms)
✔ the Todo header remains a static visible control without hover handling (0.8937ms)
✔ every turn carries the open tasks in the system prompt and the card goes stale after two silent turns (1.8868ms)
✔ a finished list stays for its turn and clears at the next, and the collapse key folds the card (1.5689ms)
✔ session_start replays the list from the branch, rpiv-todo results included, and counts past turns (0.7342ms)
✔ session_start drops a list that was already finished, so a reload never shows stale done work (0.4314ms)
✔ model routing authority normalizes and preserves sync/async source status (53.2371ms)
✔ saved-routing apply fails closed for invalid project and global sources (12.0222ms)
✔ saved-routing apply preserves missing, valid, null, inherit, and omission behavior (27.7094ms)
✔ the env var name is the one CI sets (0.7408ms)
✔ a resolved binary with pinned digests runs, and names no skip reason (0.14ms)
✔ without the env var an unresolved binary yields a skip carrying a concrete reason (0.234ms)
✔ without the env var unpinned digests yield a skip with a distinct reason (0.1572ms)
✔ under the env var an unresolved binary throws instead of skipping (0.3927ms)
✔ under the env var unpinned digests throw instead of skipping (1.307ms)
✔ only an exact "1" arms the gate, so a stray value cannot silently disarm CI (0.3521ms)
✔ the dev-binary env var name is distinct from the pinned-binary one (0.1521ms)
✔ an existing dev binary path runs, and names no skip reason (0.2221ms)
✔ without the env var a missing GENTLE_AI_DEV_BINARY yields a skip carrying a concrete reason (0.195ms)
✔ without the env var a set but non-existent dev binary path yields a distinct skip reason (0.1037ms)
✔ under the env var a missing dev binary throws instead of skipping (0.1297ms)
✔ GENTLE_PI_REQUIRE_NATIVE_BINARY never arms the dev-binary gate, and vice versa (0.1012ms)
✔ the gate reads the passed env, never the ambient process env (0.1082ms)
✔ native choice list presents one hovered wrapped option without changing selection (8.065ms)
✔ native choice list ignores Kitty key releases (2.0647ms)
✔ root observer clears hover and disabled controls ignore every input (1.5417ms)
✔ empty native choice lists do not activate phantom selections (0.2209ms)
✔ native choice list composes rows through the shared pointer scope (0.714ms)
✔ native fullscreen interaction preserves observer order and native dispatch identity (3.3437ms)
✔ native fullscreen interaction preserves Container geometry and SelectList behavior (5.5859ms)
✔ pointer regions give a public Text hover, press, and click behavior without implicit focus (1.6432ms)
✔ pointer scopes clear hover only through observed lifecycle boundaries (0.3737ms)
✔ a consuming public Box child keeps its exact native target and focus without outer callbacks (0.6209ms)
✔ the same composed region can open an input entry point without answering on press (0.2589ms)
✔ a typed public custom overlay factory composes pointer content and disposes late events (0.376ms)
✔ scopes apply disabled and disposed state to later Text regions (1.0293ms)
✔ Pi production code has no native review-transactions mutation path (2.9187ms)
✔ every row through the pinned 2.1.11 reports the organic-parity capability columns false (0.6697ms)
✔ the 2.1.11 row explicitly reports all four organic-parity capabilities false (0.0964ms)
✔ 2.2.0 lights only the two capabilities its negotiated envelope demonstrably carries (0.0756ms)
✔ 2.2.1 repeats 2.2.0 because the lane Pi speaks did not move (0.493ms)
✔ 2.2.2 repeats 2.2.1 because the lane Pi speaks still did not move (0.1134ms)
✔ 2.2.3 repeats 2.2.2 because Pi's consumed capability columns did not move (0.0943ms)
✔ 2.4.0 repeats 2.2.3 because the START envelope Pi consumes still omits risk_evidence and hint (0.1941ms)
✔ 2.5.0-rc.3 repeats 2.4.0 because the negotiated lane Pi consumes is unchanged (0.1814ms)
✔ 2.5.0 repeats 2.5.0-rc.3 because the stable lane Pi consumes is unchanged (0.1309ms)
✔ 2.6.0 repeats 2.5.0 because the negotiated lane Pi consumes is unchanged (0.1919ms)
✔ 2.7.0 repeats 2.6.0 because the negotiated lane Pi consumes is unchanged (0.1288ms)
✔ 2.8.0 repeats 2.7.0 because the negotiated lane Pi consumes is unchanged (0.1ms)
✔ 2.8.1 repeats 2.8.0 because the negotiated lane Pi consumes is unchanged (0.1823ms)
✔ 2.8.2 repeats 2.8.1 because the negotiated lane Pi consumes is unchanged (0.1693ms)
✔ no shipped version key was added beyond the pin bump (0.1196ms)
✖ native SDD status executes its exact selected-root argv and returns only a validated v2 authority (1.9626ms)
✖ native SDD status rejects malformed v2 identities, dependencies, instructions, and blockers (0.7311ms)
✖ native v2 read-only decoding preserves omitted optional phaseInstructions (0.1452ms)
✔ native SDD status keeps malformed JSON, timeout, and nonzero execution fail-closed (0.8464ms)
✔ negotiated STATUS accepts the pinned v5 receipt before routing its transition (2.5825ms)
✔ a final reviewer capture returns its native last-event closure without a follow-up command (12.3364ms)
✔ correction-plan capture substitutes only the provider slot and closes natively (0.8309ms)
✔ provider-owned refuter and targeted-validator vectors accept only their mapped terminal closures (0.8423ms)
✔ capture-unachievable declares the exact slot binding and decodes its recorded artifact (0.6885ms)
✔ capture-unachievable measures detail in UTF-8 bytes, not UTF-16 code units (0.4292ms)
✔ capture-unachievable validates its request and artifact shape before and after the invocation (0.6239ms)
✔ an older binary's unknown-verb refusal classifies as a capability signal, not a capture failure (0.7693ms)
✔ nonzero targeted-validator capture preserves its dot-form typed failure (0.5167ms)
✔ malformed closure output remains a typed schema failure and never authorizes a retry (5.7576ms)
✔ negotiated STATUS forwards its exact ordered workspace, base, lineage, and untracked selection argv (0.5878ms)
✔ negotiated STATUS emits the explicit committed selector argv (0.4043ms)
✔ negotiated STATUS rejects malformed committed selectors before launching a process (0.2402ms)
✔ negotiated STATUS rejects malformed untracked selection before launching a process (0.1228ms)
✔ negotiated STATUS rejects an unsupported provider execute operation before argv synthesis (0.2781ms)
✔ native START queries STATUS then executes only the provider-rendered ordered transition (1.0204ms)
✔ native START relays provider-owned intended-untracked selection and transition argv verbatim (0.953ms)
✔ native START retains the provider-owned START/v4 status transition in exact argument order (1.4138ms)
✔ native consent completion decodes START/v4 and replays its provider argv unchanged (1.4673ms)
✔ native START refuses invalid committed-range and target bindings before STATUS (0.2003ms)
✔ capture-result stages a private input and preserves provider tokens without adding a contract (7.9573ms)
✔ capture-result rejects an empty document and a conflicting repository context before launch (0.3529ms)
✔ terminal correction and provider-role captures preserve unknown mutation failure semantics (0.2476ms)
✔ read-only STATUS process failures remain typed and never claim mutation (0.2789ms)
✔ read-only STATUS rejects unexpected stderr and nonzero failures without decoding authority (0.6804ms)
✔ negotiated STATUS accepts only exact provider forecast narration on stderr (0.957ms)
✔ native client requires an absolute package-local executable before any invocation (0.1923ms)
✔ native client executes current negotiated argv without a shell (91.4741ms)
✔ current STATUS preserves bounded output configuration and output-limit precedence (1.6153ms)
✔ node execFile adapter passes AbortSignal to child_process (19.3789ms)
✔ capture-result receives the controller AbortSignal without an automatic mutation timeout (4.6086ms)
✔ native review client exposes native v2 SDD status without adding review lifecycle behavior (0.1716ms)
✔ read-only authority inventory rejects a repository identity mismatch after decoding (1.5437ms)
✔ current native process boundary preserves caps, timeout classes, and sanitized diagnostics (6.6949ms)
✔ authority inventory accepts compact discarded work and historical entry statuses (1.5475ms)
✔ current review STATUS retains compact snapshot and released-lock wire fields (1.1193ms)
✔ acknowledge-approved keeps accepting the pinned silent burn byte-for-byte (0.2079ms)
✔ acknowledge-approved decodes the captured review-acknowledged/v1 burn envelope (0.3692ms)
✔ acknowledge-approved fails closed on a foreign, drifted, or mismatched success body (0.6246ms)
✔ acknowledge-approved keeps its fail-closed stderr and typed refusal discipline around the envelope (0.5684ms)
✖ native continuation uses a distinct mutating operation and the same v2 decoder (0.209ms)
✖ native discovery preserves nullable selection and rejects an invented selected identity (0.094ms)
✖ all twelve native actions retain their exact tokens without prose routing (0.0873ms)
✔ compact SDD bracket transports exact selection and remediation binding (0.4693ms)
✔ compact SDD refuses malformed result and invalid terminal evidence before execution (0.2024ms)
✔ compact admission accepts native empty CAS and never redirects uncertainty into review (0.1969ms)
✔ negotiated ordinary START executes the complete STATUS-rendered relay vector and preserves the consent envelope (6.284ms)
✔ controller-prebound START target checks STATUS once and executes its exact matching transition (1.3331ms)
✔ consent follow-up executes the provider-named invocation exactly once and refuses changed lineage or target bindings (3.6148ms)
✔ consent answer preserves quoted Windows provider cwd tokens and launches the provider exactly once (8.1919ms)
✔ consent answer preserves quoted UNC and drive-root cwd tokens (2.5152ms)
✔ unmatched consent invocation quotes reject before provider launch (0.7639ms)
✔ different, duplicate, missing, and malformed consent cwd options reject before provider launch (0.641ms)
✔ a consent invocation binding mismatch is a typed pre-native error that never launches the provider (0.45ms)
✔ every consent invocation binding guard reports its own reason without launching the provider (0.9621ms)
✔ fresh consent START accepts the strictly decoded provider-created lineage and rejects a mismatched target (2.043ms)
✔ duplicate, empty, missing, and malformed consent lineages fail before provider launch (0.8752ms)
✔ declined consent decodes the provider's explicit empty authority fields without creating a lineage (1.1364ms)
✔ Pi START rejects a Pi-bound consent/v3 envelope when any provider choice omits or misbinds the Pi agent (4.7213ms)
✔ Pi START rejects a foreign consent/v3 envelope and only relays exact Pi-bound choice invocations (3.9144ms)
✔ a granted Pi consent/v3 answer replays the captured exact agent-bound invocation (0.9525ms)
✔ a declined Pi consent/v3 answer replays the captured exact agent-bound invocation and creates no authority (0.4272ms)
native-review-parity-runtime: Native gentle-ai binary is unresolved; set GENTLE_PI_REQUIRE_NATIVE_BINARY=1 to fail instead of skip.
﹣ generated runtime decoder consumes the captured terminal closure directly (0.5099ms) # SKIP
﹣ registered gentle_review surfaces the package-pinned Pi transport refusal before native START for a safe internal symlink candidate (0.0843ms) # SKIP
✔ captured native start and terminal capture decode as one last-event lifecycle (1.7346ms)
✔ review mode STATUS keeps the provider-decided default-off source (4.3905ms)
✔ review mode mutations remain clone-scoped and retain their exact operation discriminator (1.2257ms)
✔ review mode rejects a response with a foreign operation discriminator (1.4333ms)
✔ all terminal capture fixtures retain exact, non-interchangeable operation identities (1.207ms)
✔ native risk evidence derives only published medium and high risk phrases (0.3834ms)
✔ Windows native cwd normalization preserves drive identity without changing POSIX paths (0.1649ms)
✔ current review mode keeps canonical reach values and rejects unrecognized wire values (2.2477ms)
✔ published start/v3 wire rejects scalar risk reasons without Pi lens policy (0.4535ms)
✔ review-mode gate retains every off-source continuation and fails closed on native errors (308.2074ms)
✔ public jero:review-mode handler reports current operations, global-off warnings, and unavailability (1.8628ms)
✔ public consent relay allows any active session to resolve a live binding, is one-shot, and is candidate-scoped (620422.2921ms)
✔ already-consumed local consent bindings reconcile exactly once with the native status transition (75223.56ms)
✔ launched answer-consent failures remain blocked after fresh-target STATUS reconciliation (46997.5883ms)
✔ stale local consent bindings preserve a typed native STATUS failure (74515.1146ms)
✔ stale local consent bindings retain typed Pi transport refusal without an agentless retry (321.98ms)
✔ unavailable and ambiguous consent follow-ups never replay a consumed binding (178123.2387ms)
✔ concurrent answers atomically claim consent before review-mode gating and ignore a queued expiry callback (112419.2587ms)
✔ timer-cleaned and synchronously pruned consent bindings remain expired within their session (432641.2222ms)
✔ native START maps only provider facts and omits absent evidence (72752.2571ms)
✔ candidate consent completion writes no persistent asked latch (75464.9722ms)
✔ derived risk evidence matches native v2.2.0: hot path, auth signal (1.1507ms)
✔ derived risk evidence matches native v2.2.0: hot path, payments signal (0.0873ms)
✔ derived risk evidence matches native v2.2.0: medium risk leads with the consolidated-review reason (0.0694ms)
✔ derived risk evidence matches native v2.2.0: multiple reasons keep native order (0.0733ms)
✔ low risk speaks no evidence at all (0.0923ms)
✔ an unrecognized reason code renders nothing rather than guessing (0.0741ms)
✔ an unrecognized hot-path signal still names the path (0.1136ms)
✔ an empty file is named before it is described (0.0953ms)
✔ a reason with no path contributes no phrase (0.1012ms)
✔ extractCommandLine rejects duplicate matching command lines (negative control) (2.0541ms)
✔ workflow asset has exactly one Native Runtime Attempt Authority section (1.6356ms)
✔ status contract asset has exactly one Native Runtime Attempt Authority section (0.2433ms)
✔ workflow names acquire and settle as sole provider authority for OpenSpec and Engram (0.4277ms)
✔ status contract names acquire and settle and forbids OpenSpec/Engram attempt ledgers (0.3013ms)
✔ workflow launches only on proceed; blocked and complete stop the launch (0.3886ms)
✔ workflow requires distinct request IDs with own-ID-only idempotent replay (0.349ms)
✔ workflow acquire command line binds every mandatory payload argument (0.3877ms)
✔ workflow settle command line binds mandatory arguments and routing invariants (0.452ms)
✔ workflow forbids caller-authored counters and Pi-owned attempt state (0.4677ms)
✔ workflow states reset is never automatic and names compatibility surfaces (0.4175ms)
✔ workflow gatekeeper rerun is subordinate to a fresh native acquire (0.6729ms)
✔ workflow does not present status|begin|finish|reset as the primary route (0.3283ms)
✔ status contract authority is artifact-store agnostic and excluded from SDD v1 status (0.1771ms)
✔ status contract continuation rule: acquire before launch, settle after run, distinct IDs, provider states route, reset never automatic (0.3356ms)
✔ status contract schema is unchanged (no attempt authority payload added) (0.7431ms)
✔ status contract uses a runtime-safe semantic reference, not a repo-source assets/ path (0.2935ms)
✖ the opaque adapter streams arbitrary prompt and stdout bytes verbatim through the fixed Pi subprocess (11.9892ms)
✖ the opaque adapter returns typed transport errors for launch, nonzero, empty, timeout, and cancellation (7.2632ms)
✖ the opaque adapter leaves no prompt or result file in scratch and reports cleanup failure as transport-only (8.9153ms)
✖ the opaque adapter preserves primary nonzero and timeout errors when scratch cleanup also fails (4.323ms)
✔ the opaque adapter has no review lifecycle imports or identifiers (1.2192ms)
✔ the Pi launch shape spawns the host entry through process.execPath on win32 and stays byte-identical elsewhere (0.8269ms)
✔ the default Pi launch resolves from the running host process (0.1535ms)
✔ parseRequirementBlocks extracts requirement blocks with names (1.4062ms)
✔ parseDeltaSpec extracts ADDED, MODIFIED, and REMOVED sections (0.3678ms)
✔ applyDeltaSpec applies ADDED, MODIFIED, and REMOVED while preserving unrelated content (0.3996ms)
✔ applyDeltaSpec preserves sections after Requirements when appending ADDED (0.224ms)
✔ applyDeltaSpec does not duplicate separators between multiple ADDED requirements (0.1871ms)
✔ applyDeltaSpec rejects MODIFIED requirements that do not exist (0.3745ms)
✔ applyDeltaSpec rejects REMOVED requirements that do not exist (0.2139ms)
✔ applyDeltaSpec rejects duplicate operations for the same requirement (0.1872ms)
✖ detectActiveDomainCollisions finds other active changes touching the same domain (8.048ms)
✔ detectLegacyFlatSpec warns when a flat change spec exists without domain specs (2.1217ms)
✔ detectLegacyFlatSpec reports domain specs when both old and new layouts exist (1.7906ms)
✔ analyzeDeltaDestructiveness reports removed and large modified requirements (0.7383ms)
✔ getOrchestratorPrompt return value stays within the canonical 8,192 B budget at a short assets root (1.2349ms)
✖ getOrchestratorPrompt keeps a controlled long (>= 93 char) assets root within the canonical budget (79.7986ms)
✔ disposition-mapped union: Header + bind (fixture:1-4) -> core (0.5695ms)
✔ disposition-mapped union: Identity Contract (fixture:5-8) -> core (0.2915ms)
✔ disposition-mapped union: Core Role (fixture:9-13) -> core (0.2066ms)
✔ disposition-mapped union: Language Boundary heading (fixture:15-15) -> core (0.2678ms)
✔ disposition-mapped union: Language Boundary LB1 pointer (fixture:17-17) -> core (0.271ms)
✔ disposition-mapped union: Language Boundary LB2 (subagent-English) (fixture:19-19) -> delegation (0.414ms)
✔ disposition-mapped union: Language Boundary LB3 (artifact language) (fixture:21-21) -> core (0.2148ms)
✔ disposition-mapped union: Language Boundary LB4 (public comment language) (fixture:23-23) -> core (0.26ms)
✔ disposition-mapped union: Language Boundary LB5 (exceptions) (fixture:25-29) -> delegation (0.2565ms)
✔ disposition-mapped union: Mental Model (fixture:31-40) -> core (0.2415ms)
✔ disposition-mapped union: Work Routing Ladder heading (fixture:42-42) -> core (0.1894ms)
✔ disposition-mapped union: Size/risk-selected SDD tier replaced by explicit-request/accepted-proposal selection (#312) (fixture:98-107) -> obsolete (0.6706ms)
✔ disposition-mapped union: Size-gated SDD entry replaced by explicit-selection gating (#312) (fixture:109-110) -> obsolete (0.5814ms)
✔ disposition-mapped union: Delegation Rules heading (fixture:112-112) -> core (0.2022ms)
✔ disposition-mapped union: Delegation Rules core question (fixture:114-114) -> core (0.1637ms)
✔ disposition-mapped union: Pre-canon delegation table replaced by the mirrored gentle-ai canon table (#312) (fixture:116-126) -> obsolete (0.4742ms)
✔ disposition-mapped union: Superseded no-runtime inline exception (fixture:133-133) -> obsolete (0.5626ms)
✔ disposition-mapped union: Parent-selected review lens table replaced by native RAR lens ownership (#312) (fixture:169-181) -> obsolete (0.5031ms)
✔ disposition-mapped union: SDD Workflow pointer (fixture:183-191) -> core (0.2113ms)
✔ disposition-mapped union: Memory Contract heading (fixture:193-193) -> core (0.1804ms)
✔ disposition-mapped union: Memory Contract SDD phases table + artifact keys + lifecycle rule (fixture:203-230) -> memory (0.1759ms)
✔ disposition-mapped union: Skill Registry Protocol heading (fixture:232-232) -> core (0.1272ms)
✔ disposition-mapped union: Skill Registry Protocol detail (fixture:234-253) -> skills (0.14ms)
✔ disposition-mapped union: Intent-Driven Skill Discovery heading (fixture:255-255) -> core (0.1491ms)
✔ disposition-mapped union: Intent-Driven Skill Discovery detail (fixture:257-276) -> skills (0.17ms)
✔ disposition-mapped union: Safety (fixture:278-283) -> core (0.1666ms)
✔ disposition-mapped union: Superseded pre-transaction review contract (fixture:285-312) -> obsolete (0.6861ms)
✔ core-alone: load-bearing direct-delegation tokens remain without lazy union (0.4309ms)
✔ core-alone: dynamic Gentle AI ownership replaces package lifecycle instructions (0.3659ms)
✔ lazy delegation detail has no native RDD controller markers (0.4441ms)
✔ live orchestrator assets remove the stale strong-gate retry contract (0.8524ms)
✔ relocated lazy bodies are not double-delivered in the always-on core (0.9995ms)
✔ relocated lazy files are reachable via root-relative in-core filenames (0.3703ms)
✔ getOrchestratorPrompt substitutes every placeholder (0.3553ms)
✔ getOrchestratorPrompt memoizes the return across calls (0.5246ms)
✔ every compressed lazy-file pointer in the core still names the material it points to (0.3263ms)
✔ projection whitelists summaries and all retained text, excluding invocation payloads (2.0234ms)
✔ headers are private, lightweight, sanitized and recent at the inclusive TTL boundary (16.3645ms)
✔ long display labels remain schema-valid when clipping lands on whitespace or Unicode (17.9337ms)
✔ updates coalesce, snapshot caller data, and heartbeat never serializes or replaces activity (18.7269ms)
✔ full under-limit payload is admitted; oversize is explicit and never truncated (172.7716ms)
✔ reader rejects malformed, oversized, wrong digest/schema and unsafe exact targets (21.9846ms)
✔ bounded directory scan reports overflow and ignores partial/temp files (82.8376ms)
﹣ symlinks, hardlinks, directories and non-private managed roots fail closed (0.066ms) # SKIP
﹣ publication failure stops timers without overwriting linked files or another activation (0.0905ms) # SKIP
✔ history created under umask 022 coexists with a dedicated private presence namespace (16.0538ms)
✔ real TaskStore projection preserves remote sorting/retention timestamps and header identity (6.7456ms)
✔ bounded continuation reaches a live peer beyond 128 stale headers without deleting them (93.1535ms)
✔ two real processes with the same session ID stay distinct and clean up only their incarnation (210.6865ms)
✔ static prompts omit stale native RDD lifecycle mirrors (1.9748ms)
✔ lossless blocking prompts route every closed single-select envelope through the native closed tool (0.2769ms)
✔ static prompts declare one dynamic Gentle AI RDD ownership boundary (1.4359ms)
✔ rendered parent prompt keeps the RDD boundary while omitting lifecycle mirrors (1794.6109ms)
✔ static prompts retain normal SDD and delegated-work guidance (0.1867ms)
✔ always-on parent prompt requires a narrow writer edit surface before launch (0.2959ms)
✔ review integration documents the opaque Pi adapter and Go-owned authority boundary (0.2644ms)
✔ technical reference declares the tested Pi minimum required for agent_settled (1.8838ms)
✔ package manifest has no obsolete native activation build surface (0.746ms)
✔ package verification names the native review runtime boundary and packaged fixtures (1.6332ms)
✔ Pi delivery relay is absent from the packaged extension (0.961ms)
✔ generated runtime modules and packed-package checks are deterministic (0.5811ms)
✔ package manifest ships and runs the checked-in package-local Gentle AI installer (0.5867ms)
✔ package manifest installs pi-pretty through a wrapper without bundling native optional dependencies (0.2964ms)
✔ package verification binds the published Gentle AI v2.8.2 runtime pin (0.5128ms)
✔ Markdown section extraction isolates policy text from sibling sections (0.4976ms)
✔ packaged agents use YAML list syntax for tool allowlists (1.673ms)
✔ packaged agents declare only tool names a Pi child session can resolve (2.2574ms)
✔ selective delegation installation owns only generic agents (11.3293ms)
✔ selective installation retires only assets belonging to the selected owner (54.9372ms)
✔ selective delegation installation covers its catalog without cross-owner files (11.2632ms)
✔ selective review installation covers its catalog without cross-owner files (17.012ms)
✔ selective sdd installation covers its catalog without cross-owner files (24.2979ms)
✔ legacy all-assets installation covers every packaged file with explicit ownership (86.3753ms)
✔ selective refresh preserves unselected ownership and selected user changes after an all-assets install (34.8407ms)
✔ selective review migration adopts only untouched legacy copies and preserves routing (33.9962ms)
✔ unowned legacy research migrates by exact normalized hash, preserving routing and user edits (71.6566ms)
✔ the retired Pi adversarial role agents are not packaged (0.2926ms)
✔ forced package installation preserves same-path user-authored agents and separate shadows, including on retired asset paths (29.8297ms)
✔ v0.13 ownership evidence is bundled and matches the self-contained upgrade fixture (0.458ms)
✔ v0.14 ownership evidence is bundled and matches the self-contained bounded-review fixture (0.2819ms)
✔ first forced sync migrates untouched v0.13 assets, preserves routing, and owns new assets (57.2416ms)
✔ first forced sync migrates untouched v0.14 review contracts and preserves routing (24.5666ms)
✔ first forced sync preserves a body-edited v0.13 asset byte-for-byte (22.7285ms)
✔ forced package installation refreshes an asset recorded as package-managed (51.5924ms)
✔ forced package installation preserves a model-only edit to a managed agent (54.8753ms)
✔ forced package installation preserves a thinking-only edit to a managed agent (63.9022ms)
✔ forced package installation preserves an ordinary body edit to a managed agent (63.0601ms)
✔ package model assignment keeps only package-managed agents owned (70.2859ms)
✔ jd-fix-agent packaged allowlist includes write tools (0.5256ms)
✔ sdd-explore packages its CodeGraph-enabled exploration allowlist (0.3203ms)
✔ gentle-ai-worker packages the exact scoped writer contract (1.8208ms)
✔ installSddAssets installs gentle-ai-worker with a loader-compatible scoped identity (29.006ms)
✔ agent home resolver centralizes Gentle and Pi agent-dir precedence (1.375ms)
✔ asset installation uses PI_CODING_AGENT_DIR as the Pi agent home when no explicit Gentle override is set (58.4298ms)
✔ global model routing uses PI_CODING_AGENT_DIR for package-installed agents (34.7638ms)
✔ normal and forced installation copy generic agents with complete role contracts (107.1395ms)
✔ bounded implementation routing uses the same explicit fallback in both policy sections (1.5354ms)
✔ orchestrator routes generic roles without static RDD lens routing (1.6799ms)
✔ pi-pretty wrapper uses real package path resolution for pnpm symlink installs (0.3811ms)
✔ v2.6.2 release package and runtime stop before publication (2.6549ms)
✔ bounded review keeps the Judgment Day skill contract at canon metadata version 1.7 (0.3725ms)
✔ technical reference documents dynamic Gentle AI RDD ownership and the installed permission boundary (0.4832ms)
✔ package verification explicitly requires the managed remediation actor (0.2041ms)
✔ neutral mode composed prompt does not instruct to use voseo (4.9769ms)
✔ neutral mode composed prompt has no positive voseo/Rioplatense instruction and includes explicit prohibition (1.505ms)
✔ gentleman mode composed prompt contains voseo reference (1.2687ms)
✔ gentleman mode composed prompt contains Rioplatense reference (1.4905ms)
✔ neutral mode composed prompt explicitly states active mode is neutral (1.5525ms)
✔ gentleman mode composed prompt explicitly states active mode is gentleman (1.3144ms)
✔ neutral mode composed prompt explicitly forbids voseo conjugations (0.9824ms)
✔ neutral and gentleman modes produce different language-boundary text (1.8216ms)
✔ fixture integrity: PRE byte counts match design.md judge-measured figures (1.3575ms)
✔ fixture integrity: POST_WRAPPER_IDENTITY_BLOCK matches design.md converged 817 B (0.164ms)
✔ Table A rule: wrapper :177 'You are el Gentleman...' survives verbatim (KEEP once, wrapper) (2.2737ms)
✔ Table A rule: wrapper :180/:181 + orchestrator :9,:12 self-description MERGE into wrapper bullet 1 (1.4691ms)
✔ Table A rule: orchestrator :17 'never introduce yourself...' ADDED to wrapper (orchestrator-only rule) (1.1167ms)
✔ Table A rule: persona-mode selection (trimmed) survives; language clause NOT restated in Identity contract (0.8305ms)
✔ Table A rule: SDD/OpenSpec artifacts + subagents core-capabilities bullet survives (KEEP once) (0.8508ms)
✔ Table A rule: memory rule (wrapper phrasing, with never-invent clause) survives (KEEP wrapper) (1.1068ms)
✔ Table A rule: 'Do not claim portability outside the Pi runtime.' survives (KEEP once, byte-identical wrapper :184 / orchestrator :20) (1.081ms)
✔ Table B rule: LB2 subagent-English delegation kept verbatim in orchestrator (unique) (1.7105ms)
✔ Table B rule: LB3 artifacts-English kept verbatim in orchestrator (unique) (1.0972ms)
✔ Table B rule: LB4 public-comment target language kept verbatim in orchestrator (unique) (1.266ms)
✔ Table B rule: LB5 exceptions kept verbatim in orchestrator (unique) (1.3276ms)
✔ orchestrator.md Identity Contract collapses to the one-line pointer (post-change) (0.4724ms)
✔ orchestrator.md Language Boundary LB1 collapses to the one-line pointer; LB2-LB5 remain verbatim (post-change) (0.2601ms)
✔ dup guard (exact-string): 'Do not claim portability outside the Pi runtime.' occurs exactly once (0.7323ms)
✔ dup guard (exact-string): identity self-description sentence occurs exactly once (0.5202ms)
✔ dup guard (exact-string): LB2/LB3/LB4 each occur exactly once (0.9261ms)
✔ dup guard (concept-level): language-match regex matches exactly once per rendered mode, excluding the scoped self-description exception (0.6716ms)
✔ added rule: gentleman output contains the new GENTLEMAN_PERSONA_PROMPT language-match clause (0.3465ms)
✔ regression: neutral output still contains its own unchanged language-match clause (:158) (0.3072ms)
✔ byte delta: wrapper Identity contract block grows by the measured delta (post > pre) (0.115ms)
✔ byte delta: orchestrator.md Identity Contract shrinks to the measured pointer size (149 B, ±1 B of design's 148 B estimate) (0.0768ms)
✔ byte delta: orchestrator.md Language Boundary LB1->pointer shrinks by the measured 38 B (LB2-LB5 unchanged) (0.0864ms)
✔ byte delta: new GENTLEMAN_PERSONA_PROMPT clause is present and small (single added line) (0.0539ms)
✔ byte delta: net per-session injection delta matches byte-measurements.md (gentleman -283 B, neutral -341 B, section-sum method) (0.2289ms)
✔ gentleman persona selected: GENTLEMAN_PERSONA_PROMPT content appears once, no neutral-only rule leaks in (0.591ms)
✔ neutral persona selected: NEUTRAL_PERSONA_PROMPT content appears once, no gentleman-only rule leaks in (0.3976ms)
✔ orchestrator model refs split only on a real provider boundary (1.8485ms)
✔ reading the orchestrator distinguishes missing, unreadable, unset and set (5.8257ms)
✔ an orchestrator entry without a model never touches the settings file (4.8346ms)
✔ applying the orchestrator preserves every unrelated settings key (6.332ms)
✔ a missing settings file is created with only the orchestrator keys (3.6727ms)
✔ an orchestrator entry without thinking clears a stale thinking level (4.4749ms)
✔ re-applying the same selection is a no-op (3.0216ms)
✔ an unusable target is refused instead of being overwritten (2.6317ms)
✔ restoring returns the previous bytes, or removes a file the write created (9.9949ms)
✔ verifies the generated 1.1.0 fixture tree and reports the exact contract surface (8.8694ms)
✔ verifies the same bundle as an in-memory-read archive and reports the archive digest (8.658ms)
✔ a 1.0.0 manifest without runtimes is a VALID bundle, but pi is reported unregistered for relay trust (1.4828ms)
✔ generated baselines project roles, capabilities, and runtime registration deterministically (5.0511ms)
✔ generated 1.2.0 baselines record the mirrored orchestration entry (1.9448ms)
✔ rejects a ninth file in the inventory (1.6694ms)
✔ rejects a missing bundle entry (0.9223ms)
✔ rejects a bundle whose schema bytes do not match the manifest SHA-256 (0.984ms)
✔ rejects a vector that no longer equals the schema's canonical example even when its hash is updated (2.6785ms)
✔ rejects unknown manifest fields (2.1034ms)
✔ rejects duplicate manifest JSON keys (1.5064ms)
✔ rejects an unpinned transport capability (1.8064ms)
✔ rejects an unsupported contract major (1.3119ms)
✔ rejects a 1.1.0 manifest without the required runtimes registry (1.0622ms)
✔ rejects a 1.1.0 manifest whose runtimes registry does not register pi (0.8774ms)
✔ rejects a 1.0.0 manifest that carries a runtimes registry it cannot have (2.5295ms)
✔ rejects an unknown role id (2.0221ms)
✔ rejects an unknown mandatory capability (1.7109ms)
✔ rejects a schema whose $id does not match the manifest result schema id (1.8008ms)
✔ verifies the 1.2.0 fixture tree and exposes the mirrored pi orchestration text (3.7882ms)
✔ rejects a 1.2.0 manifest without the required orchestration array (2.3801ms)
✔ rejects a 1.2.0 orchestration entry whose runtime is not registered in manifest.runtimes (1.9024ms)
✔ rejects a 1.2.0 orchestration entry whose file bytes do not match its manifest SHA-256 (2.0043ms)
✔ rejects an orchestration array on a 1.1.0 manifest (1.6632ms)
✔ rejects a tar entry that escapes the bundle root (6.1577ms)
✔ rejects a non-regular tar entry (symlink typeflag) (4.0769ms)
✔ rejects an executable or setuid tar entry mode (6.238ms)
✔ rejects trailing data after the tar terminator (4.8654ms)
✔ rejects a duplicated tar entry path (6.5776ms)
﹣ rejects a bundle tree containing a symlink (0.1725ms) # SKIP
﹣ rejects a bundle tree entry with an executable mode (0.1389ms) # SKIP
✔ mirrors a verified local bundle tree and the offline drift check passes (32.422ms)
✔ mirrors a verified local 1.2.0 bundle tree, including its orchestration entry, and the offline drift check passes (23.3469ms)
✔ mirrors a verified local archive and records the archive digest in the lock (22.1678ms)
✔ refuses to mirror a 1.0.0 bundle because the pi runtime identity is not registered (18.3905ms)
✔ drift check fails when a mirrored schema byte changes (30.1905ms)
✔ drift check fails when a generated baseline is edited by hand (28.8105ms)
✔ drift check fails when the lock record disagrees with the mirror (17.5527ms)
✔ drift check fails on an unexpected file inside the mirror directory (23.3148ms)
✔ drift check fails when the lock is missing entirely (1.2804ms)
✔ the committed repository mirror matches its lock and generated baselines (4.5541ms)
✔ orchestrator-delegation.md carries the provider defect handoff section (1.3369ms)
✔ orchestrator-delegation.md references the prerelease consent/v3 contract (0.2399ms)
✔ orchestrator-delegation.md lists all three semantic choice tokens (0.2576ms)
✔ orchestrator-delegation.md orders the three choices: report_and_continue, continue_without_reporting, stop_here (0.2339ms)
✔ orchestrator-delegation.md preserves the rc.8 choice-1 sub-bullet ordering (0.4133ms)
✔ orchestrator-delegation.md states the admissibility-before-relay rule (0.3354ms)
✔ orchestrator-delegation.md excludes local consent lifecycle outcomes from provider-defect reporting (0.4028ms)
✔ orchestrator-delegation.md states the never-offer-to-repair rule (0.3204ms)
✔ orchestrator-delegation.md states the consent requirement (0.4884ms)
✔ orchestrator-delegation.md states the privacy scrub requirement and ordering (0.5329ms)
✔ orchestrator-delegation.md states the definitive lookup gate (0.4594ms)
✔ orchestrator-delegation.md states evidence-channel routing from installed build string (0.4179ms)
✔ orchestrator-delegation.md states other-channel occurrence routing (0.5191ms)
✔ orchestrator-delegation.md states outdated-build and regression routing (0.6561ms)
✔ orchestrator-delegation.md states confirmed-creation identity requirement (0.244ms)
✔ orchestrator-delegation.md states the uncertainty continuation (decline invocation runs, not withheld) (0.2059ms)
✔ orchestrator-delegation.md states the exact-captured-decline-invocation rule (0.2904ms)
✔ orchestrator-delegation.md states handoff scope and mode preservation (0.2178ms)
✔ orchestrator-delegation.md states observed-evidence reporting (0.2301ms)
✔ orchestrator-delegation.md states the resume route (published fix or maintainer-authorized recovery) (0.1607ms)
✔ orchestrator-delegation.md does NOT carry the gentle-report label discipline (0.1794ms)
✔ orchestrator-delegation.md does NOT make published fixes the sole resumption route (0.1095ms)
✔ orchestrator-delegation.md does NOT retain the rc.3 hard-stop that withholds the decline invocation (0.0823ms)
✔ orchestrator-delegation.md does NOT reference the rc.3 canon (0.1518ms)
✔ sdd-orchestrator-workflow.md points provider defects to the complete delegation contract (0.3131ms)
✔ the complete delegation handoff invokes `gentle-ai review mode disable` exactly once (0.1779ms)
✔ quiet tool rendering registers noisy built-in tools (5.8486ms)
✖ quiet tool execution uses the tool-call cwd (175.651ms)
✔ quiet Bash rendering leaves configured shellPath outside its scope (#107) (5.2809ms)
✔ quiet tool rendering can be disabled by env (0.4907ms)
✔ pi-pretty suppresses overlapping tools before quiet tools register (2.2142ms)
✔ pi-pretty suppression is skipped when quiet tools are disabled (4.0532ms)
✔ quiet tool rendering uses bounded previews while preserving search summaries (5.5067ms)
✔ quiet tool rendering keeps compact collapsed summaries for search and listing tools (0.8144ms)
▶ quiet search and placeholder summaries preserve exact-result behavior
  ✔ grep (1.0199ms)
  ✔ exact (0.6422ms)
  ✔ collision (0.6255ms)
✔ quiet search and placeholder summaries preserve exact-result behavior (4.4828ms)
✔ quiet Bash errors preserve meaningful rows for both public output orderings (1.5568ms)
✔ quiet Bash normalizes compact JSON for bounded previews while keeping expanded text complete (1.0117ms)
✔ quiet tool rendering identifies only routine Gentle AI SDD and RDD commands (0.5551ms)
✔ quiet tool rendering refuses to compact composed Gentle AI shell commands (2.7313ms)
✔ quiet tool rendering hides every collapsed direct Gentle AI result and preserves expanded errors (23.3863ms)
✔ quiet tool rendering transitions one Gentle AI header through lifecycle states (1.8861ms)
✔ quiet Bash keeps direct Gentle AI calls seamless while streaming (6.096ms)
✔ quiet tool rendering displays only finite safe Gentle AI operation paths (13.6732ms)
✔ quiet tool rendering covers version and future standalone Gentle AI commands (2.4219ms)
✔ quiet tool rendering recognizes exact quoted, escaped, Windows, and command-prefixed Gentle AI executables (2.7726ms)
✔ quiet tool rendering recognizes only the exact resolved dev binary (3.898ms)
✔ quiet tool rendering keeps unregistered dev lookalikes and composed calls generic (2.4107ms)
✔ quiet tool rendering hides the routine partial result because the header owns state (1.5436ms)
✔ quiet tool rendering collapses grant calls to action and authorization-root cardinality (1.8433ms)
✔ quiet tool rendering counts grant authorization roots without rendering values (2.2426ms)
✔ quiet tool rendering hides invocation secrets from collapsed Gentle AI calls and results (1.1329ms)
✔ quiet tool rendering keeps shell compositions, expansions, and lookalikes generic (3.1827ms)
✔ quiet Bash previews semantic lines for generic JSON output (1.6277ms)
✔ quiet tool rendering keeps collapsed git bash result tails (0.3781ms)
✔ quiet tool rendering keeps concise collapsed edit and write summaries (0.6477ms)
✔ quiet tool rendering sanitizes collapsed output and call rows (1.3904ms)
✔ quiet tool rendering sanitizes only rendered fields (30.4138ms)
✔ quiet tool rendering call rows show tool calls without result output (1.0739ms)
✔ quiet tool rendering limits collapsed visual rows at the actual width (15.3823ms)
✔ quiet tool rendering classifies quoted and escaped literal shell metacharacters as direct Gentle AI calls (1.6975ms)
✔ quiet tool rendering keeps unescaped expansions inside double quotes generic (1.4103ms)
✔ quiet tool rendering recognizes a quoted exact dev override path containing spaces (1.2994ms)
✔ quiet tool rendering bounds and sanitizes partial text without a completion hint (1.7595ms)
✔ quiet tool rendering bounds completed previews, errors, and edit/write summaries (1.6427ms)
✔ quiet tool rendering preserves complete expanded text and delegates sanitized image reads (1.8155ms)
✔ quiet tool rendering preserves directional visual preview rows at narrow widths (5.0788ms)
✔ quiet tool rendering fails closed on unquoted shell expansions (6.4652ms)
✔ quiet tool rendering redacts only exact package-local executable paths with spaces (2.6621ms)
✔ quiet tool rendering respects command and env wrapper order (1.686ms)
✔ quiet tool rendering lets a final result promote a replayed call card to its outcome (1.5593ms)
✔ quiet tool rendering puts the expand key in the finished call card's top rule, not in the result (1.6644ms)
✔ trigger 5 (Verification rule) states the exact on-line routing: writer report is the verification of record (3.4487ms)
✔ trigger 5 states the exact off/unknown-line routing: the parent calls gentle_review's assess operation and follows the returned plan (0.3274ms)
✔ trigger 5 states the native risk tier table exactly once, with all four rows (0.5468ms)
✔ trigger 5 states the small-model bias and the unknown-never-lowers-a-tier rule (0.3197ms)
✔ trigger 5 keeps the parent spot check requirement in every tier (0.2994ms)
✔ trigger 5 states that the on branch holds only while the native review closes for this candidate, falling back to the off path exactly once (gentle-pi#668) (0.2881ms)
✔ the on-branch fallback sentence names all three non-closed triggers and never introduces a forbidden native RDD marker (0.5269ms)
✔ the on-line and off/unknown-line routing sentences appear exactly once each (normative statement lives only in trigger 5) (0.3167ms)
✔ trigger 5 never restates the retired #661 off/unknown non-trivial judgment (0.6093ms)
✔ the Simple Delegation paragraph references trigger 5 instead of restating the on/off/unknown routing (0.5478ms)
✔ delegation overlay's trigger 5 (Verification rule) is RDD-aware (0.5351ms)
✔ delegation overlay reserves separate exploration for parent routing decisions (0.5373ms)
✔ delegation overlay keeps the required headings (0.3207ms)
✔ worker asset declares the Verification section after Test discipline (0.4081ms)
✔ worker asset requires foreground, one-at-a-time verification with nothing left unreported (0.2966ms)
✔ worker asset reports each verification command as <exact command>: <observed result> in validation (0.2565ms)
✔ worker asset owns the canonical Known environmental failures definition (0.4193ms)
✔ delegation asset references the worker's Known environmental failures definition instead of restating it (0.368ms)
✔ worker asset never claims completion while a required verification command fails under RDD, except a named environmental failure (0.5976ms)
✔ worker keeps candidate review disposition and lifecycle parent-owned (0.3014ms)
✔ worker asset keeps the existing Return contract fields (0.311ms)
✔ renderRddStatusLine renders the fail-closed unknown line for an unresolved status (2.0873ms)
✔ renderRddStatusLine renders the effective mode and deciding source (0.2887ms)
✔ renderRddStatusLine fails closed to unknown for a malformed or partial status object (0.2858ms)
✔ resolveRddModeStatus reads the on status from a stubbed native reviewMode reader (1.043ms)
✔ resolveRddModeStatus reads the off status from a stubbed native reviewMode reader (0.2327ms)
✔ resolveRddModeStatus resolves to undefined when the native review CLI wrapper is null or absent (0.1848ms)
✔ resolveRddModeStatus resolves to undefined when the native reviewMode call rejects (0.4343ms)
✔ resolveRddModeStatus resolves to undefined within the deadline when reviewMode never settles (153.2291ms)
✔ resolveRddModeStatus memoizes a resolved status per cwd for RDD_STATUS_MEMO_TTL_MS (0.4982ms)
✔ resolveRddModeStatus re-reads once the memoized status expires (0.2554ms)
✔ resolveRddModeStatus memoizes independently per cwd (0.1462ms)
✔ resolveRddStatusLine renders on, off, and unavailable from the stubbed native reader (0.463ms)
✔ RDD_STATUS_TIMEOUT_MS is a small, positive bounded-deadline constant (0.1572ms)
✔ getOrchestratorPrompt renders the resolved RDD status line next to the background policy line (3.1825ms)
✔ getOrchestratorPrompt defaults to the worst-case unknown RDD status line (budget-critical path) (1.3903ms)
✔ the prompt cache key distinguishes on, off, and unknown so each renders a distinct prompt (1.4567ms)
✔ the on and off renders are never longer than the unknown (worst-case) render (1.7473ms)
✔ every read-only review actor leads its tool map with the deny-all rule (2.2879ms)
✔ a tool absent from the allowlist resolves to denied under the deny-all rule (1.5794ms)
✔ the deny-all rule never enables a tool and never empties the runtime allowlist (2.5903ms)
✖ agent_end after approved acknowledgement: same (473.6912ms)
✖ agent_end after approved acknowledgement: changed (452.3622ms)
✖ agent_end after approved acknowledgement: sibling-root (489.6433ms)
✖ agent_end after approved acknowledgement: nested-root (425.904ms)
✖ agent_end after approved acknowledgement: failed (425.2274ms)
✖ agent_end after approved acknowledgement: unknown (427.7941ms)
✖ agent_end after approved acknowledgement: shutdown (449.5677ms)
✖ agent_end after approved acknowledgement: other-session (484.0019ms)
✖ agent_end after approved acknowledgement: legacy-success (484.6486ms)
✖ agent_end after approved acknowledgement: new-write (431.8089ms)
✖ agent_end after approved acknowledgement: concurrent-write (406.6806ms)
✔ agent_end performs no STATUS call and sends nothing when RDD is off (191.624ms)
✔ agent_end nudges exactly once when RDD is on and STATUS offers review.start (364.7741ms)
✔ agent_end nudges once per target identity and again for a fresh identity (912.9464ms)
✔ agent_end sends nothing when STATUS offers collect or stop (747.9853ms)
✔ agent_end skips headless sessions before any native call (0.4464ms)
✔ agent_end pairs a named agent's start with its own end, then still nudges for the primary loop's end (392.2061ms)
✔ gentle-ai-worker agent_end never queries native review (167.7506ms)
✔ agent_end resets the subagent depth when a fresh primary loop starts (357.715ms)
✔ agent_end handler exists but sends nothing when nativeReviewCli is null (0.6559ms)
✔ agent_end sends nothing and does not throw when target STATUS rejects (352.127ms)
✔ session_shutdown ignores late agent_end after a consumed mutation (363.2798ms)
✔ agent_end restores pending receipts only for the active session branch: reload (769.4213ms)
✔ agent_end restores pending receipts only for the active session branch: fork (728.0433ms)
✔ agent_end restores pending receipts only for the active session branch: new (725.6853ms)
✔ agent_end restores pending receipts only for the active session branch: off-branch (804.0113ms)
✔ agent_end binds consumption to the captured mutation during async STATUS: concurrent-write (807.9036ms)
✔ agent_end binds consumption to the captured mutation during async STATUS: shutdown (402.4007ms)
✔ successful direct writes in another canonical root do not authorize this root's reminder (490.6452ms)
✔ unsuccessful or non-mutating direct read never authorizes shared STATUS (186.0904ms)
✔ unsuccessful or non-mutating direct bash never authorizes shared STATUS (195.686ms)
✔ unsuccessful or non-mutating direct subagent_run never authorizes shared STATUS (182.3158ms)
✔ unsuccessful or non-mutating direct edit never authorizes shared STATUS (203.1115ms)
✔ unsuccessful or non-mutating direct write never authorizes shared STATUS (187.5799ms)
✔ session_start negotiates the current target identity when RDD is on (237.8511ms)
✔ agent_end skips pre-session work, then nudges after an own mutation (738.4204ms)
✔ agent_end ignores a foreign session's changed target after read-only work (395.3613ms)
✔ agent_end still checks and reminds after this session's successful direct write (580.8604ms)
✔ agent_end reminds for an own write after startup with RDD off (612.133ms)
✔ agent_end reminds for an own write after startup STATUS rejects (741.8563ms)
✔ session_shutdown does not turn the baseline into an own mutation (435.4722ms)
✔ technical reference documents the narrow published native maintenance contract (1.4077ms)
✔ controller help keeps authorization, blocked outcomes, and recovery boundaries explicit (1.5756ms)
warning: in the working copy of 'file.txt', LF will be replaced by CRLF the next time Git touches it
✔ repository facade mutates under the portable atomic mkdir authority lock (920.3395ms)
✔ canonical JSON has stable bytes and domain hashes (3.5159ms)
✔ canonical JSON rejects invalid values and non-canonical input (2.6787ms)
✔ the native client exposes no legacy compact input parser (2.2657ms)
✔ compact finalize parser enforces the final evidence pairing and forecast range (1.9225ms)
✔ native finalize preserves arbitrary non-empty evidence text byte-for-byte (0.5445ms)
✔ targeted validation document keeps its strict provider-bound shape (1.6418ms)
warning: in the working copy of 'README.md', LF will be replaced by CRLF the next time Git touches it
warning: in the working copy of 'README.md', LF will be replaced by CRLF the next time Git touches it
warning: in the working copy of 'README.md', LF will be replaced by CRLF the next time Git touches it
Preparing worktree (new branch 'feature')
✔ no latch is recorded by default (650.2856ms)
✔ recording the latch is one-way: it reads back true, forever, with exact canonical bytes at mode 0600 (1169.3869ms)
✔ a linked worktree of the same clone shares one latch via the git common directory (967.6498ms)
✔ an unresolvable (non-Git) directory throws rather than silently reporting a latch (46.7198ms)
✔ primary consent is compact by default and opens exact details only with D (14.6316ms)
✔ context and complete effects precede enabled consent, while short terminals stay safe (14.1928ms)
✔ primary preserves provider risk reasons without paraphrasing (4.0842ms)
✔ selection anchors fitting effects despite long context and invalidates rapid confirmation (909.5044ms)
✔ fixed title separates an enormous provider context from anchored consent actions (6.712ms)
✔ fixed title uses a heading token without recoloring context or selection (1.7458ms)
✔ oversized selected consequences stay complete in read-only context without enabling consent (4259.1426ms)
✔ before_agent_start injects the mirrored review execution contract for the primary session (7.6004ms)
✔ before_agent_start does not inject the review execution contract for a named agent session (0.6343ms)
✔ before_agent_start does not inject the review execution contract for gentle-ai-worker (0.3504ms)
✔ before_agent_start does not inject the review execution contract for jd-fix-agent (0.3246ms)
✔ before_agent_start does not inject the review execution contract for an SDD executor session (1.1293ms)
✔ before_agent_start injects nothing when nativeReviewCli is null (1.9786ms)
✔ rejects a tampered mirror, accepts a matching one, and warns once (88.6573ms)
warning: in the working copy of 'app.ts', LF will be replaced by CRLF the next time Git touches it
warning: in the working copy of 'app.ts', LF will be replaced by CRLF the next time Git touches it
✔ INSPECT treats released lock residue as non-blocking and still blocks on live lock claims (993.1215ms)
✔ START precondition ignores released lock residue and still blocks on live lock claims (1005.9064ms)
✔ native reclaim and recover preserve their exact authority bindings (3.6749ms)
✔ native abandon carries the exact discarded-work authorization and audit record (0.7015ms)
✔ nativeReviewAbandonAuthorization renders the native eight-line v2 binding (0.1729ms)
✔ native quarantine retains published legacy-v1 maintenance compatibility (0.4518ms)
✔ native reconciliation accepts only its exact predecessor and successor binding (0.5021ms)
✔ native maintenance rejects tampered authority authorization before launch (0.6514ms)
✔ native authority inventory remains a strict read-only maintenance surface (15.1629ms)
✔ negotiated repair replays only provider-published inputs after a strict preflight (5.5598ms)
✔ native repair-legacy-alias keeps the historical fixed binding and rejects a tampered one before launch (2.1557ms)
✔ native recovery operations reject malformed canonical inputs before a process can mutate (0.9142ms)
✔ partial maintenance failures preserve the provider audit record and unknown mutation outcome (1.0536ms)
✔ RESET requests native reclaim inputs rather than inventing authority values (145.2836ms)
✔ RECOVER rejects caller-authored authorization before status, UI, or native mutation (126.5093ms)
✔ RECONCILE_AUTHORITY returns exact missing-input guidance before native mutation (121.3141ms)
✔ native abandon rejects a legacy authorization before process launch (0.5108ms)
✔ maintenance cancellation preserves the exact signal and unknown mutation outcome (1.0073ms)
✔ RECOVER derives a provider-bound authorization, rechecks it, and fails closed on every drift (706.7246ms)
✔ RECOVER, RESET, and RECONCILE keep provider inputs and failures authority-scoped (608.2897ms)
✔ destructive maintenance remains UI-gated and derives authorization at the public controller boundary (233.331ms)
✔ RECOVER requires a live UI decision and RECOVER_LOCK requires its owner binding (587.6994ms)
✔ REPAIR_LEGACY_ALIAS derives its immutable target from fresh native inventory (238.5579ms)
fatal: not a git repository (or any of the parent directories): .git
fatal: not a git repository (or any of the parent directories): .git
fatal: not a git repository (or any of the parent directories): .git
fatal: not a git repository (or any of the parent directories): .git
✔ EXPORT is retired: returns a structured not-supported envelope without touching disk (62.53ms)
✔ EXPORT retirement does not require the legacy transport parameters (56.3405ms)
✔ IMPORT is retired: returns a structured not-supported envelope even when acknowledged (50.2953ms)
✔ IMPORT retirement does not require the legacy transport parameters (55.4552ms)
✔ controller SDD status treats removed OpenSpec recovery authority and deleted marker as blocking (2188.9856ms)
✔ controller SDD status ignores recovery-required review markers after terminal burn (733.6895ms)
✔ controller keeps graph-v1 ordinary mutation read-only while preserving repository-file input confinement (3141.2424ms)
✔ controller rejects graph-style ADVANCE without graph-v1 authority (1117.1892ms)
✔ controller successfully starts the explicitly supported judgment-day mode (1728.7669ms)
✔ general STATUS returns the typed native-status-unsupported boundary without authority selection (1.6468ms)
✔ gentle-pi#185: general STATUS on a non-negotiated native CLI names the exact status command to run (638.3056ms)
✔ failed START gives exact mode and serialization guidance and creates no lineage (716.9254ms)
✔ shipped controller fails closed while static prompts defer RDD lifecycle ownership to Gentle AI (4.1468ms)
✔ captured correction-required result preserves the provider status continuation (2.8898ms)
✔ correction status continuation stays bound to its enclosing closure and provider target (3.5689ms)
✔ correction-required result and refuter closures require one status continuation (0.499ms)
✔ closures outside result or refuter correction-required forbid a status continuation (0.4413ms)
✔ current capture fails closed when fresh STATUS no longer offers the corrected candidate binding (125.4426ms)
✔ the outcome domain is exactly the three closed provider values (3.3064ms)
✔ an outcome outside the closed domain is rejected with no step and no charge (1.364ms)
✔ a missing or non-string outcome is refused rather than defaulted (2.0609ms)
✔ passed is the only outcome that unlocks targeted validation (0.4663ms)
✔ verification_failed keeps the transaction open and charges nothing (0.4318ms)
✔ verification_failed carries the prior identity as supersedes and demands a NEW capture (0.4432ms)
✔ verification_failed never consumes budget even when lines were already charged (0.2834ms)
✔ procedural_tooling_failed escalates terminally before any retry is eligible (0.5091ms)
✔ every closed outcome resolves to exactly one distinct step kind (0.2685ms)
✔ a second capture with a distinct identity and an unchanged prior record is accepted (0.4688ms)
✔ a second capture reusing the prior evidence identity is correction-evidence-replaced (0.2275ms)
✔ a prior evidence record whose bytes changed is correction-evidence-replaced (0.195ms)
✔ a prior evidence record that no longer resolves is correction-evidence-replaced (0.1478ms)
✔ the step machine is pure: repeated calls on frozen input return equal results and mutate nothing (0.1384ms)
warning: in the working copy of 'internal/parser.go', LF will be replaced by CRLF the next time Git touches it
Preparing worktree (new branch 'feature/fence-info')
✔ STATUS keeps hydrating and stays read-only when hydration fails (52897.0241ms)
warning: in the working copy of 'app.ts', LF will be replaced by CRLF the next time Git touches it
warning: in the working copy of 'app.ts', LF will be replaced by CRLF the next time Git touches it
warning: in the working copy of 'app.ts', LF will be replaced by CRLF the next time Git touches it
warning: in the working copy of 'app.ts', LF will be replaced by CRLF the next time Git touches it
warning: in the working copy of 'app.ts', LF will be replaced by CRLF the next time Git touches it
warning: in the working copy of 'app.ts', LF will be replaced by CRLF the next time Git touches it
warning: in the working copy of 'app.ts', LF will be replaced by CRLF the next time Git touches it
warning: in the working copy of 'app.ts', LF will be replaced by CRLF the next time Git touches it
warning: in the working copy of 'app.ts', LF will be replaced by CRLF the next time Git touches it
warning: in the working copy of 'app.ts', LF will be replaced by CRLF the next time Git touches it
warning: in the working copy of 'app.ts', LF will be replaced by CRLF the next time Git touches it
warning: in the working copy of 'app.ts', LF will be replaced by CRLF the next time Git touches it
warning: in the working copy of 'app.ts', LF will be replaced by CRLF the next time Git touches it
warning: in the working copy of 'app.ts', LF will be replaced by CRLF the next time Git touches it
warning: in the working copy of 'app.ts', LF will be replaced by CRLF the next time Git touches it
warning: in the working copy of 'app.ts', LF will be replaced by CRLF the next time Git touches it
warning: in the working copy of 'app.ts', LF will be replaced by CRLF the next time Git touches it
warning: in the working copy of 'app.ts', LF will be replaced by CRLF the next time Git touches it
warning: in the working copy of 'app.ts', LF will be replaced by CRLF the next time Git touches it
warning: in the working copy of 'app.ts', LF will be replaced by CRLF the next time Git touches it
warning: in the working copy of 'app.ts', LF will be replaced by CRLF the next time Git touches it
warning: in the working copy of 'app.ts', LF will be replaced by CRLF the next time Git touches it
warning: in the working copy of 'app.ts', LF will be replaced by CRLF the next time Git touches it
warning: in the working copy of 'app.ts', LF will be replaced by CRLF the next time Git touches it
warning: in the working copy of 'app.ts', LF will be replaced by CRLF the next time Git touches it
warning: in the working copy of 'app.ts', LF will be replaced by CRLF the next time Git touches it
warning: in the working copy of 'app.ts', LF will be replaced by CRLF the next time Git touches it
warning: in the working copy of 'app.ts', LF will be replaced by CRLF the next time Git touches it
warning: in the working copy of 'app.ts', LF will be replaced by CRLF the next time Git touches it
warning: in the working copy of 'app.ts', LF will be replaced by CRLF the next time Git touches it
HEAD is now at 2f3a189 base
warning: in the working copy of 'ancestor.ts', LF will be replaced by CRLF the next time Git touches it
warning: in the working copy of 'app.ts', LF will be replaced by CRLF the next time Git touches it
warning: in the working copy of 'app.ts', LF will be replaced by CRLF the next time Git touches it
warning: in the working copy of 'app.ts', LF will be replaced by CRLF the next time Git touches it
warning: in the working copy of 'app.ts', LF will be replaced by CRLF the next time Git touches it
warning: in the working copy of 'app.ts', LF will be replaced by CRLF the next time Git touches it
warning: in the working copy of 'app.ts', LF will be replaced by CRLF the next time Git touches it
warning: in the working copy of 'app.ts', LF will be replaced by CRLF the next time Git touches it
warning: in the working copy of 'app.ts', LF will be replaced by CRLF the next time Git touches it
warning: in the working copy of 'app.ts', LF will be replaced by CRLF the next time Git touches it
warning: in the working copy of 'app.ts', LF will be replaced by CRLF the next time Git touches it
warning: in the working copy of 'app.ts', LF will be replaced by CRLF the next time Git touches it
warning: in the working copy of 'app.ts', LF will be replaced by CRLF the next time Git touches it
warning: in the working copy of 'app.ts', LF will be replaced by CRLF the next time Git touches it
warning: in the working copy of 'app.ts', LF will be replaced by CRLF the next time Git touches it
warning: in the working copy of 'app.ts', LF will be replaced by CRLF the next time Git touches it
warning: in the working copy of 'app.ts', LF will be replaced by CRLF the next time Git touches it
warning: in the working copy of 'app.ts', LF will be replaced by CRLF the next time Git touches it
warning: in the working copy of 'app.ts', LF will be replaced by CRLF the next time Git touches it
warning: in the working copy of 'app.ts', LF will be replaced by CRLF the next time Git touches it
warning: in the working copy of 'app.ts', LF will be replaced by CRLF the next time Git touches it
warning: in the working copy of 'app.ts', LF will be replaced by CRLF the next time Git touches it
warning: in the working copy of 'app.ts', LF will be replaced by CRLF the next time Git touches it
warning: in the working copy of 'app.ts', LF will be replaced by CRLF the next time Git touches it
warning: in the working copy of 'app.ts', LF will be replaced by CRLF the next time Git touches it
warning: in the working copy of 'app.ts', LF will be replaced by CRLF the next time Git touches it
warning: in the working copy of 'app.ts', LF will be replaced by CRLF the next time Git touches it
warning: in the working copy of 'app.ts', LF will be replaced by CRLF the next time Git touches it
warning: in the working copy of 'app.ts', LF will be replaced by CRLF the next time Git touches it
warning: in the working copy of 'app.ts', LF will be replaced by CRLF the next time Git touches it
warning: in the working copy of 'app.ts', LF will be replaced by CRLF the next time Git touches it
warning: in the working copy of 'app.ts', LF will be replaced by CRLF the next time Git touches it
warning: in the working copy of 'app.ts', LF will be replaced by CRLF the next time Git touches it
warning: in the working copy of 'app.ts', LF will be replaced by CRLF the next time Git touches it
warning: in the working copy of 'app.ts', LF will be replaced by CRLF the next time Git touches it
warning: in the working copy of 'app.ts', LF will be replaced by CRLF the next time Git touches it
warning: in the working copy of 'app.ts', LF will be replaced by CRLF the next time Git touches it
warning: in the working copy of 'app.ts', LF will be replaced by CRLF the next time Git touches it
warning: in the working copy of 'app.ts', LF will be replaced by CRLF the next time Git touches it
warning: in the working copy of 'app.ts', LF will be replaced by CRLF the next time Git touches it
warning: in the working copy of 'app.ts', LF will be replaced by CRLF the next time Git touches it
warning: in the working copy of 'app.ts', LF will be replaced by CRLF the next time Git touches it
warning: in the working copy of 'app.ts', LF will be replaced by CRLF the next time Git touches it
✔ unsafe publication Git environment matching preserves actual mixed-case keys (2.6642ms)
✔ unbranded receipts are rejected before lifecycle gate evaluation (3045.6222ms)
✔ authoritative receipts cannot be validated through another repository store (6240.8972ms)
✔ exact intended commit target allows with zero actors and journal replay is stable (4753.932ms)
✔ exact gate retries replay before stale receipt binding while new requests still deny (4892.4855ms)
✔ intended commit target denies when the actual staged tree drifted after approval (3542.5768ms)
✔ changed exact target returns one deterministic child with a non-refreshing budget (5375.0061ms)
✔ push gate allows normal same-name updates while preserving exact-old and create rules (9831.0058ms)
▶ push gate treats only successful empty output as absent and fails closed on probe failures
  ✖ nonzero (1211.6016ms)
  ✖ malformed (1188.2413ms)
  ✖ ambiguous (1233.7714ms)
✖ push gate treats only successful empty output as absent and fails closed on probe failures (8266.4368ms)
✔ push CREATE rejects unreviewed ancestor history (5249.2653ms)
✔ PR and release gates resolve exact refs, commits, tag objects, peels, and trees (5165.3695ms)
✔ unsupported, ambiguous, nonexistent, and non-approved targets fail closed (3417.6726ms)
✔ scope child claim and parent gate journal publish atomically across faults (5618.6842ms)
✔ release fast path independently accepts complete successful Check Runs despite a pending legacy status (4908.1372ms)
✔ release fast path proves the immutable origin/main SHA and ignores local branch position and worktree dirtiness (2418.719ms)
✔ release fast path fails closed when the tag does not target the current immutable origin/main SHA (2348.5434ms)
✔ release fast path requires successful required CI bound to the exact origin/main SHA (3076.1521ms)
✔ release fast path fails closed on escalating or invalidating fresh risk evidence (2649.0364ms)
✔ major, post-incident, and unprovable-version releases always require explicit extraordinary review (2313.0451ms)
✔ release fast path treats vX.0.0 and pre-1.0 v0.Y.0 minor bumps as major-equivalent, while v0.Y.Z patch releases remain eligible (2706.2689ms)
✔ release fast path applies only to protected main with a provable remote head and exact tag identity (2478.0526ms)
✔ release fast path denies a remote endpoint that is not the repository's actually configured remote name (2703.0494ms)
✔ release fast path requires independently derived CI success via the gh CLI bound to the exact remote SHA — caller-supplied CI evidence alone is never sufficient (3516.3652ms)
✔ release fast path remote head recheck detects an advanced or unresolvable protected main before tag push (2780.4136ms)
✔ event identity commits to canonical body and predecessor (3.3034ms)
✔ schema rejects invalid genesis and tampered event identities (1.4391ms)
✔ event schema commits a canonical reducer transition and input (2.4638ms)
✔ graph-v1 rejects the discarded ordinary follow-up lifecycle transition (0.3269ms)
warning: in the working copy of 'app.ts', LF will be replaced by CRLF the next time Git touches it
warning: in the working copy of 'app.ts', LF will be replaced by CRLF the next time Git touches it
warning: in the working copy of 'app.ts', LF will be replaced by CRLF the next time Git touches it
warning: in the working copy of 'app.ts', LF will be replaced by CRLF the next time Git touches it
✔ an unachievable declaration survives the controller restart as a typed stop, not a reoffer (5753.8682ms)
✔ a fresh controller process reoffers the exact public binding before one capture closes (14097.3993ms)
✔ every provider-owned binding drift forbids a capture after restart (16668.8719ms)
✔ a missing restarted reoffer exposes no public binding and forbids capture (5731.6798ms)
warning: in the working copy of 'app.ts', LF will be replaced by CRLF the next time Git touches it
warning: in the working copy of 'app.ts', LF will be replaced by CRLF the next time Git touches it
warning: in the working copy of 'app.ts', LF will be replaced by CRLF the next time Git touches it
warning: in the working copy of 'app.ts', LF will be replaced by CRLF the next time Git touches it
warning: in the working copy of 'app.ts', LF will be replaced by CRLF the next time Git touches it
warning: in the working copy of 'app.ts', LF will be replaced by CRLF the next time Git touches it
warning: in the working copy of 'app.ts', LF will be replaced by CRLF the next time Git touches it
warning: in the working copy of 'app.ts', LF will be replaced by CRLF the next time Git touches it
warning: in the working copy of 'app.ts', LF will be replaced by CRLF the next time Git touches it
warning: in the working copy of 'app.ts', LF will be replaced by CRLF the next time Git touches it
warning: in the working copy of 'app.ts', LF will be replaced by CRLF the next time Git touches it
warning: in the working copy of 'app.ts', LF will be replaced by CRLF the next time Git touches it
warning: in the working copy of 'app.ts', LF will be replaced by CRLF the next time Git touches it
warning: in the working copy of 'app.ts', LF will be replaced by CRLF the next time Git touches it
warning: in the working copy of 'app.ts', LF will be replaced by CRLF the next time Git touches it
warning: in the working copy of 'app.ts', LF will be replaced by CRLF the next time Git touches it
warning: in the working copy of 'app.ts', LF will be replaced by CRLF the next time Git touches it
warning: in the working copy of 'app.ts', LF will be replaced by CRLF the next time Git touches it
warning: in the working copy of 'app.ts', LF will be replaced by CRLF the next time Git touches it
warning: in the working copy of 'app.ts', LF will be replaced by CRLF the next time Git touches it
warning: in the working copy of 'app.ts', LF will be replaced by CRLF the next time Git touches it
warning: in the working copy of 'app.ts', LF will be replaced by CRLF the next time Git touches it
warning: in the working copy of 'app.ts', LF will be replaced by CRLF the next time Git touches it
warning: in the working copy of 'app.ts', LF will be replaced by CRLF the next time Git touches it
warning: in the working copy of 'app.ts', LF will be replaced by CRLF the next time Git touches it
warning: in the working copy of 'app.ts', LF will be replaced by CRLF the next time Git touches it
warning: in the working copy of 'app.ts', LF will be replaced by CRLF the next time Git touches it
warning: in the working copy of 'app.ts', LF will be replaced by CRLF the next time Git touches it
warning: in the working copy of 'app.ts', LF will be replaced by CRLF the next time Git touches it
✔ one materialize binding routes exactly one provider slot through the host relay (401.2709ms)
✔ Pi-authored review documents are rejected at the capture input boundary (301.4612ms)
✔ grouped capture forecasts once, reaches a four-reviewer barrier, and reconciles unclosed submissions (563.5672ms)
✔ captured v5 STATUS accepts capture-phase Pn when authority has advanced to Rn at the forecast boundary (437.875ms)
✔ group rejects STATUS repository target mismatch and per-slot revision, context, or target drift before launch (782.9542ms)
✔ group rejects absent or mismatched current repository context before launch (651.5274ms)
✔ group rejects partial, duplicate, reordered, stale, mixed, and late-invalid bindings before launch (1059.8602ms)
✔ group preserves earlier admission when a later STATUS drifts, and stops on closure or unknown outcome (832.2453ms)
✔ an old binary reports the relay as unavailable without touching existing behavior (477.461ms)
✔ a handshake refusal surfaces the provider refusal verbatim through the controller envelope (425.031ms)
✔ a transport failure stops the selected capture without auto-follow (421.5711ms)
✔ an admission refusal reaches the model as a proven non-mutation carrying the refusal and a continuation (432.7834ms)
✔ a submission whose outcome is genuinely indeterminate still reconciles through STATUS and carries its evidence (446.9838ms)
✔ a relay timeout reports its one-slot measurements and no auto-follow (422.2357ms)
✔ a deterministic pi timeout declares the slot unachievable and renders the typed stop (394.4733ms)
✔ repairable submission refusals retain the exact-slot retry path (590.4877ms)
✔ a stop whose slots do not match the declared identity reports a reconciliation failure (446.4392ms)
✔ a stop carrying several declared slots exposes only the one this session declared (494.5769ms)
✔ a bound STATUS that reoffers the collect transition instead of the stop reports a reconciliation failure (434.5258ms)
✔ a bound STATUS stop with a foreign reason code or no transition reports a reconciliation failure (538.9361ms)
✔ an unachievable stop renders the withdraw hint only for the requested lineage (564.5529ms)
✔ an unknown-verb refusal falls back to today's transport-failure behavior (472.0652ms)
✔ a refused declaration surfaces both failures instead of the transport fall-back (410.2049ms)
✔ a declaration failure whose envelope already committed propagates its mutation state (398.5062ms)
✔ an unknown declaration outcome is proven committed by one bound STATUS re-query (363.0329ms)
✔ a malformed declaration error without an envelope keeps mutation none (360.2676ms)
✔ a non-timeout transport failure keeps its generic continuation and now carries its measurements (424.8848ms)
✔ materialize tokens without a provider submission fail closed as a typed contract mismatch (404.8647ms)
✔ collect inputs without the provider-issued materialize token never reach the relay (493.6321ms)
✖ the central native CLI runner declares the relay contract on every gentle-ai spawn (23.0003ms)
✔ relay contract constants are the compiled gentle-ai handshake values (0.6831ms)
✖ relay happy path moves prompt and result bytes verbatim through a fresh empty scratch pi subprocess (12.5009ms)
✖ the pi lockdown argv is pinned exactly with no model or provider selection (7.3356ms)
✖ preparation snapshots mutable submission tokens and values before materialization (21.4968ms)
✖ preparation keeps reviewer bytes private through deferred submission (9.4307ms)
✖ the supplied AbortSignal stays live through deferred submission (8.0457ms)
✖ four reviewers cross a shared barrier before any result submission can begin (11.8637ms)
✔ four reviewer results retain provider order when their preparation resolves in reverse (5.584ms)
✔ partial reviewer failures wait for a later pending transport and report the first provider-ordered error (15.1919ms)
✖ materialize nonzero exit fails closed with a typed error and never launches pi or submits (10.8234ms)
✖ an empty materialized prompt fails closed before pi launches (6.144ms)
✖ pi nonzero exit fails closed with a typed error and no submission (5.9575ms)
✖ empty pi stdout fails closed with a typed error and no submission (5.5721ms)
✖ pi timeout fails closed with a typed error and no submission (7.1482ms)
✔ the reviewer bound scales with materialized prompt bytes instead of one fixed number (0.4672ms)
✔ the reviewer bound honours the environment override and ignores malformed values (0.5051ms)
✖ the production relay path resolves the reviewer bound from the environment, with no injected timeout (8.8159ms)
✖ a relay Pi timeout keeps its typed mapping and timing evidence when opaque scratch cleanup also fails (10.0582ms)
✖ a killed reviewer reports elapsed, limit, and what to change instead of an opaque transport failure (8.3861ms)
✖ a crashed reviewer stays distinguishable from a killed one and still carries its measurements (7.7758ms)
✖ submission refusal is a typed error whose outcome is unknown pending STATUS (11.9919ms)
✖ a reviewer printing garbage is refused at admission as a proven non-mutation carrying Go's refusal (9.6462ms)
✖ a reviewer echoing a different subject is refused at admission as a proven non-mutation carrying Go's continuation (7.4097ms)
✖ a submission the fake admits with the expected subject still completes (8.3299ms)
✖ submission refusal preserves its primary evidence when result staging cleanup also fails (6.5877ms)
✖ relay scratch and staging directories are removed after failures too (6.1377ms)
✖ a result staging cleanup failure remains a typed submit failure (8.8616ms)
✖ an old binary's unknown-flag refusal classifies as relay-unavailable with the exact report (6.4649ms)
✖ a handshake refusal surfaces the provider refusal verbatim (10.9044ms)
✔ refusal classification distinguishes unknown-flag, handshake, and other (0.6463ms)
✔ the unachievable predicate names only deterministic slot failures (0.9086ms)
✔ only provider-issued pi --materialize capture-result inputs become relay slots (1.1932ms)
✔ relay input validation rejects empty or malformed inputs before any process launches (0.492ms)
✔ a materialize slot without a provider submission fails closed before any process launches (8.3345ms)
✔ a submission form the relay cannot bind is a typed contract mismatch, never a repaired invocation (4.5664ms)
✔ resolveReviewHostRelaySubmission returns the provider binding untouched (0.3341ms)
✔ the negotiated decoder carries the provider submission through the capture-result collect input (2.6334ms)
✔ captured capabilities retain their exact schema identity (5.5869ms)
✔ historical v3 FINALIZE status remains rejected without rewriting fixture bytes (1.6518ms)
✔ v5 STATUS rejects malformed receipt status, identity, and extra fields (1.076ms)
✔ legacy-v1 v5 STATUS accepts only its two compatible receipt states (5.6548ms)
✔ captured terminal closure decodes without a compatibility status projection (1.4582ms)
✔ derived and pinned capabilities remain separately schema-pinned (1.756ms)
✔ capabilities reject a protocol minor that disagrees with their exact identity (0.6579ms)
✔ captured v5 STATUS preserves its provider forecast and collect binding (0.6054ms)
✔ v3 status identity rejects v5-only forecast fields (0.4778ms)
✔ captured v5 STATUS retains its opaque repository context reference (0.8641ms)
✔ the singular v5 capture-result submission normalizes to one typed value (0.7493ms)
✔ the singular capture-result form rejects competing legacy values (1.7533ms)
✔ consent/v3 accepts the Pi runtime only when its exact agent binding matches (3.9027ms)
✔ consent identities remain cross-decoder incompatible (1.5347ms)
✔ captured granted START keeps its repository-context event binding (1.6041ms)
✔ result artifacts retain mutually exclusive reference and path locators (1.1902ms)
✔ result artifacts reject a second locator (0.5587ms)
✔ nonuniform role capture closures retain their exact upstream operation identities (0.9322ms)
✔ the derived capabilities/v2.1 payload decodes with protocol minor 1 (1.3066ms)
✔ a status/v3 payload never carries a top-level repository context (0.9229ms)
✔ a v5 forecast requires the next transition and a coherent horizon (1.9579ms)
✔ a v5 provider role task input decodes and is confined to external.run_provider_role (0.9438ms)
✔ the v3 identity keeps rejecting the singular capture-result value form (0.5261ms)
✔ the v3 next transition keeps rejecting every v5-only surface (0.4883ms)
✔ consent/v3 keeps every v2 semantic guard and rejects agents outside the fixed runtime contract (1.157ms)
✔ start/v3 repository context event fields stay optional and exact (1.5074ms)
✔ a result artifact rejects unknown keys and weakened bindings (0.5032ms)
✔ capabilities/v2.3 retains status/v5 while v2.4 requires status/v6 (2.1161ms)
✔ capabilities/v2.5 negotiates the v2.6.0 advertisement and status/v7 decodes the eligible untracked inventory (4.9526ms)
✔ status/v6 decodes and enforces the intended-untracked selection submission (7.2235ms)
✔ START/v4 accepts only its reviewing status continuation and preserves v3 strictness (2.8244ms)
✔ START/v4 falls back to the frozen overlay target when repository_context is absent (1.0784ms)
✔ START/v4 rejects status vectors that drift from frozen bindings (4.3868ms)
✔ START/v4 rejects incomplete or incoherent provider-owned status selectors (9.9046ms)
✔ START/v4 closed approval keeps acknowledgement but forbids a continuation (0.8792ms)
✔ review-acknowledged/v1 decodes the captured burn envelope exactly (0.5111ms)
✔ review-acknowledged/v1 rejects identity drift, foreign fields, and a binding that names another burn (2.371ms)
✔ review-acknowledged/v1 is disjoint from every prior captured identity in both directions (4.4111ms)
✔ v7 escalation is typed metadata and preserves native stop authority (1.2433ms)
✔ v7 escalation strictly decodes all causes and optional refuter evidence (12.9286ms)
✔ current review integration fixtures decode (5.9672ms)
✔ capabilities enforce every required top-level and nested property (7.0636ms)
✔ capabilities reject additional properties at every exact object boundary (2.0841ms)
✔ capabilities reject an incompatible protocol identity (0.8365ms)
✔ START enforces required, exact, and enum-bounded payloads (3.3495ms)
✔ start/v3 transports the published selected_lenses wire contract without Pi-owned risk policy (3.7456ms)
✔ historical status fixture with a receipt is rejected after receipt retirement (1.6197ms)
✔ projection enforces every required property and rejects additional keys (1.9653ms)
✔ failure enforces exact keys, enums, and identifiers (1.6536ms)
✔ failure with code managed_assets_outdated decodes its continuation, degrades without one, and forbids it elsewhere (1.5648ms)
✔ net-new decoders: consent, next-transition, and artifact-subject reject malformed payloads (2.6755ms)
✔ authority repair assessment decodes eligible and unsupported statuses (0.9882ms)
✔ repair execute-without-execution is rejected (0.4992ms)
✔ capabilities enforce the exact mandatory feature set while accepting a superset of advertised operations (1.762ms)
✔ capabilities gates and projections accept an additive superset beyond the required floor (1.1177ms)
✔ capabilities gates and projections still enforce the required floor (0.8604ms)
✔ START independently binds base/candidate tree and the target-mode overlay pair (1.3299ms)
✔ failure context accepts scope_change or binding_revision but rejects both or neither (0.6222ms)
✔ consent rejects a swapped choice order, invalid answer domain, or invocation outside the frozen target (0.7097ms)
✔ next_transition decodes an execute variant and rejects a stop that carries a transition (0.6998ms)
✔ next_transition stop decodes a managed_assets_outdated continuation and rejects a malformed one (0.9665ms)
✔ next_transition stop decodes unachievable_lens_slots and their withdraw bindings only on that reason code (1.3186ms)
✔ next_transition stop refuses an unachievable slot whose withdraw arguments disagree with its identity (0.5887ms)
✔ next_transition stop refuses duplicate identities and non-exact withdraw commands (0.9423ms)
✔ next_transition stop requires exactly one canonical --withdraw=true argument (0.546ms)
✔ next_transition stop bounds an unachievable slot detail at 512 UTF-8 bytes (0.3793ms)
✔ acknowledgement execute rejects decoy bindings, closed-vector drift, and malformed approval (1.101ms)
✔ repair decodes a committed execute result and rejects a non-eligible preflight carrying provider_inputs (0.3895ms)
✔ artifact-subject accepts an optional correction_target_identity (0.4418ms)
✔ repair eligible preflight with wrong required_inputs order is rejected (0.2247ms)
✔ next_transition.execute accepts the optional selector_arguments and artifacts the schema declares (0.248ms)
✔ next_transition decodes the self-contained provider role capture vectors strictly (1.0834ms)
✔ v5 targeted-validator collect inputs carry the exact provider-owned validation request (2.0819ms)
✔ status.frozen carries the optional frozen manifest digest (1.0239ms)
✔ a capture-result collect input decodes without changed_path_manifest, which the artifact subject digest already binds (0.8431ms)
✔ status enforces authority/frozen/receipt conditionals and decodes the required repair field (1.14ms)
✔ next_transition.execute.binding stays open, as its schema declares no properties (0.242ms)
✔ strictly decodes the real zero-lens closed START and every last-event closure (6.2445ms)
✔ approved closure preserves complete admitted reviewer results before acknowledgement (0.9384ms)
✔ retired legacy client no longer exposes a FINALIZE route (0.1637ms)
✔ one exact offered materialize binding executes only its selected slot and never follows STATUS (121.2036ms)
✔ malformed, stale, duplicate, and incomplete collect bindings reject before capture mutation (1228.8336ms)
✔ forecast spends zero and acknowledgement runs exactly one materialize reviewer (258.1973ms)
✔ correction-plan preserves exact provider tokens and bounds without a follow-up lifecycle call (338.6765ms)
✔ refuter and validation each execute one self-contained provider vector (226.7443ms)
✔ terminal capture closes directly, nonterminal capture does not auto-follow, and unknown mutation reconciles once (239.4561ms)
✔ unknown-capture reconciliation preserves agentless legacy callers and forwards an explicit Pi agent (1.6093ms)
✔ unknown targeted-validator capture reconciliation requires current exact authority and target (639.7956ms)
✔ unknown-capture reconciliation rejects a binding without a target identity (0.6319ms)
✔ the approved acknowledgement fixture decodes as a runnable continuation (0.6806ms)
✔ an approved acknowledgement must prove the target its relayed token burns (0.2744ms)
✔ an unreadable acknowledgement degrades the continuation, never the approval (0.1685ms)
✔ canonical contract defines compact risk, causal admission, correction, CAS, compatibility, and the delivery boundary (5.5241ms)
✔ assets/agents/review-risk.md requires causal evidence and remains a one-shot read-only result producer (0.7237ms)
✔ assets/agents/review-resilience.md requires causal evidence and remains a one-shot read-only result producer (0.6319ms)
✔ assets/agents/review-readability.md requires causal evidence and remains a one-shot read-only result producer (0.6261ms)
✔ assets/agents/review-reliability.md requires causal evidence and remains a one-shot read-only result producer (0.4719ms)
✔ packaged ordinary review lenses resolve their Markdown file dependencies (3.5624ms)
✔ ordinary review dependencies allow packaged files and reject unresolved paths (2.6674ms)
✔ ordinary lens prompts contain the literal compact-v2 native result envelope (1.8352ms)
✔ canonical ordinary review specs preserve the negotiated one-correction contract (0.7817ms)
✔ historical lifecycle change specs preserve their completed one-attempt design context (0.9484ms)
✔ risk lens distinguishes trusted orchestration from concrete boundary bypasses (0.6983ms)
✔ the Pi-owned adversarial role agents are retired: roles execute through Go-owned pi processes (0.7848ms)
✔ assets/agents/jd-judge-a.md preserves graph-v1 Judgment Day discovery and scoped re-judgment (0.2825ms)
✔ assets/agents/jd-judge-b.md preserves graph-v1 Judgment Day discovery and scoped re-judgment (0.233ms)
✔ Judgment Day judge prompts contain distinct graph-v1 discovery and re-judgment shapes (1.4905ms)
✔ Judgment Day canonical and packaged surfaces preserve the independent lifecycle (0.856ms)
✔ Judgment Day skill and prompts preserve bounded fix and re-judgment authority (0.8741ms)
✔ Judgment Day fix routing has one canonical shape and never falls back to generic roles (1.5946ms)
✔ orchestrator, injected skill, and technical reference defer RDD lifecycle ownership to Gentle AI (2.3268ms)
✔ technical reference documents the dynamic runtime authority boundary without an old package route (0.5772ms)
✔ managed contracts retain no fresh lifecycle review directive (1.014ms)
✔ static 4R chain runs each selected lens once and owns no orchestration (0.2732ms)
✔ exclusive lock acquisition requires its owner token to release (34.1203ms)
✔ active and ambiguous lock ownership fail closed during recovery (10.4218ms)
✔ stale recovery moves only the observed owner into a persistent token-fenced quarantine (12.9817ms)
✔ production owner-death proof only accepts a conclusively absent process (0.5445ms)
✔ production lock uses atomic mkdir and releases only the observed owner (12.6073ms)
✔ stale lock recovery succeeds via the default production platform without an injected test adapter (5.9856ms)
✔ default production lock platform preserves no-replace semantics when the quarantine destination is already occupied (7.1968ms)
✔ qualified production moveNoReplace never replaces an existing destination file on any platform (7.171ms)
✔ qualified production moveNoReplace never replaces an existing destination directory on any platform (8.9743ms)
✔ incomplete acquisition may be quarantined only with a dead durable intent (14.1178ms)
warning: in the working copy of 'README.md', LF will be replaced by CRLF the next time Git touches it
✔ repository factory resolves the graph object path beneath the exact common directory (574.6515ms)
✔ immutable event installation is idempotent and rejects conflicting bytes (10.2688ms)
✔ CURRENT only selects a root after a two-slot quorum and preserves old-or-new authority (28.2255ms)
✔ root publication exposes the old quorum when a fault occurs before the second new slot (36.452ms)
✔ genesis quorum-loss crash is forward-recoverable when exactly one unambiguous candidate root set exists (28.6771ms)
✔ genesis repair stays fail closed when two candidate root sets are ambiguous (19.2458ms)
✔ genesis repair stays fail closed when the sole candidate root set is corrupted (10.3774ms)
✔ root successors must name the current root and repair restores only a quorum-backed pointer (34.7164ms)
✔ explicit Judgment Day starts with exactly two blind judges and zero refuters (22.6121ms)
✔ Judgment Day with no severe findings skips fixes and re-judgment then verifies once (0.8179ms)
✔ Judgment Day permits at most two scoped fix and re-judgment rounds (1.8611ms)
✔ findings surviving round two escalate and expose no third-round edge (1.2877ms)
✔ Judgment Day reducer rejects ordinary mode without changing its counters (0.5639ms)
✔ ordinary discovery runs the selected zero, one, or four lenses exactly once (17.8065ms)
✔ ordinary discovery enforces selected lenses and normalizes severe actor rows fail closed (1.2404ms)
✔ no-finding ordinary path runs zero refuters, fixes, and validators then verifies once (1.4502ms)
✔ ordinary uses at most one complete-list refuter, one fix, one targeted validator, and one final verification (4.3208ms)
✔ ordinary corroboration has explicit no-fix and zero-budget paths to terminal escalation (2.4447ms)
✔ inconclusive or incomplete evidence escalates without a second refuter (0.9706ms)
✔ validator cannot alter frozen claims, add findings, repeat, or hide regressions (2.0627ms)
✔ failed final verification escalates and ordinary rejects Judgment Day state (0.7133ms)
✔ ordinary fixes require exact genesis-scoped IDs and targeted validation evidence (1.2188ms)
✔ ordinary fixes reject omitted and extra frozen IDs independently of path scope (1.5737ms)
✔ targeted validation requires one passing regression proof for every frozen ID (2.1258ms)
✔ targeted validation rejects action-bearing follow-ups and preserves sorted inert records (1.0611ms)
warning: in the working copy of 'tracked.txt', LF will be replaced by CRLF the next time Git touches it
warning: in the working copy of 'tracked.txt', LF will be replaced by CRLF the next time Git touches it
✔ STATUS discovery hydrates the dispatch binding for an externally recovered lineage (254263.8562ms)
✔ STATUS discovery never hydrates without pending reviewer-result collection (43190.2394ms)
✔ declareReviewRelayHandshake exports the exact contract and reports whether it changed anything (0.9646ms)
✔ loading the extension declares the handshake in the session environment (2.3563ms)
warning: in the working copy of 'app.ts', LF will be replaced by CRLF the next time Git touches it
warning: in the working copy of 'app.ts', LF will be replaced by CRLF the next time Git touches it
warning: in the working copy of 'app.ts', LF will be replaced by CRLF the next time Git touches it
warning: in the working copy of 'app.ts', LF will be replaced by CRLF the next time Git touches it
warning: in the working copy of 'app.ts', LF will be replaced by CRLF the next time Git touches it
warning: in the working copy of 'app.ts', LF will be replaced by CRLF the next time Git touches it
warning: in the working copy of 'app.ts', LF will be replaced by CRLF the next time Git touches it
warning: in the working copy of 'app.ts', LF will be replaced by CRLF the next time Git touches it
warning: in the working copy of 'app.ts', LF will be replaced by CRLF the next time Git touches it
warning: in the working copy of 'app.ts', LF will be replaced by CRLF the next time Git touches it
warning: in the working copy of 'app.ts', LF will be replaced by CRLF the next time Git touches it
✔ the negotiated status asks for the pi agent so the provider offers its materialize relay slot (523.133ms)
✔ capture forecasts the reviewer model run once and spends nothing until it is acknowledged (593.3776ms)
✔ a provider that refuses the pi transport blocks immediately without an agent-less lifecycle fallback (430.7052ms)
✔ a transport refusal names the runnable wrapper continuation, never a raw CLI command as the only exit (861.5056ms)
✔ a remembered pi transport refusal remains blocked without re-probing or lifecycle continuation (597.5636ms)
✔ every typed Pi transport refusal code fails closed (1261.8051ms)
✔ typed status errors outside the Pi transport refusal set remain native errors (443.1457ms)
✔ ordinary STATUS inspection uses the Pi public collect-binding route (1123.263ms)
✔ receipts survive reload but are isolated by session, root, and active branch (2.3422ms)
✔ nudged consumes only its captured prefix, retaining a concurrent own mutation (0.5335ms)
✔ acknowledged consumes only its captured prefix, retaining a concurrent own mutation (0.2075ms)
✔ malformed, unknown-version, and unmatched consumption entries do not establish ownership (0.3143ms)
warning: in the working copy of 'README.md', LF will be replaced by CRLF the next time Git touches it
warning: in the working copy of 'README.md', LF will be replaced by CRLF the next time Git touches it
warning: in the working copy of 'README.md', LF will be replaced by CRLF the next time Git touches it
Preparing worktree (new branch 'linked')
warning: in the working copy of 'README.md', LF will be replaced by CRLF the next time Git touches it
warning: in the working copy of 'README.md', LF will be replaced by CRLF the next time Git touches it
Switched to a new branch 'gh-pages'
warning: in the working copy of 'orphan.txt', LF will be replaced by CRLF the next time Git touches it
Switched to branch 'main'
warning: in the working copy of 'README.md', LF will be replaced by CRLF the next time Git touches it
warning: in the working copy of 'README.md', LF will be replaced by CRLF the next time Git touches it
warning: in the working copy of 'README.md', LF will be replaced by CRLF the next time Git touches it
Switched to a new branch 'second-root'
warning: in the working copy of 'second.txt', LF will be replaced by CRLF the next time Git touches it
Switched to branch 'main'
warning: in the working copy of 'README.md', LF will be replaced by CRLF the next time Git touches it
✔ review Git environment uses a Git-compatible null config path on Windows (2.0641ms)
✔ review Git environment runs a real Git authority probe (535.8393ms)
✔ review Git environment rejects inherited unsafe Git overrides (1.0945ms)
✔ a Windows drive-letter Git common directory resolves repository authority (730.6637ms)
✔ linked worktrees resolve one common-directory authority (1091.1172ms)
✔ non-Git directories and empty repositories fail closed (312.5222ms)
✔ repository identity is pinned once and reused on later resolutions (906.5631ms)
✔ an orphan root added after store establishment leaves identity unchanged and reads/mutations still succeed (3697.7951ms)
✔ a store transplanted into an unrelated repository fails closed (2039.6562ms)
✔ removing a pinned root commit via history rewrite violates the subset and fails closed (1162.622ms)
✔ a reader racing the first-time IDENTITY write recovers once the concurrent writer completes, instead of dying on a transient partial read (766.8428ms)
✔ decodeReviewAssessmentV1 accepts a well-formed gentle-ai.review-assessment/v1 envelope (5.1991ms)
✔ decodeReviewAssessmentV1 accepts a base-diff candidate with base_ref (0.4692ms)
✔ decodeReviewAssessmentV1 accepts passive and high risk values (0.3636ms)
✔ decodeReviewAssessmentV1 rejects a wrong schema (1.6628ms)
✔ decodeReviewAssessmentV1 rejects an unrecognized risk value (0.6727ms)
✔ decodeReviewAssessmentV1 rejects a malformed shape (0.9603ms)
✔ verificationPlan: rdd on + closed, passive risk -> structural readback only regardless of writer profile (0.6955ms)
✔ verificationPlan: rdd on + closed, medium/high/unassessable risk -> writer self-verification, no independent verifier (0.8415ms)
✔ verificationPlan: rdd on + non-closed outcome behaves exactly like rdd off for every risk/profile combination (1.4102ms)
✔ verificationPlan: an omitted nativeReviewOutcome under rdd on defaults to unknown (fail closed), exactly like rdd off (0.7194ms)
✔ verificationPlan: on+closed+medium+large -> no verifier (0.378ms)
✔ verificationPlan: on+declined+medium+large -> no verifier (medium, large) (0.7757ms)
✔ verificationPlan: on+declined+medium+small -> verifier (0.2902ms)
✔ verificationPlan: on+declined+high -> verifier (0.2658ms)
✔ verificationPlan: on+unavailable+high -> verifier (0.244ms)
✔ verificationPlan: on+unknown (omitted)+high -> verifier (0.2413ms)
✔ verificationPlan: on+declined+passive -> structural readback (0.2273ms)
✔ verificationPlan: off+closed+high -> verifier (outcome ignored) (0.2266ms)
✔ verificationPlan: off/unknown lines ignore nativeReviewOutcome entirely (1.1264ms)
✔ verificationPlan: rdd off, passive risk -> structural readback only, no verifier, no tests (0.4016ms)
✔ verificationPlan: rdd off, medium risk -> independent verifier only for a small writer profile (0.2152ms)
✔ verificationPlan: rdd off, high or unassessable risk -> writer self-verification plus independent verifier, always (0.2397ms)
✔ verificationPlan: rdd unknown, passive risk -> structural readback only, no verifier, no tests (0.1032ms)
✔ verificationPlan: rdd unknown, medium risk -> independent verifier only for a small writer profile (0.1023ms)
✔ verificationPlan: rdd unknown, high or unassessable risk -> writer self-verification plus independent verifier, always (0.2763ms)
✔ verificationPlan: an unknown rdd line never lowers a tier relative to off (0.4169ms)
✔ verificationPlan: reason is a non-empty distinctive string for every branch (0.6181ms)
✔ isSmallWriterProfile: true when the resolved effort is low (0.2855ms)
✔ isSmallWriterProfile: true when the resolved model id carries mini as a whole token, case-insensitively (0.4681ms)
✔ isSmallWriterProfile: false for a model id where mini is only a bare substring (gemini) (0.3203ms)
✔ isSmallWriterProfile: false for a large model with medium/high effort (0.2837ms)
✔ isSmallWriterProfile: true (fail closed) when the profile is undefined, empty, or carries only an unrecognized effort with no model id (0.2598ms)
✔ isSmallWriterProfile: false when effort alone is known and not low, even without a model id (0.2067ms)
✔ resolveWriterProfile maps the predicate to the small/large verificationPlan input (0.2621ms)
✔ resolveWriterProfile: an unknown or omitted profile fails closed to small, never large (0.1849ms)
✔ gentle_review assess: an older binary without the assess verb fails closed to high (131.5179ms)
✔ gentle_review assess: a rejected assess call fails closed to high, and RDD status read failure fails closed to unknown (103.0576ms)
✔ gentle_review assess: a successful native assessment is reflected directly in the returned plan (103.3597ms)
✔ gentle_review assess: baseRef without committedOnly is rejected (120.6403ms)
✔ gentle_review assess: writerModelId/writerEffort in input select the writer profile, and an omitted profile fails closed to small (440.5649ms)
✔ gentle_review assess: an explicit nativeReviewOutcome:"declined" input falls back to the risk-gated plan even when RDD is on (gentle-pi#668) (127.346ms)
✔ gentle_review assess: an unrecognized nativeReviewOutcome value is rejected (109.2238ms)
✖ gentle_review assess: derivation is bound to the exact candidate recorded, closed can only ever be passed explicitly (gentle-pi#668 correction) (213.5901ms)
✔ gentle_review assess never requires a lineageId (unlike most other operations) (126.0587ms)
✔ native assess: decodes a well-formed envelope and sends the exact plain-versioned argv (42.7656ms)
✔ native assess: passes baseRef/committedOnly through as --base-ref and --committed-only (4.3397ms)
✔ native assess: baseRef requires explicit committedOnly acknowledgement (0.6024ms)
✔ native assess: a non-zero exit (an older binary reporting an unknown command) fails closed with a native error, never a synthesized result (3.6677ms)
✔ native assess: a wrong schema or unrecognized risk value fails closed as schema-incompatible (2.3179ms)
✔ generated adapter goldens remain explicit and do not hide ordinary tests or fixtures (1.1462ms)
✔ risk classification freezes deterministic low, medium, and high routes (2.9806ms)
✔ binary-only and mode-only candidates keep zero authored lines but require a lens (0.642ms)
✔ correction budget rounds up and caps at two hundred authored lines (0.7927ms)
✔ host UI preserves the complete provider envelope and adds a separately owned third action (3.4158ms)
✔ the real Pi Text primitive bounds every consent line at narrow terminal widths (12.6033ms)
✔ selection maps only exact displayed actions and cancellation or UI failure stays unresolved (23.7297ms)
✔ non-TUI selection preserves the existing action and cancellation mapping (0.7435ms)
✔ a validated intended-untracked selection may use the host third action only for its selected repository (403180.2677ms)
✔ standing permission replays an explicit sibling-worktree consent against its binding-owned workspace root (75291.8199ms)
✔ provider grant and decline remain candidate-only and cancellation stores nothing (195586.7191ms)
✔ explicit revocation ends the host grant without changing provider mode or authority (149981.1301ms)
✔ reload shutdown preserves the grant, while nonreload shutdown revokes it (224409.1324ms)
✔ successful decoded native START action variants remain eligible for a host grant (570543.3712ms)
✔ blocked-scope-action never persists host permission (129103.1903ms)
✔ a stale consent result with contextual native status never arms host permission (160337.649ms)
✔ a failed consent invocation never arms host permission (129757.4372ms)
✔ headless, child, and changed post-UI identity never use host permission (128405.2528ms)
✔ standing permission never replays provider v2 or non-Pi v3 consents (148443.9869ms)
✔ a child never asks its broker to replay provider v2 or non-Pi v3 consents (82248.2843ms)
✔ child permission transport survives reload shutdown but closes on terminal session shutdown (208.9805ms)
✔ a package-owned child replays its exact pending ordinary grant from a sibling Git worktree only while its parent session remains authorized (146293.4203ms)
✖ the production child fd3 client gets grant, revocation, closure, denial, and request bounds from its parent broker (10209.8529ms)
✖ fresh Jiti moduleCache:false reloads share fd3 structurally and reject stale terminal callbacks (17849.85ms)
✔ an incompatible process registry fails closed rather than replacing ownership (0.9007ms)
✔ a package-owned child receives one parent-session authorization only after the parent checks its live task (3.2344ms)
✔ the parent bounds each child channel before an untrusted request stream can keep asking (1.1356ms)
✔ a broken, timed-out, or malformed parent-owned channel fails closed (4.3689ms)
✔ the authorization wire carries no candidate data or provider consent vectors (0.874ms)
✔ a child disconnect during a pending parent response cannot crash the broker process (44.5585ms)
✔ actual Pi SDK loader preserves permission only across reload and disposes it on replacement lifecycles (2900.0974ms)
✔ a fresh Node process has no standing permission registry authority (740.6008ms)
✔ standing permission is process-memory-only and bound to one live manager, session, and Git common directory (1825.5425ms)
✔ review session Git identity lookups hide every Windows child process (306.0065ms)
✔ headless, child, empty-session, and non-Git contexts cannot offer or consume standing permission (581.6287ms)
✔ revocation advances an epoch that prevents an older awaited UI from re-granting (481.2815ms)
✔ session revocation removes only the exact manager and session partition (585.68ms)
✔ an incompatible Symbol.for registry fails closed instead of being replaced (434.8408ms)
✖ complete snapshot captures the repository root from a nested cwd without mutating index or worktree (1018.8808ms)
✔ ephemeral live candidate binding derives the complete candidate without retaining a snapshot (957.8336ms)
✔ intended-commit projection binds its resolved tree while complete snapshot retains later scope (1297.3606ms)
✔ snapshot derives its ordinary route and selected lenses from the captured diff (944.9167ms)
✔ generated testdata goldens stay in snapshot identity but not authored risk lines (1041.8888ms)
✔ explicit Judgment Day captures non-trivial scope without ordinary classification (984.3289ms)
✔ isolated snapshot objects survive live Git GC until explicit sensitive-object cleanup (1677.5422ms)
✔ snapshot rejects unsupported and unresolved projections without changing the real index (1384.2258ms)
✔ ordinary snapshots bind canonical genesis paths (961.0287ms)
warning: in the working copy of 'fixture.ts', LF will be replaced by CRLF the next time Git touches it
warning: in the working copy of 'fixture.ts', LF will be replaced by CRLF the next time Git touches it
warning: in the working copy of 'fixture.ts', LF will be replaced by CRLF the next time Git touches it
warning: in the working copy of 'fixture.ts', LF will be replaced by CRLF the next time Git touches it
warning: in the working copy of 'fixture.ts', LF will be replaced by CRLF the next time Git touches it
warning: in the working copy of 'release.ts', LF will be replaced by CRLF the next time Git touches it
✔ canonical frozen rows are ID-sorted and tampering invalidates their hash (17.4008ms)
✔ receipt envelope hashes only its canonical body and binds exact projection (2.7826ms)
✔ journaled operation replay survives restart and rejects key reuse with a changed request (1879.322ms)
✔ lineage start is journaled and duplicate graph creation fails closed across restart (1907.8425ms)
✔ pending reducer work is crash-completable and exact completion replay is stable (2671.9953ms)
✔ graph publication faults preserve the prior authoritative revision (1877.7391ms)
✔ store exposes only reducer-bound authority transitions (892.3898ms)
✔ repository authority fails closed until Git has stable root commit anchors (271.9699ms)
✔ ordinary follow-ups are ID-sorted action-free validation evidence and do not change lifecycle authority (2.9305ms)
✔ new ordinary lineages fail closed when immutable genesis paths are absent (0.813ms)
✖ tag PUSH CREATE accepts an annotated tag for an approved commit advertised by the bound destination (6747.0448ms)
✔ routing constants expose stable runtime values (3.7545ms)
✔ objectively trivial documentation diff requests zero lenses (0.5875ms)
✔ objectively trivial hot-path documentation remains trivial (0.282ms)
✔ incomplete evidence fails conservatively to one standard lens (0.2839ms)
✔ executable ambiguity fails conservatively to one standard lens (0.242ms)
✔ configuration ambiguity fails conservatively to one standard lens (0.2069ms)
✔ standard routing selects exactly one dominant lens by fixed precedence (0.3713ms)
✔ 399 ordinary changed lines remain standard (0.2499ms)
✔ 400 ordinary changed lines remain standard (0.2762ms)
✔ 401 ordinary changed lines route to full 4R in stable order (0.4071ms)
✔ non-trivial hot path routes to full 4R regardless of size (0.2951ms)
✔ pre-commit cannot classify outside ordinary transaction start (0.8839ms)
✔ pre-push cannot classify outside ordinary transaction start (0.2645ms)
✔ pre-pr cannot classify outside ordinary transaction start (0.1476ms)
✔ on-ci cannot classify outside ordinary transaction start (0.1655ms)
✔ on-schedule cannot classify outside ordinary transaction start (0.1234ms)
✔ runtime evidence proves documentation-only changes trivial (3.1548ms)
✔ runtime evidence treats executable and configuration content as unproven (0.2185ms)
✔ documentation-like executable and configuration paths remain non-trivial (0.2287ms)
✔ runtime evidence identifies hot paths and dominant-risk signals (0.1047ms)
✔ sensitive configuration basenames select the risk lens at pre-commit (0.1539ms)
✔ ordinary files containing sensitive-looking substrings do not select risk (0.1558ms)
✔ incomplete runtime collection remains standard instead of trivial (0.0731ms)
✔ incomplete triviality evidence cannot suppress a known 401-line full route (0.089ms)
✔ stable full-lens order is independent of standard-risk signals (0.0973ms)
✔ runtime collection keeps a large documentation-only hot-path edit trivial (0.0802ms)
(node:25160) ExperimentalWarning: stripTypeScriptTypes is an experimental feature and might change at any time
(Use `node --trace-warnings ...` to show where the warning was created)
✔ installed package definitions retain classification after the actual routing transform (25.1343ms)
✔ packaged sdd-proposal is encoded only as canonical sdd-propose (4.7199ms)
✔ schema-approved packaged names survive customization without exposing private names (1.8532ms)
✔ launch distribution and each observed combination remain independent and privacy-filtered (1.7987ms)
✔ registered child launch identity survives catalog state and missing response evidence inherits selection (1.0463ms)
✔ dedupe reserves before async policy, rejects old sessions, and survives aggregate clearing (35.468ms)
✔ response capacity retains launch ranking and reports excluded responses without eviction (18.387ms)
✔ malformed and oversized events are rejected without reserving IDs (0.6188ms)
✔ callback returns before a blocked attempt; busy events are never queued (4.9688ms)
✔ failure is silent and the next fresh event may attempt without cooldown (1.6209ms)
✔ replacement cancels an unstarted attempt without stale execution (1.2882ms)
✔ shutdown aborts immediately but cannot overlap an unsettled process (1.3598ms)
✔ bounded shutdown join waits for the accepted attempt without replaying busy work (1.527ms)
✔ bounded shutdown join returns after its deadline (8.2889ms)
✔ a generic open-weight selection reaches the wire by name; no catalog probe or gate (11.3232ms)
✔ an ambiguous turn with no captured selection still reports the observed model, as selected evidence (1.2867ms)
✔ final callback returns before blocked transport; busy and duplicate messages drop (1.3022ms)
✔ replacement before launch cancels stale work; shutdown does not await a blocked child (1.083ms)
✔ print shutdown joins an accepted orchestrator delivery before disposing (0.9507ms)
✔ print shutdown joins an accepted child launch and response delivery (2.2012ms)
✔ print shutdown aborts a delivery after the bounded join deadline (18.2437ms)
✔ interactive shutdown never joins a blocked delivery (0.8307ms)
✔ opt-out suppresses hooks and launches: DO_NOT_TRACK (0.5196ms)
✔ opt-out suppresses hooks and launches: GENTLE_AI_TELEMETRY (0.4482ms)
✔ opt-out suppresses hooks and launches: CI (0.386ms)
✔ opt-out suppresses hooks and launches: GENTLE_PI_AGENTS_CHILD (2.0713ms)
✔ environment veto between callback and launch discards accepted event (1.3253ms)
✔ tool and partial assistant messages are not consumed as primary usage (1.0176ms)
✔ child completion consumed once, busy children drop, and primary usage stays separate (2.3134ms)
✔ normalizeRuntimeModel: open-weight family on an arbitrary provider stays public (3.9551ms)
✔ normalizeRuntimeModel: a short version suffix without a separator is still public (0.5434ms)
✔ normalizeRuntimeModel: multiple suffix groups without a leading separator are still public (0.2254ms)
✔ normalizeRuntimeModel: only the last '/'-separated id segment is kept (0.3248ms)
✔ normalizeRuntimeModel: a nested provider path in the id is dropped, keeping the outer provider (0.2415ms)
✔ normalizeRuntimeModel: provider and id are lowercased (0.2211ms)
✔ normalizeRuntimeModel: a long dotted/dashed anthropic id stays public (0.2329ms)
✔ normalizeRuntimeModel: an id with no recognized family prefix collapses provider and id to custom (0.1854ms)
✔ normalizeRuntimeModel: a public id with a non-conforming provider is emitted as custom/<id> (0.2434ms)
✔ normalizeRuntimeModel: an id longer than the schema maxLength collapses to custom/custom (0.3834ms)
✔ normalizeRuntimeModel: opencode keeps its provider identity even for a private id (0.2099ms)
✔ normalizeRuntimeModel: empty provider and id fail closed to unknown/unknown (0.1736ms)
✔ non-string provider or id fails closed to unknown/unknown (0.3092ms)
✔ whitespace-only provider or id fails closed to unknown/unknown (0.2416ms)
✔ literal unknown/unknown passes through without pattern matching (0.2745ms)
✔ literal custom/custom passes through (0.2372ms)
✔ surrounding whitespace is trimmed before matching (0.2193ms)
✔ a pathological 64-character id is rejected in linear time (2.8802ms)
✔ attached run then separated groups stays public (0.2839ms)
✔ production encoder emits exact one-shot fixture with source occurrence coverage (4.735ms)
✔ child launch occurrence retains selection evidence separately from response evidence (0.5832ms)
✔ encoder bounds and invalid coverage discard whole events without splitting (0.9759ms)
✔ encoder filters custom identities and never promotes SDK model to response proof (0.3451ms)
✔ a public observed model is a fallback evidence tier, behind response and selected (0.3537ms)
✔ every encoded model satisfies the schema's anyOf, by pattern or by sentinel (0.52ms)
✔ one native stdin send; busy drops without another invocation or policy probe (2.4572ms)
✔ production encoder reaches the fake one-shot child without a test encoding override (0.5146ms)
✔ validated dev override reaches the one-shot child through the production resolver (119.2695ms)
✔ invalid dev overrides fail closed without spawning or falling back (0.993ms)
✔ opt-out and pre-cancel cause zero encoding, resolution or launch (0.4664ms)
✔ cancel kills once and keeps slot occupied until actual close (3.611ms)
✔ native result discarded never triggers retry (0.6651ms)
✔ native result disabled never triggers retry (0.7775ms)
✔ native result stored never triggers retry (1.082ms)
✔ native result duplicate never triggers retry (0.3948ms)
✔ native result sent never triggers retry (0.2842ms)
✔ native result private error never triggers retry (0.2593ms)
✔ metrics receiver, attempt gate and send transport have no filesystem persistence surface (2.0792ms)
✔ spawn failure silently discards (0.536ms)
✔ only strict enabled policy grants; uses bounded policy invocation exclusively (2.5387ms)
✔ missing, old, timed-out and malformed binary responses fail closed without fallback (0.9496ms)
✔ outer deadline releases callers even when an exec adapter never settles (1002.986ms)
✔ native-compatible environment veto accepts broad truthy spellings (0.7562ms)
✔ selected provider is independent from response provider without relabeling (3.755ms)
✔ open-weight models on arbitrary providers are reported by name, not squashed to a closed enum (1.8802ms)
✔ optional native token fields preserve absence but reject explicit malformed values (0.6189ms)
✔ accounts final responses with explicit zero, missing states and separate durations (1.7173ms)
✔ deduplicates distinct local IDs without retaining them in snapshots (0.7882ms)
✔ effort selections and absence states remain distinct (0.5521ms)
✔ only closed dimensions survive; no prompt-based executor inference (0.5779ms)
✔ rejects malformed numbers and ambiguous measurement states atomically (0.4664ms)
✔ rejects streaming, malformed records, identifiers and free-text errors (0.4872ms)
✔ host identity stays separate from role and rejects invented model dimensions (0.3787ms)
✔ hard response and numeric ceilings keep aggregate totals bounded (6.2752ms)
✔ capacity rejection keeps dedupe and accounting intact without eviction (1.4956ms)
✔ SDD package agents declare role-appropriate tools as YAML arrays (7.5917ms)
✔ artifact-producing SDD agents can persist OpenSpec files while status remains read-only (2.6575ms)
✔ research instructions require executed evidence rather than blanket denial (0.8446ms)
✔ project does not ship local SDD agent overrides (0.6462ms)
✔ generic non-SDD agents declare exact role tool allowlists (2.6624ms)
✔ sdd-verify phase text carries the verify-result envelope and validate-before-persist rule (0.5498ms)
✔ the retired Pi adversarial role agents are not packaged (0.2475ms)
✔ assets/support/sdd-status-contract.md: native v2 status remains read-only and authoritative (2.8101ms)
✔ assets/sdd-orchestrator-workflow.md: native v2 status remains read-only and authoritative (0.856ms)
✔ assets/agents/sdd-status.md: native v2 status remains read-only and authoritative (0.5247ms)
✔ assets/agents/sdd-verify.md: native v2 status remains read-only and authoritative (0.5243ms)
✔ assets/agents/sdd-archive.md: native v2 status remains read-only and authoritative (0.5851ms)
✔ workflow preserves explicit continuation and the manual sync resolver (1.9404ms)
✔ remediation evidence requires every exact planned command and rollback observation (7.1999ms)
✔ remediation refuses nonzero without parsing prose (0.632ms)
✔ remediation refuses null without parsing prose (0.2189ms)
✔ remediation refuses cwd without parsing prose (0.2339ms)
✔ remediation refuses id without parsing prose (0.2134ms)
✔ remediation refuses truncated without parsing prose (0.2162ms)
✔ remediation refuses unmatched without parsing prose (0.1485ms)
✔ remediation plan is bounded and cannot select another working directory (0.7024ms)
✔ remediation shell captures numeric exit, preserves stock errors and executes once (2975.926ms)
✔ remediation owner and packaged actor are installed through existing ownership (1.5028ms)
✔ native remediation admission refuses unsupported owner before acquire (1.4984ms)
✖ admitted remediation retains exact settlement before one lost-reply replay (5.8289ms)
✖ native blocked refuses without settlement (4.2836ms)
✖ native complete refuses without settlement (3.1091ms)
✖ terminal failed settles without passing evidence and retains exact untracked scope (1.6618ms)
✖ terminal cancelled settles without passing evidence and retains exact untracked scope (1.3169ms)
✖ terminal timed_out settles without passing evidence and retains exact untracked scope (1.7119ms)
✖ failure to retain settlement never mutates native; two lost replies retain uncertainty (1.822ms)
✔ runtime harness requires its own observed command; malformed content cannot pass (1.07ms)
✔ stock local shell wrapper observes real exit zero and preserves cancellation (1233.0794ms)
✔ nonzero observed exits remain concrete failure evidence (0.5928ms)
✔ history pruning retains admitted unsettled and uncertain task payloads (36.9649ms)
✔ selected actor instructions must match the managed owner before acquisition (1.8649ms)
✖ settlement is single-finalization and cannot pass drifted failed-evidence identity (1.7467ms)
✖ native refusal or uncertain settlement is not a completed managed correction (1.6873ms)
✖ a received blocked settlement names the block; a lost settlement reply retains unresolved history (1.8504ms)
✔ remediationUnresolved treats a received settlement as terminal, regardless of state, unless uncertain (0.3974ms)
✔ remediation actor preserves separately authorized memory artifact tools (1.0471ms)
✖ managed parent admission continues an explicitly retained token without a new acquire (1.3279ms)
✔ R3-duplicate-command-evidence requires a distinct execution for every indexed slot (1.2973ms)
✖ R1 confirms exact canonical paths and commands; data, denial and symlinks grant nothing (16.2186ms)
✖ R3/R4 acquire request is durable before mutation and token before actor admission (1.4429ms)
✖ R3/R4 acquire persistence failure refuses before native mutation (1.355ms)
✔ R1 denial/headless/cancellation gives zero acquisition and durable mutation (4.3643ms)
✔ R1 child invokes only the exact confirmed command/cwd/count with distinct call IDs (4.0732ms)
✖ R3/R4 known non-mutating acquire failures retain retryable blocked history while ambiguity remains unresolved (3.9856ms)
✔ remediation actor explains one-launch human authority and indexed command evidence (0.4465ms)
﹣ installed AI producer → fixed Pi extensions → managed child input and tools (0.8479ms) # SKIP
✔ assets/sdd-orchestrator-workflow.md: native planning tokens are the only automatic routes (1.2596ms)
✔ assets/sdd-orchestrator-workflow.md: planning preserves native blocker and edit-root guards (0.1961ms)
✔ assets/support/sdd-status-contract.md: native planning tokens are the only automatic routes (0.1205ms)
✔ assets/support/sdd-status-contract.md: planning preserves native blocker and edit-root guards (0.1192ms)
✔ workflow and support contract agree on bounded planning routing (0.1835ms)
✔ production callers distinguish first-session confirmation from explicit field editing (4.3376ms)
✔ capability-constrained artifact selector elision (9.208ms)
✔ headless defaults stay silent while UI confirms defaults (1.661ms)
✔ disk preferences are suggestions and resolved choices are reused only in session (4.4738ms)
✔ no-callback preflight fallback installs only SDD-owned assets (27.3163ms)
✔ managed asset replacements use exclusive same-directory temporary files (1.1323ms)
✔ managed ownership update waits for installer lock and atomically updates the file and manifest (661.6452ms)
✔ managed ownership update exposes lock timeout without writing a partial routed file (20.9428ms)
✔ cross-process owner installations preserve both managed manifest entries (721.6082ms)
✔ installer preserves foreign, malformed, and unsafe lock paths (21.0366ms)
✔ RPC children cannot promote or persist headless defaults (1.7417ms)
✔ explicit field editing cannot open RPC or no-UI dialogs (1.2128ms)
✔ cancelled confirmation cannot become current-session consent (0.9771ms)
✔ explicit UI selections override defaults when a field is genuinely unresolved (1.2008ms)
✔ legacy persisted strategies normalize to canonical values (8.3254ms)
✔ exception-ok requires narrow delivery-gate provenance (6.2889ms)
✔ sddPreflightDiskPath returns project-local .pi/gentle-ai/sdd-preflight.json (0.8108ms)
✔ writeSddPreflightToDisk creates parent dirs and writes valid JSON (2.3348ms)
✔ readSddPreflightFromDisk returns undefined when no file exists (0.892ms)
✔ readSddPreflightFromDisk returns persisted prefs after write (2.0651ms)
✔ persisted preferences require fresh session confirmation (1.5407ms)
✔ readSddPreflightFromDisk returns undefined for corrupt JSON (1.5192ms)
✔ readSddPreflightFromDisk returns undefined for JSON with invalid fields (1.3423ms)
✔ readSddPreflightFromDisk normalizes unknown chainedPrStrategy to ask-on-risk (1.5515ms)
✔ writeSddPreflightToDisk is non-fatal when directory is not writable (no throw) (0.8827ms)
✔ forced asset refresh migrates the exact v0.10.7 malformed sdd-apply asset and preserves user edits (91.6318ms)
✔ forced asset refresh migrates only untouched v0.14 package contracts and preserves user edits (42.8453ms)
✔ a persisted legacy 'both' artifact store loads as hybrid (2.8319ms)
✔ a persisted canonical 'hybrid' artifact store loads unchanged (1.7287ms)
✔ the shared shipped SDD inventory includes every executor, including remediation (0.2386ms)
✔ only a structurally valid parent-rendered preflight block can reach an SDD child (1.5311ms)
✔ affirmative natural-language SDD requests trigger preflight without matching a finite phrase list (1.7017ms)
✔ slash SDD preflight trigger accepts the gentle-sdd command prefix (0.1803ms)
✔ approved active external tools reach the actual child CLI allowlist (2.8637ms)
✔ class-specific grants remain exact when both classes are explicitly selected (2.2553ms)
✔ open-web requires all four canonical tools, each active and unrestricted (0.9494ms)
✔ restrictions, inactive tools and unknown tools never become grants (0.5504ms)
✔ documentation can run independently of unavailable open-web search (0.9175ms)
✔ SDK-only tools and unavailable inventory fail closed (0.5017ms)
✔ selected documentation never inherits available open-web routes or arbitrary extensions (0.5824ms)
✔ selected grants refuse missing, inactive, SDK, restricted and unknown routes without removing local authorization (3.304ms)
✔ artifact intent narrows exact paths and topics without granting tools or replacement scope (16.8058ms)
✔ only actual exact OpenSpec bytes and Engram metadata satisfy readback identity (2.9448ms)
✔ R4 research write crash reload requires durable desired identity and actual backend readback (2329.8589ms)
✔ R4 corrupted or broadened durable research scope is not a restart grant (6.7292ms)
✔ research actor explains crash readback without store substitution or replay (0.5409ms)
﹣ LIVE installed web tools execute through the candidate research runner (1.7355ms) # opt in with GENTLE_PI_LIVE_RESEARCH_TEST=1; no live execution performed
✔ remediation read tools are limited to canonical relative paths inside the confirmed worktree (111.77ms)
✔ selected SDD change snapshots at task construction and reaches child startup in a multi-change workspace (18.85ms)
✔ selected native v2 archive authority is injected whole and never falls back to the local resolver (7.6917ms)
✔ selected native v2 failures fail closed without consulting the local resolver (34.8329ms)
✔ a native verify evidence-refresh route starts under its own blocker while every other phase stays closed (6.453ms)
✔ a throwing SDD selection flag reader fails closed without resolving an unselected status (4.4755ms)
✔ selected SDD startup fails closed for malformed identity, root, phase, symlink, and resolver errors (7.2722ms)
▶ before_agent_start resolves the unnamed packaged executor and renders native v2 selection
  ✔ contradictory names (0.3691ms)
  ✔ contradictory named phase (0.2409ms)
  ✔ unknown explicit name (0.7083ms)
  ✔ ambiguous executor body (0.3728ms)
  ✔ unknown executor body (4.1605ms)
✔ before_agent_start resolves the unnamed packaged executor and renders native v2 selection (27.1652ms)
﹣ producer v2 preservation: selected status is read-only and retains all seven dependencies (0.086ms) # SKIP
✔ status command renders native facts without confirmation, mutation, or phase launch (5.25ms)
✔ only exact marker confirmation permits continuation, never source authority or launch (9.3973ms)
✔ read-only, excluded-marker, cancellation and headless scope suppress every mutation (9.1508ms)
✔ malformed recommendation and misleading prose refuse before continuation or phase launch (8.7107ms)
✔ continuation rejects workspace mismatch and missing UI; marker-only confirmation grants no roots (8.4294ms)
✔ managed apply guidance refuses local reconstruction and preserves native authority (0.7105ms)
✔ unsafe planning context and marker symlink refuse before mutation (7.7968ms)
✔ typed remediation selection preserves native failed evidence and refuses stale binding (5.6697ms)
✔ planning recommendations are executable tokens with separate diagnostics (23.1374ms)
✔ partial planning artifacts route to their repair phase (28.015ms)
✔ unresolved change selection returns blocked rather than diagnostic prose (9.0919ms)
✔ listActiveOpenSpecChanges excludes archive and sorts active changes (5.5383ms)
✔ resolveSddStatus blocks when there are no active changes (2.7111ms)
✔ resolveSddStatus blocks when change selection is ambiguous (1.8145ms)
✔ resolveSddStatus selects the only active change and counts task progress (5.5503ms)
✔ resolveSddStatus routes completed implementation through archive without RDD authority (14.0387ms)
✔ resolveSddStatus ignores legacy parent review actions after implementation (6.1ms)
✔ resolveSddStatus treats malformed ownership as unresolved implementation work (4.8301ms)
✔ resolveSddStatus routes completed legacy implementation directly to verify (5.2877ms)
✔ resolveSddStatus blocks sync when verify report is not clearly passing (7.9708ms)
✔ resolveSddStatus rejects negated pass and sync-complete phrases (12.654ms)
✔ resolveSddStatus blocks sync when verify report contains critical text (9.3238ms)
✔ resolveSddStatus reports same-domain collisions (9.118ms)
✔ resolveSddStatus blocks apply when tasks has no checkboxes (9.0169ms)
✔ resolveSddStatus marks legacy flat specs partial and blocks sync (7.2261ms)
✔ resolveSddStatus accepts nested domain specs even when a legacy flat spec also exists (12.0609ms)
✔ resolveSddStatus blocks sync when core artifacts are missing even with clean verify (7.1822ms)
✔ resolveSddStatus blocks stale sync report when current verify is not passing (7.7102ms)
✔ resolveSddStatus blocks archive when required artifacts are missing (4.0738ms)
✔ resolveSddStatus reports partial core artifacts as blockers (12.1226ms)
✔ resolveSddStatus marks archive ready only after clean verify, sync, and complete tasks (9.3686ms)
✔ renderSddStatusMarkdown includes structured JSON (8.7911ms)
✔ resolveSddStatus with artifactStore engram returns non-authoritative status without disk scan (1.6609ms)
✔ resolveSddStatus with artifactStore none returns non-authoritative status without disk scan (0.8818ms)
✔ resolveSddStatus with artifactStore hybrid uses disk scan and reflects store (7.9693ms)
✔ resolveSddStatus with undefined store and existing openspec dir defaults to openspec and blocks (2.2656ms)
✔ resolveSddStatus with undefined store and NO openspec dir returns non-authoritative status (1.3251ms)
✔ resolveSddStatus non-authoritative status has neutral planningHome (no misleading openspec path) (1.0933ms)
✔ parseSddStatusCommandArgs extracts change and json flag (0.6747ms)
✔ resolveSddStatus with artifactStore hybrid and NO openspec dir returns non-authoritative status (1.7148ms)
✔ resolveSddStatus with artifactStore hybrid and existing openspec dir runs authoritative disk scan (7.9765ms)
✔ isNonAuthoritativeStatus reads typed isNonAuthoritative field and matches resolve-via-engram sentinel (5.9446ms)
✔ isNonAuthoritative boolean field is set correctly across all store/disk combinations (7.1825ms)
✔ resolveSddStatus with artifactStore hybrid, openspec dir present but change not on disk returns non-authoritative (3.5288ms)
✔ resolveSddStatus with artifactStore hybrid, openspec dir present and change on disk is authoritative (11.6282ms)
✔ resolveSddStatus with artifactStore openspec and change not found still blocks (2.1552ms)
✔ renderSddDispatcherMarkdown for both-without-openspec does NOT render Ready (1.1956ms)
✔ renderNativeSddPhasePrompt for both-without-openspec emits non-authoritative line (1.4767ms)
✔ renderPhaseInstructions for not_applicable applyState emits neutral line (1.0501ms)
✔ resolveSddStatus hybrid + openspec/ dir + zero active changes + no changeName returns non-authoritative (2.4574ms)
✔ resolveSddStatus hybrid + openspec/ dir + multiple active changes + no changeName stays authoritative (3.6656ms)
✔ resolveSddStatus hybrid + openspec/ dir + exactly one active change is authoritative (9.5977ms)
✔ resolveSddStatus openspec + zero active changes still blocks (1.9786ms)
✔ resolveSddStatus openspec + named change missing still blocks (3.2184ms)
✔ resolveSddStatus projects archived terminal state when the change lives in the archive (5.0386ms)
✔ resolveSddStatus archived projection prefers the newest archive date (3.5434ms)
✔ resolveSddStatus still blocks a change that never existed and has no archive entry (2.6363ms)
✔ resolveSddStatus archive matching requires the exact change-name suffix (3.3329ms)
✔ renderSddDispatcherMarkdown for non-authoritative both status shows artifact store 'both' (1.2858ms)
✔ canonical roots include cwd, dedupe aliases immediately and reject unrelated clones (2306.007ms)
✔ restore reads the whole session tree, resumes the same id, and ignores new/fork/clone ids (3992.7305ms)
✔ durable append works without a shell listener and independent registries do not double append (1962.5222ms)
✔ restoration validates entries and hides missing roots without deleting their registrations (1514.0466ms)
✔ Git child environment removes routing and config overrides without mutating its source (0.6422ms)
✔ session startup identity lookup hides its direct Git children (538.096ms)
✔ only standard path-bearing calls have registration candidates; shell and prose never do (0.4628ms)
✔ renderGauge fills cells proportionally to the percentage (1.9505ms)
✔ gaugeTone turns to warning at 80% and error at 95% (0.3422ms)
✔ formatTokens and formatCost keep the bar compact (0.352ms)
✔ renderShellBar renders one line with the segments in order (34.0758ms)
✔ renderShellBar colors the brand, model, effort, and gauge by role (1.709ms)
✔ renderShellBar shows the branch as dirty-neutral and omits it outside git (0.6331ms)
✔ renderShellBar shows the session dirty count next to the branch (0.7624ms)
✔ renderShellBar adds the subscription windows after the cost when usage is known (0.557ms)
✔ renderShellBar shows an unknown context as a question mark after compaction (0.3189ms)
✔ renderShellBar right-aligns the session name when it fits (0.3502ms)
✔ renderShellBar appends extension statuses as trailing segments (0.7765ms)
✔ renderShellBar repaints extension statuses in the bar role, discarding colors the extension embedded (1.0413ms)
✔ renderShellBar compacts the path and branch before it sacrifices an extension status (0.9424ms)
✔ renderShellBar drops the session name, then trailing segments, before truncating (0.6514ms)
✔ shellEnabled stays off inside a Gentle Agents child (0.1428ms)
✔ shellEnabled honors GENTLE_PI_SHELL=0 (0.1217ms)
✔ renderCard draws the rounded frame with the title in the top rule and wraps the body inside (41.6201ms)
✔ renderCard collapses to the frame and the first body line with an expand hint (0.9853ms)
✔ renderCard keeps the rail and its corners in the tone and the rest of the frame in the border color (1.5443ms)
✔ renderCard places a hint at the right end of the top rule without background fill (0.5622ms)
✔ cards remain transparent across content resets and narrow widths (2.0519ms)
✔ renderCard accepts a custom glyph and an empty body (0.3195ms)
✔ renderCard keeps the top rule at width with a two-cell glyph (1.1869ms)
✔ renderCard drops the hint before truncating title content (0.5421ms)
✔ renderCard truncates ANSI-styled title content at display width (1.1273ms)
✔ renderCard never exceeds extremely narrow supplied widths (10.5554ms)
✔ worktree accordion keeps groups and nested files beside a framed lazy diff (59.9185ms)
✔ worktree accordion selects a clicked file without opening its editor (3.3426ms)
✔ worktree accordion receives native fullscreen press and release as a file click (14.0339ms)
✔ worktree pointer regions scroll independently and expire on refresh or dispose (6.5111ms)
✔ file-list pointer capture is limited to an active left gesture in both views (5.9251ms)
✔ an outside release clears an active left gesture in both views (2.6958ms)
✔ a stale-layout release clears an active left gesture in both views (3.7825ms)
✔ non-left gestures pass through with current, stale, and missing layouts in both views (4.1974ms)
✔ right press reaches the native Windows paste fallback when eligible (4.7898ms)
✔ worktree list keeps selection visible, preserves root across reorder and refreshes from either level (8.6602ms)
✔ worktree labels remove terminal controls without changing diff or editor roots (6.3117ms)
✔ accordion refresh preserves expanded roots and selected file; left returns to parent then collapses (6.4068ms)
✔ accordion selection scrolls flattened rows and diff scrolling does not open the editor (6.1284ms)
✔ both file lists render modified with colored signed counts (26.7974ms)
✔ both file lists render added with colored signed counts (19.9499ms)
✔ both file lists render deleted with colored signed counts (25.1075ms)
✔ both file lists render renamed with colored signed counts (21.4986ms)
✔ both file lists render untracked with colored signed counts (27.2532ms)
✔ colorDiff drops git headers and colors hunks, additions, and removals by role (0.2883ms)
✔ ChangesView renders a framed two-pane layout at the requested size (6.458ms)
✔ ChangesView loads the selected diff lazily and moves with j/k and arrows (6.7335ms)
✔ ChangesView scrolls the diff pane and shows an empty state for files without a diff (19.7384ms)
✔ ChangesView opens the selected file and closes on escape or q (14.2995ms)
✔ ChangesView click selects a file without opening it (16.2517ms)
✔ ChangesView receives native fullscreen press and release as a click (2.689ms)
✔ ChangesView rebuilds pointer geometry when its overlay height changes (1.9944ms)
✔ ChangesView scrolls the file list and diff independently, ignores hover, and clears stale pointer layouts (6.4637ms)
✔ ChangesView keeps keyboard selection visible after file-list scrolling (3.7681ms)
✔ ChangesView.update keeps the selected file, reloads moved diffs, and survives an empty tree (62.4734ms)
✔ parseNumstat reads counts, treats binaries as zero, and resolves rename braces (2.0344ms)
✔ parsePorcelain reads NUL-separated status entries including renames and untracked files (0.2975ms)
✔ snapshotChanges merges status with counts and keeps untracked files without counts (0.3161ms)
✔ changesModel sorts files by path and totals the counts (1.1502ms)
✖ changesSummary and the widget describe the session at a glance (32.0768ms)
✔ renderChangesWidget colors counts by direction and yields nothing when clean (4.9546ms)
✔ renderChangesWidget drops the file list before truncating on narrow terminals (0.8781ms)
✔ ChangesTracker reads the working tree on start and again on refresh (0.7276ms)
✔ ChangesTracker stays quiet outside a git repository (0.2174ms)
✔ ChangesTracker coalesces overlapping refreshes into at most one extra round (7.9135ms)
✔ registered roots hide clean and missing worktrees while metadata never admits bare or prunable siblings (3.8847ms)
✔ only registered worktrees are scanned, with whole preexisting and untracked contents (1.1999ms)
✔ worktree refresh shares one scan so polling faster than discovery cannot prolong it (0.7609ms)
✔ registration during an in-flight status scan is included before refresh resolves (0.4973ms)
✔ worktree porcelain preserves unusual directory names and detached fallback (0.1482ms)
✔ registered roots remain scannable during metadata discovery failure (0.3302ms)
✔ isolated Git worktrees include preexisting dirty files only after root registration (2390.9609ms)
✔ untracked-only unborn roots remain visible without a HEAD diff (0.538ms)
✔ ChangesTracker counts the lines of untracked files, which git numstat leaves out (0.4389ms)
✔ framePromptLines sets the petal in bold when the theme offers it (38.6142ms)
✔ framePromptLines draws rounded corners, side rules, and keeps every line at width (9.661ms)
✔ framePromptLines paints the frame with the editor border color and the petal with the state tone (0.8105ms)
✔ petalTone rests bright, walks the rose ramp while working, and turns to warning when queued (1.5129ms)
✔ petalGlyph spins through the flowers while working and rests otherwise (0.3806ms)
✔ framePromptLines spins the petal and labels the working and queued states (1.7234ms)
✔ framePromptLines keeps the editor scroll indicators inside the frame (1.0298ms)
✔ withPromptHint places a dim hint after the cursor on an empty editor line (0.6384ms)
✔ withPromptHint leaves the line alone when the hint does not fit (0.415ms)
✔ working prompt stays transparent at narrow and normal widths (2.4345ms)
✔ transparent prompt preserves pi's cursor reset (0.6548ms)
✔ sidebar heading is only the centered literal product label (32.2953ms)
✔ heading uses the current theme on every render (0.2737ms)
✔ grouped Status preserves structured fields and opaque integration text (24.7979ms)
✔ scrollable TODO keeps every task while bottom and collapsed cards stay bounded (16.5557ms)
✔ installation on a missing-terminal host is a harmless no-op (0.5751ms)
✔ only fullscreen at 140 columns activates; shrinking restores bottom paint (3.3255ms)
✔ rail orders Status, changes, agents, TODO independent of registration order (0.9045ms)
✔ branding belongs to scroll content before Status, never transcript or narrow bottom (0.8842ms)
✔ wheel scrolls the rail and is consumed at both boundaries and blank space (1.2413ms)
✔ rail dispatches a clipped, scroll-translated left click to only the matching sidebar part (1.2841ms)
✔ rail rejects removed or replaced parts before cached geometry is prepared again (0.7977ms)
✔ real layout frames reuse unchanged sidebar output and invalidate at state and breakpoint boundaries (27.1464ms)
✔ a rail digest refreshes live state that no invalidation announces (6.8737ms)
✔ reuses final sidebar presentation until a relevant invalidation (1.2597ms)
✔ cleanup restores the native layout and bottom paint without disposing widgets (0.3775ms)
✔ unsupported roots, empty rails and overflowing parts leave native layout intact (1.0228ms)
✔ unsupported hosts retain the original bottom widget and disposal (1.5615ms)
✔ terminal state survives host replacement without leaking across terminals (0.2387ms)
✔ bottom paint is suppressed only while the sidebar owns the host (0.2073ms)
✔ disposing an old part preserves its replacement and releases its bottom (0.1905ms)
✔ applyTodo write replaces the list, assigns ids, defaults to pending, and records the turn (3.6496ms)
✔ applyTodo write keeps ids the model passes back and drops the rest (0.3385ms)
✔ applyTodo add, update, and clear mutate one task at a time and validate ids (0.4599ms)
✔ applyTodo accepts completed as an alias of done, rejects unknown statuses, and sanitizes text (0.2904ms)
✔ applyTodo list reports the state without changing it (0.3246ms)
✔ todoSummary and staleTurns describe progress and how long the list went untouched (0.4081ms)
✔ replayTodo rebuilds the latest state from Gentle and rpiv tool results alike (0.4552ms)
✔ todoPromptBlock lists open work with the rules, and stays silent when there is nothing open (0.478ms)
✔ renderTodoCard draws the framed list with status glyphs and keeps every line at width (37.4591ms)
✔ renderTodoCard folds a long list: done tasks become one row and the open ones are capped (3.0462ms)
✔ renderTodoCard keeps the configured collapse shortcut in the header while stale state remains visible (2.6067ms)
✔ renderTodoCard keeps English controls visible and falls back to their icons at narrow widths (2.9819ms)
✔ completed titles strike only title cells across wrapped lines, never padding or rails (3.6341ms)
✔ renderTodoCard keeps stale indicators and collapse hints in scrollable lists (4.1506ms)
✔ renderTodoCard uses custom shortcuts, omits disabled shortcuts, and remains width-safe when hints cannot fit (6.942ms)
✔ UsageView frames the panel, keeps every line at width, and shows the empty state (49.3749ms)
✔ UsageView refetches on r and closes on escape or q (8.5188ms)
✔ windowLabel names the common windows and falls back to hours or days (1.153ms)
✔ formatReset speaks in minutes, hours, or days (0.2334ms)
✔ parseCodexUsage keeps plan, windows, and named limits, and never keeps the email (1.059ms)
✔ parseCodexUsage tolerates a payload without rate limits (0.1489ms)
✔ parseCodexHeaders reads the SSE rate-limit headers when a provider sends them (1.4444ms)
✔ accountIdFromToken decodes the chatgpt account claim from an OAuth JWT (0.4061ms)
✔ renderUsageBar summarizes the main limit with a gauge and the rest as percentages (0.8219ms)
✔ renderUsagePanel lists each provider with meters, resets, and a stale marker (3.6913ms)
✔ renderUsagePanel puts the active provider first and explains missing data (30.3323ms)
✔ UsageStore keeps the latest snapshot per provider and lists them in order (0.4808ms)
✔ parseAnthropicHeaders turns the unified utilization fractions into 5h and weekly windows (0.3018ms)
✔ parseUsageHeaders picks whichever provider the headers belong to (0.2259ms)
✔ skills/branch-pr/SKILL.md frontmatter name is prefixed (2.9438ms)
✔ skills/chained-pr/SKILL.md frontmatter name is prefixed (0.7554ms)
✔ skills/cognitive-doc-design/SKILL.md frontmatter name is prefixed (0.5965ms)
✔ skills/comment-writer/SKILL.md frontmatter name is prefixed (0.4511ms)
✔ skills/issue-creation/SKILL.md frontmatter name is prefixed (0.4831ms)
✔ skills/judgment-day/SKILL.md frontmatter name is prefixed (0.4051ms)
✔ skills/rdd-defect-workflow/SKILL.md frontmatter name is prefixed (0.4009ms)
✔ skills/skill-creator/SKILL.md frontmatter name is prefixed (0.3519ms)
✔ skills/skill-improver/SKILL.md frontmatter name is prefixed (0.4032ms)
✔ skills/skill-registry/SKILL.md frontmatter name is prefixed (0.488ms)
✔ skills/work-unit-commits/SKILL.md frontmatter name is prefixed (0.3191ms)
✔ technical reference documents legacy skill-name compatibility aliases (1.4886ms)
✔ skills/gentle-ai/SKILL.md frontmatter name carries no gentle-ai- prefix (0.465ms)
✔ skills/release/SKILL.md frontmatter name carries no gentle-ai- prefix (0.2843ms)
✔ project skill dirs include supported workspace roots (1.4411ms)
✔ registry renders indexed skill paths instead of compact rules (2.5196ms)
✔ frontmatter parser accepts CRLF line endings (0.4882ms)
✔ frontmatter parser keeps full multiline descriptions (0.2325ms)
✔ description normalization preserves trigger and collapses whitespace (0.2286ms)
✔ project-scoped duplicate wins over user duplicate (0.4037ms)
✔ uniqueExistingDirs normalizes duplicates and ignores missing roots (13.1194ms)
✔ findSkillFiles scans one skill directory level only (6.7848ms)
✔ findSkillFiles follows symlinked skill directories (4.5768ms)
✔ skill registry watchers close on shutdown (28.8179ms)
✔ startup skip honors no skill registry controls (0.6121ms)
✔ duplicate extension load is skipped only across different sources (0.7437ms)
✖ project-local skill registry extension wins over installed package copy (2.8191ms)
✔ scope and markdown cells are represented in registry (0.359ms)
✔ generated registry file indexes skill path and omits body rules (7.8832ms)
✔ orchestrator documents path injection protocol (1.228ms)
✔ non-forced regeneration invalidates cache when skill bytes change but path, size, and mtime are restored (64.2892ms)
✔ startup branch lookup uses direct git argv and hides its Windows child (1.7785ms)
✔ startup banner keeps animating after invalidate and cleans up on dispose (32.2889ms)
✔ startup art respects rose=false, logo=false and cyan palette (16.276ms)
✔ startup art respects rose=false, logo=true and cyan palette (17.1917ms)
✔ startup art respects rose=true, logo=false and cyan palette (53.953ms)
✔ startup art respects rose=true, logo=true and cyan palette (21.7053ms)
✔ shouldTriggerTelemetry: pure predicate table (1.6137ms)
✔ spawnTelemetryTrigger: launches the expected argv, detached, hidden, and stdio-ignored (2.3439ms)
✔ spawnTelemetryTrigger: never spawns under each kill switch (0.4898ms)
✔ spawnTelemetryTrigger: a throwing spawn is swallowed, never thrown (0.2346ms)
✔ spawnTelemetryTrigger: the 3 s kill timer fires exactly once and is unref'd (0.7789ms)
✔ decodeTelemetryTriggerDecision: decodes a well-formed v1 payload (0.4405ms)
✔ decodeTelemetryTriggerDecision: every documented decision round-trips (0.5577ms)
✔ decodeTelemetryTriggerDecision: an old binary's output decodes as nothing to do (0.3372ms)
✔ decodeTelemetryTriggerDecision: rejects a mismatched schema, unknown decision, or missing source (0.5444ms)
✔ activation: spawns the telemetry trigger exactly once for a primary session (7.49ms)
✔ activation: never spawns for a named or SDD agent event (2.0978ms)
✔ activation: a missing binary or spawn error never affects activation (1.2342ms)
✔ /jero:telemetry relays a status --json payload (0.6359ms)
✔ /jero:telemetry disable prints a one-line confirmation (0.2882ms)
✔ /jero:telemetry relays a typed non-zero failure (0.2959ms)
✔ /jero:telemetry rejects an unknown sub-action without calling the binary (0.1819ms)
✔ sanitizeTerminalText removes user-controlled ANSI and control characters (1.0142ms)
✔ sanitizeTerminalText removes unterminated OSC payloads (0.1947ms)
✔ stripAnsi removes OSC payloads and ANSI styling (0.1432ms)
✔ contracts/ walk fails on a file that exists on disk but is unlisted in contractHashes (6.1738ms)
✔ contracts/ walk fails on a contractHashes entry that is missing from disk (3.7602ms)
✔ contracts/ walk excludes the provider contract mirror subtree, whose bytes are pinned by its own lock (5.7591ms)
✔ sources <-> runtime/*.mjs walk fails when a generated runtime file is absent from the generator's sources array (3.7088ms)
✔ sources <-> runtime/*.mjs walk fails when a sources entry is absent from requiredPaths (3.9918ms)
✔ Gentle AI version pin mismatch is reported with a specific message when a derived location disagrees with the authoritative constant (1.2323ms)
✔ Gentle AI version pin mismatch also flags a drifted release URL and a drifted Windows source tag (0.2381ms)
✔ Gentle AI version pin agrees across the installer version, the release URL, the Windows source tag, and lib/core/gentle-ai-binary.ts (0.1561ms)
✔ both walks report no drift when sources, runtime/*.mjs, requiredPaths, and contractHashes fully agree (4.4814ms)
✔ task-scoped surfaces are accepted ahead of a deeper heading (4.8387ms)
✔ task-scoped surfaces reject trailing prose before the next heading (1.3882ms)
✔ canonical headings close the surface section with up to three ASCII spaces (1.8246ms)
✔ canonical empty headings with trailing spaces close the surface section (1.0878ms)
✔ pseudo-headings remain inside the surface section and reject dangerous paths (7.4694ms)
✔ only ASCII spaces may separate Markdown list markers from entries (2.6682ms)
✔ the documented task shape from issue #484 is accepted (1.1251ms)
✔ bullet, backtick and plain-line surfaces reach the same decision (3.2026ms)
✔ a list broken by a blank line still validates every entry (2.8148ms)
✔ an entry hidden below a paragraph is validated, not discarded (1.1981ms)
✔ whitespace-bearing surfaces require whole-entry backticks (21.2772ms)
✔ out-of-scope and empty surfaces stay rejected (3.0837ms)
✔ agents outside the bounded writer set are not scope-guarded (0.8096ms)
ℹ tests 2138
ℹ suites 0
ℹ pass 2031
ℹ fail 88
ℹ cancelled 0
ℹ skipped 19
ℹ todo 0
ℹ duration_ms 2709183.9137

✖ failing tests:

test at tests\gentle-ai-dev-binary-surfacing.test.ts:64:1
✖ jero:doctor and jero:status surface the active dev-binary override loudly (43.9487ms)
  AssertionError [ERR_ASSERTION]: jero:doctor: el Gentleman doctor
  warn: Global delegation assets stale: 3 file(s) — run /jero:install-delegation --force to refresh managed assets
  warn: Global review assets stale: 8 file(s) — run /jero:install-review --force to refresh managed assets
  info: Global SDD assets: on demand (not installed)
  warn: OpenSpec config missing
  warn: Skill registry missing
  pass: Global model config missing
  pass: Sensitive-path guard active for read/write/edit tools
  warn: Engram memory tools not active in this session
  warn: Gentle AI dev binary override active (unpinned, field-test only): C:\Users\Administrator\AppData\Local\Temp\jero-pi-dev-surface-bin-uPS64W\gentle-ai version unavailable sha256:8fd735543ec2fa59
      at file:///D:/jero-pi/jero-pi/tests/gentle-ai-dev-binary-surfacing.test.ts:77:12
      at process.processTicksAndRejections (node:internal/process/task_queues:103:5)
      at async withDevOverride (file:///D:/jero-pi/jero-pi/tests/gentle-ai-dev-binary-surfacing.test.ts:58:10)
      at async TestContext.<anonymous> (file:///D:/jero-pi/jero-pi/tests/gentle-ai-dev-binary-surfacing.test.ts:68:3)
      at async Test.run (node:internal/test_runner/test:1110:7)
      at async startSubtestAfterBootstrap (node:internal/test_runner/harness:358:3) {
    generatedMessage: false,
    code: 'ERR_ASSERTION',
    actual: false,
    expected: true,
    operator: '==',
    diff: 'simple'
  }

test at tests\gentle-ai-dev-binary-surfacing.test.ts:167:1
✖ session start announces the active override once, loudly (112.0115ms)
  AssertionError [ERR_ASSERTION]: [{"message":"Gentle AI dev binary override active (unpinned, field-test only): C:\\Users\\Administrator\\AppData\\Local\\Temp\\jero-pi-dev-surface-bin-OVASo6\\gentle-ai version unavailable sha256:8fd735543ec2fa59","severity":"warning"}]
      at file:///D:/jero-pi/jero-pi/tests/gentle-ai-dev-binary-surfacing.test.ts:188:11
      at async withDevOverride (file:///D:/jero-pi/jero-pi/tests/gentle-ai-dev-binary-surfacing.test.ts:58:10)
      at async TestContext.<anonymous> (file:///D:/jero-pi/jero-pi/tests/gentle-ai-dev-binary-surfacing.test.ts:171:3)
      at async Test.run (node:internal/test_runner/test:1110:7)
      at async Test.processPendingSubtests (node:internal/test_runner/test:785:7) {
    generatedMessage: false,
    code: 'ERR_ASSERTION',
    actual: undefined,
    expected: true,
    operator: '==',
    diff: 'simple'
  }

test at tests\gentle-ai-dev-binary.test.ts:54:1
✖ the explicit env override resolves a verified dev binary and never changes the pinned path (7.0989ms)
  Error [GentleAiDevBinaryOverrideError]: dev-binary-override-invalid: GENTLE_PI_GENTLE_AI_DEV_BINARY names "C:\Users\Administrator\AppData\Local\Temp\jero-pi-dev-bin-AblKeS\gentle-ai", which is not a POSIX executable. Fix or remove the override; the pinned binary is never used silently while an override is declared.
      at validateDevBinary (file:///D:/jero-pi/jero-pi/lib/core/gentle-ai-binary.ts:130:66)
      at resolveGentleAiDevBinaryOverride (file:///D:/jero-pi/jero-pi/lib/core/gentle-ai-binary.ts:172:60)
      at TestContext.<anonymous> (file:///D:/jero-pi/jero-pi/tests/gentle-ai-dev-binary.test.ts:61:19)
      at async Test.run (node:internal/test_runner/test:1110:7)
      at async startSubtestAfterBootstrap (node:internal/test_runner/harness:358:3) {
    code: 'dev-binary-override-invalid',
    source: 'env',
    origin: 'GENTLE_PI_GENTLE_AI_DEV_BINARY'
  }

test at tests\gentle-ai-dev-binary.test.ts:75:1
✖ a registration is strict, env wins, and unregister restores the pinned resolver (5.4379ms)
  Error [GentleAiDevBinaryOverrideError]: dev-binary-override-invalid: C:\Users\Administrator\AppData\Local\Temp\jero-pi-dev-home-0n0Bdc\.pi\gentle-ai\dev-binary.json names "C:\Users\Administrator\AppData\Local\Temp\jero-pi-dev-bin-jg51RT\gentle-ai", which is not a POSIX executable. Fix or remove the override; the pinned binary is never used silently while an override is declared.
      at validateDevBinary (file:///D:/jero-pi/jero-pi/lib/core/gentle-ai-binary.ts:130:66)
      at registerGentleAiDevBinary (file:///D:/jero-pi/jero-pi/lib/core/gentle-ai-binary.ts:197:20)
      at TestContext.<anonymous> (file:///D:/jero-pi/jero-pi/tests/gentle-ai-dev-binary.test.ts:81:27)
      at async Test.run (node:internal/test_runner/test:1110:7)
      at async Test.processPendingSubtests (node:internal/test_runner/test:785:7) {
    code: 'dev-binary-override-invalid',
    source: 'registration',
    origin: 'C:\\Users\\Administrator\\AppData\\Local\\Temp\\jero-pi-dev-home-0n0Bdc\\.pi\\gentle-ai\\dev-binary.json'
  }

test at tests\gentle-ai-dev-binary.test.ts:147:1
✖ registered binary replacement is observed on the next resolution (4.1574ms)
  Error [GentleAiDevBinaryOverrideError]: dev-binary-override-invalid: C:\Users\Administrator\AppData\Local\Temp\jero-pi-dev-home-ykiiNF\.pi\gentle-ai\dev-binary.json names "C:\Users\Administrator\AppData\Local\Temp\jero-pi-dev-bin-fYgsKJ\gentle-ai", which is not a POSIX executable. Fix or remove the override; the pinned binary is never used silently while an override is declared.
      at validateDevBinary (file:///D:/jero-pi/jero-pi/lib/core/gentle-ai-binary.ts:130:66)
      at resolveGentleAiDevBinaryOverride (file:///D:/jero-pi/jero-pi/lib/core/gentle-ai-binary.ts:175:9)
      at TestContext.<anonymous> (file:///D:/jero-pi/jero-pi/tests/gentle-ai-dev-binary.test.ts:153:16)
      at async Test.run (node:internal/test_runner/test:1110:7)
      at async Test.processPendingSubtests (node:internal/test_runner/test:785:7) {
    code: 'dev-binary-override-invalid',
    source: 'registration',
    origin: 'C:\\Users\\Administrator\\AppData\\Local\\Temp\\jero-pi-dev-home-ykiiNF\\.pi\\gentle-ai\\dev-binary.json'
  }

test at tests\gentle-ai-installer.test.ts:607:1
✖ Darwin/Linux signed bundles retain their four-field manifest and reusable compatibility (35.5259ms)
  Error: signed bundle must be reused
      at download (file:///D:/jero-pi/jero-pi/tests/gentle-ai-installer.test.ts:626:82)
      at downloadPinnedGentleAiAsset (file:///D:/jero-pi/jero-pi/scripts/gentle-ai-installer.mjs:96:9)
      at file:///D:/jero-pi/jero-pi/scripts/gentle-ai-installer.mjs:663:10
      at async withInstallLock (file:///D:/jero-pi/jero-pi/scripts/gentle-ai-installer.mjs:616:15)
      at async TestContext.<anonymous> (file:///D:/jero-pi/jero-pi/tests/gentle-ai-installer.test.ts:626:16)
      at async Test.run (node:internal/test_runner/test:1110:7)
      at async Test.processPendingSubtests (node:internal/test_runner/test:785:7)

test at tests\gentle-ai-installer.test.ts:695:1
✖ extractors use only absolute trusted system paths, never lifecycle PATH or SystemRoot (0.4209ms)
  Error: Gentle AI installer requires a trusted system tar extractor
      at trustedSystemExtractor (file:///D:/jero-pi/jero-pi/scripts/gentle-ai-installer.mjs:221:22)
      at TestContext.<anonymous> (file:///D:/jero-pi/jero-pi/tests/gentle-ai-installer.test.ts:696:20)
      at Test.runInAsyncScope (node:async_hooks:214:14)
      at Test.run (node:internal/test_runner/test:1103:25)
      at Test.processPendingSubtests (node:internal/test_runner/test:785:18)
      at Test.postRun (node:internal/test_runner/test:1232:19)
      at Test.run (node:internal/test_runner/test:1160:12)
      at async Test.processPendingSubtests (node:internal/test_runner/test:785:7)

test at tests\gentle-ai-installer.test.ts:758:1
✖ installer promotes only the expected regular executable with executable POSIX mode (31.7971ms)
  AssertionError [ERR_ASSERTION]: The expression evaluated to a falsy value:
  
    assert.ok(((await stat(binary)).mode & 0o111) !== 0)
  
      at TestContext.<anonymous> (file:///D:/jero-pi/jero-pi/tests/gentle-ai-installer.test.ts:779:9)
      at async Test.run (node:internal/test_runner/test:1110:7)
      at async Test.processPendingSubtests (node:internal/test_runner/test:785:7) {
    generatedMessage: true,
    code: 'ERR_ASSERTION',
    actual: false,
    expected: true,
    operator: '==',
    diff: 'simple'
  }

test at tests\jero-agents.test.ts:835:2
✖ child mutation attribution through registered subagent_run: own (139.0166ms)
  AssertionError [ERR_ASSERTION]: Expected values to be strictly equal:
  
  0 !== 1
  
      at TestContext.<anonymous> (file:///D:/jero-pi/jero-pi/tests/jero-agents.test.ts:871:10)
      at async Test.run (node:internal/test_runner/test:1110:7)
      at async Test.processPendingSubtests (node:internal/test_runner/test:785:7) {
    generatedMessage: true,
    code: 'ERR_ASSERTION',
    actual: 0,
    expected: 1,
    operator: 'strictEqual',
    diff: 'simple'
  }

test at tests\jero-agents.test.ts:835:2
✖ child mutation attribution through registered subagent_run: other-root (129.1348ms)
  AssertionError [ERR_ASSERTION]: Expected values to be strictly equal:
  
  0 !== 1
  
      at TestContext.<anonymous> (file:///D:/jero-pi/jero-pi/tests/jero-agents.test.ts:871:10)
      at async Test.run (node:internal/test_runner/test:1110:7)
      at async Test.processPendingSubtests (node:internal/test_runner/test:785:7) {
    generatedMessage: true,
    code: 'ERR_ASSERTION',
    actual: 0,
    expected: 1,
    operator: 'strictEqual',
    diff: 'simple'
  }

test at tests\jero-agents.test.ts:879:1
✖ default Node spawn adapter distinguishes IPC-only and permission-capable canonical Git children (59.9833ms)
  AssertionError [ERR_ASSERTION]: Expected values to be strictly deep-equal:
  + actual - expected
  
    {
      FIXTURE: 'permission',
      GENTLE_PI_AGENTS_CHILD: '1',
      GENTLE_PI_AGENTS_OWNED_IPC: '1789393477544-pffxgii57um',
  -   GENTLE_PI_AGENTS_PARENT_PERMISSION_FD: '3',
      PATH: '/bin'
    }
  
      at TestContext.<anonymous> (file:///D:/jero-pi/jero-pi/tests/jero-agents.test.ts:943:11)
      at async Test.run (node:internal/test_runner/test:1110:7)
      at async Test.processPendingSubtests (node:internal/test_runner/test:785:7) {
    generatedMessage: true,
    code: 'ERR_ASSERTION',
    actual: { PATH: '/bin', FIXTURE: 'permission', GENTLE_PI_AGENTS_CHILD: '1', GENTLE_PI_AGENTS_OWNED_IPC: '1789393477544-pffxgii57um' },
    expected: { PATH: '/bin', FIXTURE: 'permission', GENTLE_PI_AGENTS_CHILD: '1', GENTLE_PI_AGENTS_OWNED_IPC: '1789393477544-pffxgii57um', GENTLE_PI_AGENTS_PARENT_PERMISSION_FD: '3' },
    operator: 'deepStrictEqual',
    diff: 'simple'
  }

test at tests\jero-agents.test.ts:1156:1
✖ agentRuntimePaths isolates sessions and transcripts by profile and retains the explicit-home fallback (0.8415ms)
  AssertionError [ERR_ASSERTION]: Expected values to be strictly deep-equal:
  + actual - expected
  
    {
  +   sessions: '\\profiles\\pi-principal\\agent\\gentle-agents\\sessions',
  +   transcripts: '\\profiles\\pi-principal\\agent\\gentle-agents\\transcripts'
  -   sessions: '/profiles/pi-principal/agent/gentle-agents/sessions',
  -   transcripts: '/profiles/pi-principal/agent/gentle-agents/transcripts'
    }
  
      at TestContext.<anonymous> (file:///D:/jero-pi/jero-pi/tests/jero-agents.test.ts:1157:9)
      at Test.runInAsyncScope (node:async_hooks:214:14)
      at Test.run (node:internal/test_runner/test:1103:25)
      at Test.processPendingSubtests (node:internal/test_runner/test:785:18)
      at Test.postRun (node:internal/test_runner/test:1232:19)
      at Test.run (node:internal/test_runner/test:1160:12)
      at async Test.processPendingSubtests (node:internal/test_runner/test:785:7) {
    generatedMessage: true,
    code: 'ERR_ASSERTION',
    actual: { sessions: '\\profiles\\pi-principal\\agent\\gentle-agents\\sessions', transcripts: '\\profiles\\pi-principal\\agent\\gentle-agents\\transcripts' },
    expected: { sessions: '/profiles/pi-principal/agent/gentle-agents/sessions', transcripts: '/profiles/pi-principal/agent/gentle-agents/transcripts' },
    operator: 'deepStrictEqual',
    diff: 'simple'
  }

test at tests\jero-shell.test.ts:515:1
✖ registered canonical root governs real Git discovery, status and diff despite inherited routing (564.3573ms)
  AssertionError [ERR_ASSERTION]: The input did not match the regular expression /worktree C:\Users\Administrator\AppData\Local\Temp\shell-git-routing-6WYpGB\selected/. Input:
  
  'worktree C:/Users/Administrator/AppData/Local/Temp/shell-git-routing-6WYpGB/selected\x00HEAD 6fb6ab16bff6c9c1f8f2f440cfa3f0cac5d16bbb\x00branch refs/heads/main\x00\x00'
  
      at TestContext.<anonymous> (file:///D:/jero-pi/jero-pi/tests/jero-shell.test.ts:548:9)
      at process.processTicksAndRejections (node:internal/process/task_queues:103:5)
      at async Test.run (node:internal/test_runner/test:1110:7)
      at async Test.processPendingSubtests (node:internal/test_runner/test:785:7) {
    generatedMessage: true,
    code: 'ERR_ASSERTION',
    actual: 'worktree C:/Users/Administrator/AppData/Local/Temp/shell-git-routing-6WYpGB/selected\x00HEAD 6fb6ab16bff6c9c1f8f2f440cfa3f0cac5d16bbb\x00branch refs/heads/main\x00\x00',
    expected: /worktree C:\Users\Administrator\AppData\Local\Temp\shell-git-routing-6WYpGB\selected/,
    operator: 'match',
    diff: 'simple'
  }

test at tests\native-review-cli.test.ts:86:1
✖ native SDD status executes its exact selected-root argv and returns only a validated v2 authority (1.9626ms)
  Error [NativeReviewCliError]: native response is schema incompatible
      at decode (file:///D:/jero-pi/jero-pi/lib/native/native-review-cli.ts:1156:107)
      at NativeReviewCliV216.sddProjection (file:///D:/jero-pi/jero-pi/lib/native/native-review-cli.ts:2197:10)
      at async TestContext.<anonymous> (file:///D:/jero-pi/jero-pi/tests/native-review-cli.test.ts:89:17)
      at async Test.run (node:internal/test_runner/test:1110:7)
      at async startSubtestAfterBootstrap (node:internal/test_runner/harness:358:3) {
    code: 'schema-incompatible',
    operation: 'sdd-status',
    launchAttempted: true,
    mutating: false,
    mutationOutcome: 'none',
    nextAction: undefined,
    diagnostics: { operation: 'sdd-status', error_code: 'schema-incompatible', timed_out: false, output_limit_exceeded: false },
    auditRecord: undefined
  }

test at tests\native-review-cli.test.ts:102:1
✖ native SDD status rejects malformed v2 identities, dependencies, instructions, and blockers (0.7311ms)
  AssertionError [ERR_ASSERTION]: Got unwanted exception.
  Actual message: "native SDD planning home escaped its workspace"
      at TestContext.<anonymous> (file:///D:/jero-pi/jero-pi/tests/native-review-cli.test.ts:104:9)
      at Test.runInAsyncScope (node:async_hooks:214:14)
      at Test.run (node:internal/test_runner/test:1103:25)
      at Test.processPendingSubtests (node:internal/test_runner/test:785:18)
      at Test.postRun (node:internal/test_runner/test:1232:19)
      at Test.run (node:internal/test_runner/test:1160:12)
      at async startSubtestAfterBootstrap (node:internal/test_runner/harness:358:3) {
    generatedMessage: false,
    code: 'ERR_ASSERTION',
    actual: Error: native SDD planning home escaped its workspace
        at decodeNativeSddStatusV2 (file:///D:/jero-pi/jero-pi/lib/native/native-review-cli.ts:1453:159)
        at file:///D:/jero-pi/jero-pi/tests/native-review-cli.test.ts:104:28
        at getActual (node:assert:611:5)
        at strict.doesNotThrow (node:assert:779:32)
        at TestContext.<anonymous> (file:///D:/jero-pi/jero-pi/tests/native-review-cli.test.ts:104:9)
        at Test.runInAsyncScope (node:async_hooks:214:14)
        at Test.run (node:internal/test_runner/test:1103:25)
        at Test.processPendingSubtests (node:internal/test_runner/test:785:18)
        at Test.postRun (node:internal/test_runner/test:1232:19)
        at Test.run (node:internal/test_runner/test:1160:12),
    expected: undefined,
    operator: 'doesNotThrow',
    diff: 'simple'
  }

test at tests\native-review-cli.test.ts:136:1
✖ native v2 read-only decoding preserves omitted optional phaseInstructions (0.1452ms)
  Error: native SDD planning home escaped its workspace
      at decodeNativeSddStatusV2 (file:///D:/jero-pi/jero-pi/lib/native/native-review-cli.ts:1453:159)
      at TestContext.<anonymous> (file:///D:/jero-pi/jero-pi/tests/native-review-cli.test.ts:139:15)
      at Test.runInAsyncScope (node:async_hooks:214:14)
      at Test.run (node:internal/test_runner/test:1103:25)
      at Test.processPendingSubtests (node:internal/test_runner/test:785:18)
      at Test.postRun (node:internal/test_runner/test:1232:19)
      at Test.run (node:internal/test_runner/test:1160:12)
      at async Test.processPendingSubtests (node:internal/test_runner/test:785:7)

test at tests\native-review-cli.test.ts:1004:1
✖ native continuation uses a distinct mutating operation and the same v2 decoder (0.209ms)
  Error [NativeReviewCliError]: native response is schema incompatible
      at decode (file:///D:/jero-pi/jero-pi/lib/native/native-review-cli.ts:1156:107)
      at NativeReviewCliV216.sddProjection (file:///D:/jero-pi/jero-pi/lib/native/native-review-cli.ts:2197:10)
      at async TestContext.<anonymous> (file:///D:/jero-pi/jero-pi/tests/native-review-cli.test.ts:1008:16)
      at async Test.run (node:internal/test_runner/test:1110:7)
      at async Test.processPendingSubtests (node:internal/test_runner/test:785:7) {
    code: 'schema-incompatible',
    operation: 'sdd-continue',
    launchAttempted: true,
    mutating: true,
    mutationOutcome: 'unknown',
    nextAction: 'review.status',
    diagnostics: { operation: 'sdd-continue', error_code: 'schema-incompatible', timed_out: false, output_limit_exceeded: false },
    auditRecord: undefined
  }

test at tests\native-review-cli.test.ts:1014:1
✖ native discovery preserves nullable selection and rejects an invented selected identity (0.094ms)
  Error: native SDD planning home escaped its workspace
      at decodeNativeSddStatusV2 (file:///D:/jero-pi/jero-pi/lib/native/native-review-cli.ts:1453:159)
      at TestContext.<anonymous> (file:///D:/jero-pi/jero-pi/tests/native-review-cli.test.ts:1016:15)
      at Test.runInAsyncScope (node:async_hooks:214:14)
      at Test.run (node:internal/test_runner/test:1103:25)
      at Test.processPendingSubtests (node:internal/test_runner/test:785:18)
      at Test.postRun (node:internal/test_runner/test:1232:19)
      at Test.run (node:internal/test_runner/test:1160:12)
      at async Test.processPendingSubtests (node:internal/test_runner/test:785:7)

test at tests\native-review-cli.test.ts:1020:1
✖ all twelve native actions retain their exact tokens without prose routing (0.0873ms)
  Error: native SDD planning home escaped its workspace
      at decodeNativeSddStatusV2 (file:///D:/jero-pi/jero-pi/lib/native/native-review-cli.ts:1453:159)
      at TestContext.<anonymous> (file:///D:/jero-pi/jero-pi/tests/native-review-cli.test.ts:1023:16)
      at Test.runInAsyncScope (node:async_hooks:214:14)
      at Test.run (node:internal/test_runner/test:1103:25)
      at Test.processPendingSubtests (node:internal/test_runner/test:785:18)
      at Test.postRun (node:internal/test_runner/test:1232:19)
      at Test.run (node:internal/test_runner/test:1160:12)
      at async Test.processPendingSubtests (node:internal/test_runner/test:785:7)

test at tests\opaque-pi-reviewer-adapter.test.ts:110:1
✖ the opaque adapter streams arbitrary prompt and stdout bytes verbatim through the fixed Pi subprocess (11.9892ms)
  Error [OpaquePiReviewerTransportError]: Pi process could not start: spawn C:\Users\Administrator\AppData\Local\Temp\jero-pi-opaque-reviewer-aILyM4\pi ENOENT
      at runOpaquePiReviewer (file:///D:/jero-pi/jero-pi/lib/review/opaque-pi-reviewer-adapter.ts:225:10)
      at process.processTicksAndRejections (node:internal/process/task_queues:103:5)
      at async TestContext.<anonymous> (file:///D:/jero-pi/jero-pi/tests/opaque-pi-reviewer-adapter.test.ts:112:17)
      at async Test.run (node:internal/test_runner/test:1110:7)
      at async startSubtestAfterBootstrap (node:internal/test_runner/harness:358:3) {
    kind: 'launch-failed',
    exitCode: null,
    stderr: <Buffer >,
    timedOut: false,
    cancelled: false,
    elapsedMs: null,
    timeoutMs: null
  }

test at tests\opaque-pi-reviewer-adapter.test.ts:132:1
✖ the opaque adapter returns typed transport errors for launch, nonzero, empty, timeout, and cancellation (7.2632ms)
  AssertionError [ERR_ASSERTION]: The validation function is expected to return "true". Received false
  
  Caught error:
  
  OpaquePiReviewerTransportError: Pi process could not start: spawn C:\Users\Administrator\AppData\Local\Temp\jero-pi-opaque-reviewer-bSm5g6\pi ENOENT
      at async rejectsWithTransportError (file:///D:/jero-pi/jero-pi/tests/opaque-pi-reviewer-adapter.test.ts:102:2)
      at async TestContext.<anonymous> (file:///D:/jero-pi/jero-pi/tests/opaque-pi-reviewer-adapter.test.ts:139:18)
      at async Test.run (node:internal/test_runner/test:1110:7)
      at async Test.processPendingSubtests (node:internal/test_runner/test:785:7) {
    generatedMessage: true,
    code: 'ERR_ASSERTION',
    actual: OpaquePiReviewerTransportError: Pi process could not start: spawn C:\Users\Administrator\AppData\Local\Temp\jero-pi-opaque-reviewer-bSm5g6\pi ENOENT
        at runOpaquePiReviewer (file:///D:/jero-pi/jero-pi/lib/review/opaque-pi-reviewer-adapter.ts:225:10)
        at process.processTicksAndRejections (node:internal/process/task_queues:103:5)
        at async waitForActual (node:assert:646:5)
        at async strict.rejects (node:assert:769:25)
        at async rejectsWithTransportError (file:///D:/jero-pi/jero-pi/tests/opaque-pi-reviewer-adapter.test.ts:102:2)
        at async TestContext.<anonymous> (file:///D:/jero-pi/jero-pi/tests/opaque-pi-reviewer-adapter.test.ts:139:18)
        at async Test.run (node:internal/test_runner/test:1110:7)
        at async Test.processPendingSubtests (node:internal/test_runner/test:785:7),
    operator: 'rejects',
    diff: 'simple'
  }

test at tests\opaque-pi-reviewer-adapter.test.ts:169:1
✖ the opaque adapter leaves no prompt or result file in scratch and reports cleanup failure as transport-only (8.9153ms)
  AssertionError [ERR_ASSERTION]: The validation function is expected to return "true". Received false
  
  Caught error:
  
  OpaquePiReviewerTransportError: Pi process could not start: spawn C:\Users\Administrator\AppData\Local\Temp\jero-pi-opaque-reviewer-FTfjX4\pi ENOENT
      at async rejectsWithTransportError (file:///D:/jero-pi/jero-pi/tests/opaque-pi-reviewer-adapter.test.ts:102:2)
      at async TestContext.<anonymous> (file:///D:/jero-pi/jero-pi/tests/opaque-pi-reviewer-adapter.test.ts:175:17)
      at async Test.run (node:internal/test_runner/test:1110:7)
      at async Test.processPendingSubtests (node:internal/test_runner/test:785:7) {
    generatedMessage: true,
    code: 'ERR_ASSERTION',
    actual: OpaquePiReviewerTransportError: Pi process could not start: spawn C:\Users\Administrator\AppData\Local\Temp\jero-pi-opaque-reviewer-FTfjX4\pi ENOENT
        at runOpaquePiReviewer (file:///D:/jero-pi/jero-pi/lib/review/opaque-pi-reviewer-adapter.ts:225:10)
        at process.processTicksAndRejections (node:internal/process/task_queues:103:5)
        at async waitForActual (node:assert:646:5)
        at async strict.rejects (node:assert:769:25)
        at async rejectsWithTransportError (file:///D:/jero-pi/jero-pi/tests/opaque-pi-reviewer-adapter.test.ts:102:2)
        at async TestContext.<anonymous> (file:///D:/jero-pi/jero-pi/tests/opaque-pi-reviewer-adapter.test.ts:175:17)
        at async Test.run (node:internal/test_runner/test:1110:7)
        at async Test.processPendingSubtests (node:internal/test_runner/test:785:7),
    operator: 'rejects',
    diff: 'simple'
  }

test at tests\opaque-pi-reviewer-adapter.test.ts:192:1
✖ the opaque adapter preserves primary nonzero and timeout errors when scratch cleanup also fails (4.323ms)
  AssertionError [ERR_ASSERTION]: The validation function is expected to return "true". Received false
  
  Caught error:
  
  OpaquePiReviewerTransportError: Pi process could not start: spawn C:\Users\Administrator\AppData\Local\Temp\jero-pi-opaque-reviewer-ZcoFTE\pi ENOENT
      at async rejectsWithTransportError (file:///D:/jero-pi/jero-pi/tests/opaque-pi-reviewer-adapter.test.ts:102:2)
      at async TestContext.<anonymous> (file:///D:/jero-pi/jero-pi/tests/opaque-pi-reviewer-adapter.test.ts:198:19)
      at async Test.run (node:internal/test_runner/test:1110:7)
      at async Test.processPendingSubtests (node:internal/test_runner/test:785:7) {
    generatedMessage: true,
    code: 'ERR_ASSERTION',
    actual: OpaquePiReviewerTransportError: Pi process could not start: spawn C:\Users\Administrator\AppData\Local\Temp\jero-pi-opaque-reviewer-ZcoFTE\pi ENOENT
        at runOpaquePiReviewer (file:///D:/jero-pi/jero-pi/lib/review/opaque-pi-reviewer-adapter.ts:225:10)
        at process.processTicksAndRejections (node:internal/process/task_queues:103:5)
        at async waitForActual (node:assert:646:5)
        at async strict.rejects (node:assert:769:25)
        at async rejectsWithTransportError (file:///D:/jero-pi/jero-pi/tests/opaque-pi-reviewer-adapter.test.ts:102:2)
        at async TestContext.<anonymous> (file:///D:/jero-pi/jero-pi/tests/opaque-pi-reviewer-adapter.test.ts:198:19)
        at async Test.run (node:internal/test_runner/test:1110:7)
        at async Test.processPendingSubtests (node:internal/test_runner/test:785:7),
    operator: 'rejects',
    diff: 'simple'
  }

test at tests\openspec-guardrails.test.ts:13:1
✖ detectActiveDomainCollisions finds other active changes touching the same domain (8.048ms)
  AssertionError [ERR_ASSERTION]: The input did not match the regular expression /openspec\/changes\/other\/specs\/sdd-openspec\/spec\.md$/. Input:
  
  'C:\\Users\\Administrator\\AppData\\Local\\Temp\\jero-pi-guardrails-7Yh4Va\\openspec\\changes\\other\\specs\\sdd-openspec\\spec.md'
  
      at TestContext.<anonymous> (file:///D:/jero-pi/jero-pi/tests/openspec-guardrails.test.ts:25:9)
      at async Test.run (node:internal/test_runner/test:1110:7)
      at async startSubtestAfterBootstrap (node:internal/test_runner/harness:358:3) {
    generatedMessage: true,
    code: 'ERR_ASSERTION',
    actual: 'C:\\Users\\Administrator\\AppData\\Local\\Temp\\jero-pi-guardrails-7Yh4Va\\openspec\\changes\\other\\specs\\sdd-openspec\\spec.md',
    expected: /openspec\/changes\/other\/specs\/sdd-openspec\/spec\.md$/,
    operator: 'match',
    diff: 'simple'
  }

test at tests\orchestrator-budget.test.ts:139:1
✖ getOrchestratorPrompt keeps a controlled long (>= 93 char) assets root within the canonical budget (79.7986ms)
  AssertionError [ERR_ASSERTION]: measure-orchestrator-prompt.mjs exited 1 (stderr: node:internal/modules/esm/load:195
      throw new ERR_UNSUPPORTED_ESM_URL_SCHEME(parsed, schemes);
            ^
  
  Error [ERR_UNSUPPORTED_ESM_URL_SCHEME]: Only URLs with a scheme in: file, data, and node are supported by the default ESM loader. On Windows, absolute paths must be valid file:// URLs. Received protocol 'd:'
      at throwIfUnsupportedURLScheme (node:internal/modules/esm/load:195:11)
      at defaultLoadSync (node:internal/modules/esm/load:142:3)
      at #loadAndMaybeBlockOnLoaderThread (node:internal/modules/esm/loader:796:12)
      at #loadSync (node:internal/modules/esm/loader:816:49)
      at ModuleLoader.load (node:internal/modules/esm/loader:781:26)
      at ModuleLoader.loadAndTranslate (node:internal/modules/esm/loader:526:31)
      at #getOrCreateModuleJobAfterResolve (node:internal/modules/esm/loader:577:36)
      at afterResolve (node:internal/modules/esm/loader:625:52)
      at ModuleLoader.getOrCreateModuleJob (node:internal/modules/esm/loader:631:12)
      at onImport.tracePromise.__proto__ (node:internal/modules/esm/loader:650:32) {
    code: 'ERR_UNSUPPORTED_ESM_URL_SCHEME'
  }
  
  Node.js v24.13.1
  )
  
  1 !== 0
  
      at measureOrchestratorPromptBytes (file:///D:/jero-pi/jero-pi/tests/orchestrator-budget.test.ts:105:9)
      at TestContext.<anonymous> (file:///D:/jero-pi/jero-pi/tests/orchestrator-budget.test.ts:145:16)
      at Test.runInAsyncScope (node:async_hooks:214:14)
      at Test.run (node:internal/test_runner/test:1103:25)
      at Test.processPendingSubtests (node:internal/test_runner/test:785:18)
      at Test.postRun (node:internal/test_runner/test:1232:19)
      at Test.run (node:internal/test_runner/test:1160:12)
      at async startSubtestAfterBootstrap (node:internal/test_runner/harness:358:3) {
    generatedMessage: false,
    code: 'ERR_ASSERTION',
    actual: 1,
    expected: 0,
    operator: 'strictEqual',
    diff: 'simple'
  }

test at tests\quiet-tool-rendering.test.ts:183:1
✖ quiet tool execution uses the tool-call cwd (175.651ms)
  AssertionError [ERR_ASSERTION]: Expected values to be strictly equal:
  + actual - expected
  
  + '/d/tmp'
  - 'D:\\tmp'
  
      at TestContext.<anonymous> (file:///D:/jero-pi/jero-pi/tests/quiet-tool-rendering.test.ts:196:9)
      at process.processTicksAndRejections (node:internal/process/task_queues:103:5)
      at async Test.run (node:internal/test_runner/test:1110:7)
      at async Test.processPendingSubtests (node:internal/test_runner/test:785:7) {
    generatedMessage: true,
    code: 'ERR_ASSERTION',
    actual: '/d/tmp',
    expected: 'D:\\tmp',
    operator: 'strictEqual',
    diff: 'simple'
  }

test at tests\review-agent-end-preflight.test.ts:138:2
✖ agent_end after approved acknowledgement: same (473.6912ms)
  AssertionError [ERR_ASSERTION]: Expected values to be strictly deep-equal:
  + actual - expected
  
    {
  +   lineage_created: false,
  +   mutation_outcome: 'none',
  +   mutation_performed: false,
  +   next_action: 'resolve-native-operation-failure',
  -   authority: 'burned',
  -   burn_evidence: 'gentle-ai.review-acknowledged/v1',
  -   consumed_revision: 'sha256:aaaaaaaaaaaaaaaaaaaaaaaaaaaaaaaaaaaaaaaaaaaaaaaaaaaaaaaaaaaaaaaa',
  -   delivery: 'ordinary-repository-policy',
  -   lineage_id: 'agent-end-post-ack-same',
  -   mutation_outcome: 'committed',
  -   mutation_performed: true,
      operation: 'acknowledge-approved',
  +   outcome: 'native-operation-failed',
  +   status: 'blocked'
  -   outcome: 'native-approved-acknowledgement-completed',
  -   status: 'closed',
  -   target_identity: 'sha256:aaaaaaaaaaaaaaaaaaaaaaaaaaaaaaaaaaaaaaaaaaaaaaaaaaaaaaaaaaaaaaaa'
    }
  
      at TestContext.<anonymous> (file:///D:/jero-pi/jero-pi/tests/review-agent-end-preflight.test.ts:217:17)
      at async Test.run (node:internal/test_runner/test:1110:7)
      at async startSubtestAfterBootstrap (node:internal/test_runner/harness:358:3) {
    generatedMessage: true,
    code: 'ERR_ASSERTION',
    actual: { operation: 'acknowledge-approved', status: 'blocked', outcome: 'native-operation-failed', lineage_created: false, mutation_performed: false, mutation_outcome: 'none', next_action: 'resolve-native-operation-failure' },
    expected: { operation: 'acknowledge-approved', status: 'closed', outcome: 'native-approved-acknowledgement-completed', lineage_id: 'agent-end-post-ack-same', target_identity: 'sha256:aaaaaaaaaaaaaaaaaaaaaaaaaaaaaaaaaaaaaaaaaaaaaaaaaaaaaaaaaaaaaaaa', consumed_revision: 'sha256:aaaaaaaaaaaaaaaaaaaaaaaaaaaaaaaaaaaaaaaaaaaaaaaaaaaaaaaaaaaaaaaa', burn_evidence: 'gentle-ai.review-acknowledged/v1', authority: 'burned', delivery: 'ordinary-repository-policy', mutation_performed: true, mutation_outcome: 'committed' },
    operator: 'deepStrictEqual',
    diff: 'simple'
  }

test at tests\review-agent-end-preflight.test.ts:138:2
✖ agent_end after approved acknowledgement: changed (452.3622ms)
  AssertionError [ERR_ASSERTION]: Expected values to be strictly deep-equal:
  + actual - expected
  
    {
  +   lineage_created: false,
  +   mutation_outcome: 'none',
  +   mutation_performed: false,
  +   next_action: 'resolve-native-operation-failure',
  -   authority: 'burned',
  -   burn_evidence: 'gentle-ai.review-acknowledged/v1',
  -   consumed_revision: 'sha256:aaaaaaaaaaaaaaaaaaaaaaaaaaaaaaaaaaaaaaaaaaaaaaaaaaaaaaaaaaaaaaaa',
  -   delivery: 'ordinary-repository-policy',
  -   lineage_id: 'agent-end-post-ack-changed',
  -   mutation_outcome: 'committed',
  -   mutation_performed: true,
      operation: 'acknowledge-approved',
  +   outcome: 'native-operation-failed',
  +   status: 'blocked'
  -   outcome: 'native-approved-acknowledgement-completed',
  -   status: 'closed',
  -   target_identity: 'sha256:aaaaaaaaaaaaaaaaaaaaaaaaaaaaaaaaaaaaaaaaaaaaaaaaaaaaaaaaaaaaaaaa'
    }
  
      at TestContext.<anonymous> (file:///D:/jero-pi/jero-pi/tests/review-agent-end-preflight.test.ts:217:17)
      at async Test.run (node:internal/test_runner/test:1110:7)
      at async Test.processPendingSubtests (node:internal/test_runner/test:785:7) {
    generatedMessage: true,
    code: 'ERR_ASSERTION',
    actual: { operation: 'acknowledge-approved', status: 'blocked', outcome: 'native-operation-failed', lineage_created: false, mutation_performed: false, mutation_outcome: 'none', next_action: 'resolve-native-operation-failure' },
    expected: { operation: 'acknowledge-approved', status: 'closed', outcome: 'native-approved-acknowledgement-completed', lineage_id: 'agent-end-post-ack-changed', target_identity: 'sha256:aaaaaaaaaaaaaaaaaaaaaaaaaaaaaaaaaaaaaaaaaaaaaaaaaaaaaaaaaaaaaaaa', consumed_revision: 'sha256:aaaaaaaaaaaaaaaaaaaaaaaaaaaaaaaaaaaaaaaaaaaaaaaaaaaaaaaaaaaaaaaa', burn_evidence: 'gentle-ai.review-acknowledged/v1', authority: 'burned', delivery: 'ordinary-repository-policy', mutation_performed: true, mutation_outcome: 'committed' },
    operator: 'deepStrictEqual',
    diff: 'simple'
  }

test at tests\review-agent-end-preflight.test.ts:138:2
✖ agent_end after approved acknowledgement: sibling-root (489.6433ms)
  AssertionError [ERR_ASSERTION]: Expected values to be strictly deep-equal:
  + actual - expected
  
    {
  +   lineage_created: false,
  +   mutation_outcome: 'none',
  +   mutation_performed: false,
  +   next_action: 'resolve-native-operation-failure',
  -   authority: 'burned',
  -   burn_evidence: 'gentle-ai.review-acknowledged/v1',
  -   consumed_revision: 'sha256:aaaaaaaaaaaaaaaaaaaaaaaaaaaaaaaaaaaaaaaaaaaaaaaaaaaaaaaaaaaaaaaa',
  -   delivery: 'ordinary-repository-policy',
  -   lineage_id: 'agent-end-post-ack-sibling-root',
  -   mutation_outcome: 'committed',
  -   mutation_performed: true,
      operation: 'acknowledge-approved',
  +   outcome: 'native-operation-failed',
  +   status: 'blocked'
  -   outcome: 'native-approved-acknowledgement-completed',
  -   status: 'closed',
  -   target_identity: 'sha256:aaaaaaaaaaaaaaaaaaaaaaaaaaaaaaaaaaaaaaaaaaaaaaaaaaaaaaaaaaaaaaaa'
    }
  
      at TestContext.<anonymous> (file:///D:/jero-pi/jero-pi/tests/review-agent-end-preflight.test.ts:217:17)
      at async Test.run (node:internal/test_runner/test:1110:7)
      at async Test.processPendingSubtests (node:internal/test_runner/test:785:7) {
    generatedMessage: true,
    code: 'ERR_ASSERTION',
    actual: { operation: 'acknowledge-approved', status: 'blocked', outcome: 'native-operation-failed', lineage_created: false, mutation_performed: false, mutation_outcome: 'none', next_action: 'resolve-native-operation-failure' },
    expected: { operation: 'acknowledge-approved', status: 'closed', outcome: 'native-approved-acknowledgement-completed', lineage_id: 'agent-end-post-ack-sibling-root', target_identity: 'sha256:aaaaaaaaaaaaaaaaaaaaaaaaaaaaaaaaaaaaaaaaaaaaaaaaaaaaaaaaaaaaaaaa', consumed_revision: 'sha256:aaaaaaaaaaaaaaaaaaaaaaaaaaaaaaaaaaaaaaaaaaaaaaaaaaaaaaaaaaaaaaaa', burn_evidence: 'gentle-ai.review-acknowledged/v1', authority: 'burned', delivery: 'ordinary-repository-policy', mutation_performed: true, mutation_outcome: 'committed' },
    operator: 'deepStrictEqual',
    diff: 'simple'
  }

test at tests\review-agent-end-preflight.test.ts:138:2
✖ agent_end after approved acknowledgement: nested-root (425.904ms)
  AssertionError [ERR_ASSERTION]: Expected values to be strictly deep-equal:
  + actual - expected
  
    {
  +   lineage_created: false,
  +   mutation_outcome: 'none',
  +   mutation_performed: false,
  +   next_action: 'resolve-native-operation-failure',
  -   authority: 'burned',
  -   burn_evidence: 'gentle-ai.review-acknowledged/v1',
  -   consumed_revision: 'sha256:aaaaaaaaaaaaaaaaaaaaaaaaaaaaaaaaaaaaaaaaaaaaaaaaaaaaaaaaaaaaaaaa',
  -   delivery: 'ordinary-repository-policy',
  -   lineage_id: 'agent-end-post-ack-nested-root',
  -   mutation_outcome: 'committed',
  -   mutation_performed: true,
      operation: 'acknowledge-approved',
  +   outcome: 'native-operation-failed',
  +   status: 'blocked'
  -   outcome: 'native-approved-acknowledgement-completed',
  -   status: 'closed',
  -   target_identity: 'sha256:aaaaaaaaaaaaaaaaaaaaaaaaaaaaaaaaaaaaaaaaaaaaaaaaaaaaaaaaaaaaaaaa'
    }
  
      at TestContext.<anonymous> (file:///D:/jero-pi/jero-pi/tests/review-agent-end-preflight.test.ts:217:17)
      at async Test.run (node:internal/test_runner/test:1110:7)
      at async Test.processPendingSubtests (node:internal/test_runner/test:785:7) {
    generatedMessage: true,
    code: 'ERR_ASSERTION',
    actual: { operation: 'acknowledge-approved', status: 'blocked', outcome: 'native-operation-failed', lineage_created: false, mutation_performed: false, mutation_outcome: 'none', next_action: 'resolve-native-operation-failure' },
    expected: { operation: 'acknowledge-approved', status: 'closed', outcome: 'native-approved-acknowledgement-completed', lineage_id: 'agent-end-post-ack-nested-root', target_identity: 'sha256:aaaaaaaaaaaaaaaaaaaaaaaaaaaaaaaaaaaaaaaaaaaaaaaaaaaaaaaaaaaaaaaa', consumed_revision: 'sha256:aaaaaaaaaaaaaaaaaaaaaaaaaaaaaaaaaaaaaaaaaaaaaaaaaaaaaaaaaaaaaaaa', burn_evidence: 'gentle-ai.review-acknowledged/v1', authority: 'burned', delivery: 'ordinary-repository-policy', mutation_performed: true, mutation_outcome: 'committed' },
    operator: 'deepStrictEqual',
    diff: 'simple'
  }

test at tests\review-agent-end-preflight.test.ts:138:2
✖ agent_end after approved acknowledgement: failed (425.2274ms)
  AssertionError [ERR_ASSERTION]: Expected values to be strictly deep-equal:
  + actual - expected
  
  + []
  - [
  -   {
  -     argumentTokens: [
  -       '--cwd=D:\\jero-pi\\jero-pi',
  -       '--lineage=agent-end-post-ack-failed',
  -       '--target=sha256:aaaaaaaaaaaaaaaaaaaaaaaaaaaaaaaaaaaaaaaaaaaaaaaaaaaaaaaaaaaaaaaa',
  -       '--expected-revision=sha256:aaaaaaaaaaaaaaaaaaaaaaaaaaaaaaaaaaaaaaaaaaaaaaaaaaaaaaaaaaaaaaaa',
  -       '--token=provider-issued-once'
  -     ],
  -     binding: {
  -       lineageId: 'agent-end-post-ack-failed',
  -       revision: 'sha256:aaaaaaaaaaaaaaaaaaaaaaaaaaaaaaaaaaaaaaaaaaaaaaaaaaaaaaaaaaaaaaaa',
  -       targetIdentity: 'sha256:aaaaaaaaaaaaaaaaaaaaaaaaaaaaaaaaaaaaaaaaaaaaaaaaaaaaaaaaaaaaaaaa'
  -     },
  -     cwd: 'D:\\jero-pi\\jero-pi'
  -   }
  - ]
  
      at TestContext.<anonymous> (file:///D:/jero-pi/jero-pi/tests/review-agent-end-preflight.test.ts:225:10)
      at async Test.run (node:internal/test_runner/test:1110:7)
      at async Test.processPendingSubtests (node:internal/test_runner/test:785:7) {
    generatedMessage: true,
    code: 'ERR_ASSERTION',
    actual: [],
    expected: [ { cwd: 'D:\\jero-pi\\jero-pi', argumentTokens: [Array], binding: [Object] } ],
    operator: 'deepStrictEqual',
    diff: 'simple'
  }

test at tests\review-agent-end-preflight.test.ts:138:2
✖ agent_end after approved acknowledgement: unknown (427.7941ms)
  AssertionError [ERR_ASSERTION]: Expected values to be strictly equal:
  + actual - expected
  
  + 'native-operation-failed'
  - 'native-mutation-status-reconciled'
            ^
  
      at TestContext.<anonymous> (file:///D:/jero-pi/jero-pi/tests/review-agent-end-preflight.test.ts:215:11)
      at async Test.run (node:internal/test_runner/test:1110:7)
      at async Test.processPendingSubtests (node:internal/test_runner/test:785:7) {
    generatedMessage: true,
    code: 'ERR_ASSERTION',
    actual: 'native-operation-failed',
    expected: 'native-mutation-status-reconciled',
    operator: 'strictEqual',
    diff: 'simple'
  }

test at tests\review-agent-end-preflight.test.ts:138:2
✖ agent_end after approved acknowledgement: shutdown (449.5677ms)
  AssertionError [ERR_ASSERTION]: Expected values to be strictly deep-equal:
  + actual - expected
  
    {
  +   lineage_created: false,
  +   mutation_outcome: 'none',
  +   mutation_performed: false,
  +   next_action: 'resolve-native-operation-failure',
  -   authority: 'burned',
  -   burn_evidence: 'gentle-ai.review-acknowledged/v1',
  -   consumed_revision: 'sha256:aaaaaaaaaaaaaaaaaaaaaaaaaaaaaaaaaaaaaaaaaaaaaaaaaaaaaaaaaaaaaaaa',
  -   delivery: 'ordinary-repository-policy',
  -   lineage_id: 'agent-end-post-ack-shutdown',
  -   mutation_outcome: 'committed',
  -   mutation_performed: true,
      operation: 'acknowledge-approved',
  +   outcome: 'native-operation-failed',
  +   status: 'blocked'
  -   outcome: 'native-approved-acknowledgement-completed',
  -   status: 'closed',
  -   target_identity: 'sha256:aaaaaaaaaaaaaaaaaaaaaaaaaaaaaaaaaaaaaaaaaaaaaaaaaaaaaaaaaaaaaaaa'
    }
  
      at TestContext.<anonymous> (file:///D:/jero-pi/jero-pi/tests/review-agent-end-preflight.test.ts:217:17)
      at async Test.run (node:internal/test_runner/test:1110:7)
      at async Test.processPendingSubtests (node:internal/test_runner/test:785:7) {
    generatedMessage: true,
    code: 'ERR_ASSERTION',
    actual: { operation: 'acknowledge-approved', status: 'blocked', outcome: 'native-operation-failed', lineage_created: false, mutation_performed: false, mutation_outcome: 'none', next_action: 'resolve-native-operation-failure' },
    expected: { operation: 'acknowledge-approved', status: 'closed', outcome: 'native-approved-acknowledgement-completed', lineage_id: 'agent-end-post-ack-shutdown', target_identity: 'sha256:aaaaaaaaaaaaaaaaaaaaaaaaaaaaaaaaaaaaaaaaaaaaaaaaaaaaaaaaaaaaaaaa', consumed_revision: 'sha256:aaaaaaaaaaaaaaaaaaaaaaaaaaaaaaaaaaaaaaaaaaaaaaaaaaaaaaaaaaaaaaaa', burn_evidence: 'gentle-ai.review-acknowledged/v1', authority: 'burned', delivery: 'ordinary-repository-policy', mutation_performed: true, mutation_outcome: 'committed' },
    operator: 'deepStrictEqual',
    diff: 'simple'
  }

test at tests\review-agent-end-preflight.test.ts:138:2
✖ agent_end after approved acknowledgement: other-session (484.0019ms)
  AssertionError [ERR_ASSERTION]: Expected values to be strictly deep-equal:
  + actual - expected
  
    {
  +   lineage_created: false,
  +   mutation_outcome: 'none',
  +   mutation_performed: false,
  +   next_action: 'resolve-native-operation-failure',
  -   authority: 'burned',
  -   burn_evidence: 'gentle-ai.review-acknowledged/v1',
  -   consumed_revision: 'sha256:aaaaaaaaaaaaaaaaaaaaaaaaaaaaaaaaaaaaaaaaaaaaaaaaaaaaaaaaaaaaaaaa',
  -   delivery: 'ordinary-repository-policy',
  -   lineage_id: 'agent-end-post-ack-other-session',
  -   mutation_outcome: 'committed',
  -   mutation_performed: true,
      operation: 'acknowledge-approved',
  +   outcome: 'native-operation-failed',
  +   status: 'blocked'
  -   outcome: 'native-approved-acknowledgement-completed',
  -   status: 'closed',
  -   target_identity: 'sha256:aaaaaaaaaaaaaaaaaaaaaaaaaaaaaaaaaaaaaaaaaaaaaaaaaaaaaaaaaaaaaaaa'
    }
  
      at TestContext.<anonymous> (file:///D:/jero-pi/jero-pi/tests/review-agent-end-preflight.test.ts:217:17)
      at async Test.run (node:internal/test_runner/test:1110:7)
      at async Test.processPendingSubtests (node:internal/test_runner/test:785:7) {
    generatedMessage: true,
    code: 'ERR_ASSERTION',
    actual: { operation: 'acknowledge-approved', status: 'blocked', outcome: 'native-operation-failed', lineage_created: false, mutation_performed: false, mutation_outcome: 'none', next_action: 'resolve-native-operation-failure' },
    expected: { operation: 'acknowledge-approved', status: 'closed', outcome: 'native-approved-acknowledgement-completed', lineage_id: 'agent-end-post-ack-other-session', target_identity: 'sha256:aaaaaaaaaaaaaaaaaaaaaaaaaaaaaaaaaaaaaaaaaaaaaaaaaaaaaaaaaaaaaaaa', consumed_revision: 'sha256:aaaaaaaaaaaaaaaaaaaaaaaaaaaaaaaaaaaaaaaaaaaaaaaaaaaaaaaaaaaaaaaa', burn_evidence: 'gentle-ai.review-acknowledged/v1', authority: 'burned', delivery: 'ordinary-repository-policy', mutation_performed: true, mutation_outcome: 'committed' },
    operator: 'deepStrictEqual',
    diff: 'simple'
  }

test at tests\review-agent-end-preflight.test.ts:138:2
✖ agent_end after approved acknowledgement: legacy-success (484.6486ms)
  AssertionError [ERR_ASSERTION]: Expected values to be strictly deep-equal:
  + actual - expected
  
    {
  +   lineage_created: false,
  +   mutation_outcome: 'none',
  +   mutation_performed: false,
  +   next_action: 'resolve-native-operation-failure',
  -   authority: 'burned',
  -   delivery: 'ordinary-repository-policy',
  -   lineage_id: 'agent-end-post-ack-legacy-success',
  -   mutation_outcome: 'committed',
  -   mutation_performed: true,
      operation: 'acknowledge-approved',
  +   outcome: 'native-operation-failed',
  +   status: 'blocked'
  -   outcome: 'native-approved-acknowledgement-completed',
  -   status: 'closed',
  -   target_identity: 'sha256:aaaaaaaaaaaaaaaaaaaaaaaaaaaaaaaaaaaaaaaaaaaaaaaaaaaaaaaaaaaaaaaa'
    }
  
      at TestContext.<anonymous> (file:///D:/jero-pi/jero-pi/tests/review-agent-end-preflight.test.ts:217:17)
      at async Test.run (node:internal/test_runner/test:1110:7)
      at async Test.processPendingSubtests (node:internal/test_runner/test:785:7) {
    generatedMessage: true,
    code: 'ERR_ASSERTION',
    actual: { operation: 'acknowledge-approved', status: 'blocked', outcome: 'native-operation-failed', lineage_created: false, mutation_performed: false, mutation_outcome: 'none', next_action: 'resolve-native-operation-failure' },
    expected: { operation: 'acknowledge-approved', status: 'closed', outcome: 'native-approved-acknowledgement-completed', lineage_id: 'agent-end-post-ack-legacy-success', target_identity: 'sha256:aaaaaaaaaaaaaaaaaaaaaaaaaaaaaaaaaaaaaaaaaaaaaaaaaaaaaaaaaaaaaaaa', authority: 'burned', delivery: 'ordinary-repository-policy', mutation_performed: true, mutation_outcome: 'committed' },
    operator: 'deepStrictEqual',
    diff: 'simple'
  }

test at tests\review-agent-end-preflight.test.ts:138:2
✖ agent_end after approved acknowledgement: new-write (431.8089ms)
  AssertionError [ERR_ASSERTION]: Expected values to be strictly deep-equal:
  + actual - expected
  
    {
  +   lineage_created: false,
  +   mutation_outcome: 'none',
  +   mutation_performed: false,
  +   next_action: 'resolve-native-operation-failure',
  -   authority: 'burned',
  -   burn_evidence: 'gentle-ai.review-acknowledged/v1',
  -   consumed_revision: 'sha256:aaaaaaaaaaaaaaaaaaaaaaaaaaaaaaaaaaaaaaaaaaaaaaaaaaaaaaaaaaaaaaaa',
  -   delivery: 'ordinary-repository-policy',
  -   lineage_id: 'agent-end-post-ack-new-write',
  -   mutation_outcome: 'committed',
  -   mutation_performed: true,
      operation: 'acknowledge-approved',
  +   outcome: 'native-operation-failed',
  +   status: 'blocked'
  -   outcome: 'native-approved-acknowledgement-completed',
  -   status: 'closed',
  -   target_identity: 'sha256:aaaaaaaaaaaaaaaaaaaaaaaaaaaaaaaaaaaaaaaaaaaaaaaaaaaaaaaaaaaaaaaa'
    }
  
      at TestContext.<anonymous> (file:///D:/jero-pi/jero-pi/tests/review-agent-end-preflight.test.ts:217:17)
      at async Test.run (node:internal/test_runner/test:1110:7)
      at async Test.processPendingSubtests (node:internal/test_runner/test:785:7) {
    generatedMessage: true,
    code: 'ERR_ASSERTION',
    actual: { operation: 'acknowledge-approved', status: 'blocked', outcome: 'native-operation-failed', lineage_created: false, mutation_performed: false, mutation_outcome: 'none', next_action: 'resolve-native-operation-failure' },
    expected: { operation: 'acknowledge-approved', status: 'closed', outcome: 'native-approved-acknowledgement-completed', lineage_id: 'agent-end-post-ack-new-write', target_identity: 'sha256:aaaaaaaaaaaaaaaaaaaaaaaaaaaaaaaaaaaaaaaaaaaaaaaaaaaaaaaaaaaaaaaa', consumed_revision: 'sha256:aaaaaaaaaaaaaaaaaaaaaaaaaaaaaaaaaaaaaaaaaaaaaaaaaaaaaaaaaaaaaaaa', burn_evidence: 'gentle-ai.review-acknowledged/v1', authority: 'burned', delivery: 'ordinary-repository-policy', mutation_performed: true, mutation_outcome: 'committed' },
    operator: 'deepStrictEqual',
    diff: 'simple'
  }

test at tests\review-agent-end-preflight.test.ts:138:2
✖ agent_end after approved acknowledgement: concurrent-write (406.6806ms)
  AssertionError [ERR_ASSERTION]: Expected values to be strictly deep-equal:
  + actual - expected
  
    {
  +   lineage_created: false,
  +   mutation_outcome: 'none',
  +   mutation_performed: false,
  +   next_action: 'resolve-native-operation-failure',
  -   authority: 'burned',
  -   burn_evidence: 'gentle-ai.review-acknowledged/v1',
  -   consumed_revision: 'sha256:aaaaaaaaaaaaaaaaaaaaaaaaaaaaaaaaaaaaaaaaaaaaaaaaaaaaaaaaaaaaaaaa',
  -   delivery: 'ordinary-repository-policy',
  -   lineage_id: 'agent-end-post-ack-concurrent-write',
  -   mutation_outcome: 'committed',
  -   mutation_performed: true,
      operation: 'acknowledge-approved',
  +   outcome: 'native-operation-failed',
  +   status: 'blocked'
  -   outcome: 'native-approved-acknowledgement-completed',
  -   status: 'closed',
  -   target_identity: 'sha256:aaaaaaaaaaaaaaaaaaaaaaaaaaaaaaaaaaaaaaaaaaaaaaaaaaaaaaaaaaaaaaaa'
    }
  
      at TestContext.<anonymous> (file:///D:/jero-pi/jero-pi/tests/review-agent-end-preflight.test.ts:217:17)
      at async Test.run (node:internal/test_runner/test:1110:7)
      at async Test.processPendingSubtests (node:internal/test_runner/test:785:7) {
    generatedMessage: true,
    code: 'ERR_ASSERTION',
    actual: { operation: 'acknowledge-approved', status: 'blocked', outcome: 'native-operation-failed', lineage_created: false, mutation_performed: false, mutation_outcome: 'none', next_action: 'resolve-native-operation-failure' },
    expected: { operation: 'acknowledge-approved', status: 'closed', outcome: 'native-approved-acknowledgement-completed', lineage_id: 'agent-end-post-ack-concurrent-write', target_identity: 'sha256:aaaaaaaaaaaaaaaaaaaaaaaaaaaaaaaaaaaaaaaaaaaaaaaaaaaaaaaaaaaaaaaa', consumed_revision: 'sha256:aaaaaaaaaaaaaaaaaaaaaaaaaaaaaaaaaaaaaaaaaaaaaaaaaaaaaaaaaaaaaaaa', burn_evidence: 'gentle-ai.review-acknowledged/v1', authority: 'burned', delivery: 'ordinary-repository-policy', mutation_performed: true, mutation_outcome: 'committed' },
    operator: 'deepStrictEqual',
    diff: 'simple'
  }

test at tests\review-gate.test.ts:417:11
✖ nonzero (1211.6016ms)
  AssertionError [ERR_ASSERTION]: Every push ref update matches the approved receipt.
  
  'allow' !== 'deny'
  
      at TestContext.<anonymous> (file:///D:/jero-pi/jero-pi/tests/review-gate.test.ts:426:12)
      at Test.runInAsyncScope (node:async_hooks:214:14)
      at Test.run (node:internal/test_runner/test:1103:25)
      at Test.start (node:internal/test_runner/test:1000:17)
      at TestContext.test (node:internal/test_runner/test:367:20)
      at TestContext.<anonymous> (file:///D:/jero-pi/jero-pi/tests/review-gate.test.ts:417:11)
      at Test.runInAsyncScope (node:async_hooks:214:14)
      at Test.run (node:internal/test_runner/test:1103:25)
      at Test.processPendingSubtests (node:internal/test_runner/test:785:18)
      at Test.postRun (node:internal/test_runner/test:1232:19) {
    generatedMessage: false,
    code: 'ERR_ASSERTION',
    actual: 'allow',
    expected: 'deny',
    operator: 'strictEqual',
    diff: 'simple'
  }

test at tests\review-gate.test.ts:417:11
✖ malformed (1188.2413ms)
  AssertionError [ERR_ASSERTION]: Every push ref update matches the approved receipt.
  
  'allow' !== 'deny'
  
      at TestContext.<anonymous> (file:///D:/jero-pi/jero-pi/tests/review-gate.test.ts:426:12)
      at Test.runInAsyncScope (node:async_hooks:214:14)
      at Test.run (node:internal/test_runner/test:1103:25)
      at Test.start (node:internal/test_runner/test:1000:17)
      at TestContext.test (node:internal/test_runner/test:367:20)
      at TestContext.<anonymous> (file:///D:/jero-pi/jero-pi/tests/review-gate.test.ts:417:11)
      at async Test.run (node:internal/test_runner/test:1110:7)
      at async Test.processPendingSubtests (node:internal/test_runner/test:785:7) {
    generatedMessage: false,
    code: 'ERR_ASSERTION',
    actual: 'allow',
    expected: 'deny',
    operator: 'strictEqual',
    diff: 'simple'
  }

test at tests\review-gate.test.ts:417:11
✖ ambiguous (1233.7714ms)
  AssertionError [ERR_ASSERTION]: Every push ref update matches the approved receipt.
  
  'allow' !== 'deny'
  
      at TestContext.<anonymous> (file:///D:/jero-pi/jero-pi/tests/review-gate.test.ts:426:12)
      at Test.runInAsyncScope (node:async_hooks:214:14)
      at Test.run (node:internal/test_runner/test:1103:25)
      at Test.start (node:internal/test_runner/test:1000:17)
      at TestContext.test (node:internal/test_runner/test:367:20)
      at TestContext.<anonymous> (file:///D:/jero-pi/jero-pi/tests/review-gate.test.ts:417:11)
      at async Test.run (node:internal/test_runner/test:1110:7)
      at async Test.processPendingSubtests (node:internal/test_runner/test:785:7) {
    generatedMessage: false,
    code: 'ERR_ASSERTION',
    actual: 'allow',
    expected: 'deny',
    operator: 'strictEqual',
    diff: 'simple'
  }

test at tests\review-host-relay.test.ts:268:1
✖ the central native CLI runner declares the relay contract on every gentle-ai spawn (23.0003ms)
  Error: spawn C:\Users\Administrator\AppData\Local\Temp\jero-pi-relay-harness-nJKkdO\env-probe ENOENT
      at ChildProcess._handle.onexit (node:internal/child_process:286:19)
      at onErrorNT (node:internal/child_process:484:16)
      at process.processTicksAndRejections (node:internal/process/task_queues:89:21) {
    errno: -4058,
    code: 'ENOENT',
    syscall: 'spawn C:\\Users\\Administrator\\AppData\\Local\\Temp\\jero-pi-relay-harness-nJKkdO\\env-probe',
    path: 'C:\\Users\\Administrator\\AppData\\Local\\Temp\\jero-pi-relay-harness-nJKkdO\\env-probe',
    spawnargs: [ 'version' ],
    cmd: 'C:\\Users\\Administrator\\AppData\\Local\\Temp\\jero-pi-relay-harness-nJKkdO\\env-probe version',
    stdout: '',
    stderr: ''
  }

test at tests\review-host-relay.test.ts:296:1
✖ relay happy path moves prompt and result bytes verbatim through a fresh empty scratch pi subprocess (12.5009ms)
  Error [ReviewHostRelayError]: gentle-ai prompt materialization could not start: spawn C:\Users\Administrator\AppData\Local\Temp\jero-pi-relay-harness-trZjov\gentle-ai ENOENT
      at prepareReviewHostRelaySlot (file:///D:/jero-pi/jero-pi/lib/review/review-host-relay.ts:535:9)
      at process.processTicksAndRejections (node:internal/process/task_queues:103:5)
      at async runReviewHostRelaySlot (file:///D:/jero-pi/jero-pi/lib/review/review-host-relay.ts:691:51)
      at async TestContext.<anonymous> (file:///D:/jero-pi/jero-pi/tests/review-host-relay.test.ts:298:17)
      at async Test.run (node:internal/test_runner/test:1110:7)
      at async Test.processPendingSubtests (node:internal/test_runner/test:785:7) {
    kind: 'materialize-failed',
    stage: 'materialize',
    exitCode: null,
    stderr: '',
    timedOut: false,
    elapsedMs: null,
    timeoutMs: null,
    mutationOutcome: 'none'
  }

test at tests\review-host-relay.test.ts:338:1
✖ the pi lockdown argv is pinned exactly with no model or provider selection (7.3356ms)
  Error [ReviewHostRelayError]: gentle-ai prompt materialization could not start: spawn C:\Users\Administrator\AppData\Local\Temp\jero-pi-relay-harness-mjAwHP\gentle-ai ENOENT
      at prepareReviewHostRelaySlot (file:///D:/jero-pi/jero-pi/lib/review/review-host-relay.ts:535:9)
      at process.processTicksAndRejections (node:internal/process/task_queues:103:5)
      at async runReviewHostRelaySlot (file:///D:/jero-pi/jero-pi/lib/review/review-host-relay.ts:691:51)
      at async TestContext.<anonymous> (file:///D:/jero-pi/jero-pi/tests/review-host-relay.test.ts:340:2)
      at async Test.run (node:internal/test_runner/test:1110:7)
      at async Test.processPendingSubtests (node:internal/test_runner/test:785:7) {
    kind: 'materialize-failed',
    stage: 'materialize',
    exitCode: null,
    stderr: '',
    timedOut: false,
    elapsedMs: null,
    timeoutMs: null,
    mutationOutcome: 'none'
  }

test at tests\review-host-relay.test.ts:359:1
✖ preparation snapshots mutable submission tokens and values before materialization (21.4968ms)
  Error [ReviewHostRelayError]: gentle-ai prompt materialization could not start: spawn C:\Users\Administrator\AppData\Local\Temp\jero-pi-relay-harness-TXl5X1\gentle-ai ENOENT
      at prepareReviewHostRelaySlot (file:///D:/jero-pi/jero-pi/lib/review/review-host-relay.ts:535:9)
      at process.processTicksAndRejections (node:internal/process/task_queues:103:5) {
    kind: 'materialize-failed',
    stage: 'materialize',
    exitCode: null,
    stderr: '',
    timedOut: false,
    elapsedMs: null,
    timeoutMs: null,
    mutationOutcome: 'none'
  }

test at tests\review-host-relay.test.ts:388:1
✖ preparation keeps reviewer bytes private through deferred submission (9.4307ms)
  Error [ReviewHostRelayError]: gentle-ai prompt materialization could not start: spawn C:\Users\Administrator\AppData\Local\Temp\jero-pi-relay-harness-ZUuLCk\gentle-ai ENOENT
      at prepareReviewHostRelaySlot (file:///D:/jero-pi/jero-pi/lib/review/review-host-relay.ts:535:9)
      at process.processTicksAndRejections (node:internal/process/task_queues:103:5)
      at async TestContext.<anonymous> (file:///D:/jero-pi/jero-pi/tests/review-host-relay.test.ts:391:19)
      at async Test.run (node:internal/test_runner/test:1110:7)
      at async Test.processPendingSubtests (node:internal/test_runner/test:785:7) {
    kind: 'materialize-failed',
    stage: 'materialize',
    exitCode: null,
    stderr: '',
    timedOut: false,
    elapsedMs: null,
    timeoutMs: null,
    mutationOutcome: 'none'
  }

test at tests\review-host-relay.test.ts:408:1
✖ the supplied AbortSignal stays live through deferred submission (8.0457ms)
  Error [ReviewHostRelayError]: gentle-ai prompt materialization could not start: spawn C:\Users\Administrator\AppData\Local\Temp\jero-pi-relay-harness-XJp103\gentle-ai ENOENT
      at prepareReviewHostRelaySlot (file:///D:/jero-pi/jero-pi/lib/review/review-host-relay.ts:535:9)
      at process.processTicksAndRejections (node:internal/process/task_queues:103:5)
      at async TestContext.<anonymous> (file:///D:/jero-pi/jero-pi/tests/review-host-relay.test.ts:411:19)
      at async Test.run (node:internal/test_runner/test:1110:7)
      at async Test.processPendingSubtests (node:internal/test_runner/test:785:7) {
    kind: 'materialize-failed',
    stage: 'materialize',
    exitCode: null,
    stderr: '',
    timedOut: false,
    elapsedMs: null,
    timeoutMs: null,
    mutationOutcome: 'none'
  }

test at tests\review-host-relay.test.ts:418:1
✖ four reviewers cross a shared barrier before any result submission can begin (11.8637ms)
  Error [ReviewHostRelayError]: gentle-ai prompt materialization could not start: spawn C:\Users\Administrator\AppData\Local\Temp\jero-pi-relay-harness-U4ekRi\gentle-ai ENOENT
      at prepareReviewHostRelaySlot (file:///D:/jero-pi/jero-pi/lib/review/review-host-relay.ts:535:9)
      at process.processTicksAndRejections (node:internal/process/task_queues:103:5)
      at async file:///D:/jero-pi/jero-pi/lib/review/review-host-relay.ts:609:75
      at async Promise.allSettled (index 0)
      at async runReviewHostRelayReviewerGroup (file:///D:/jero-pi/jero-pi/lib/review/review-host-relay.ts:609:18)
      at async TestContext.<anonymous> (file:///D:/jero-pi/jero-pi/tests/review-host-relay.test.ts:430:19)
      at async Test.run (node:internal/test_runner/test:1110:7)
      at async Test.processPendingSubtests (node:internal/test_runner/test:785:7) {
    kind: 'materialize-failed',
    stage: 'materialize',
    exitCode: null,
    stderr: '',
    timedOut: false,
    elapsedMs: null,
    timeoutMs: null,
    mutationOutcome: 'none'
  }

test at tests\review-host-relay.test.ts:502:1
✖ materialize nonzero exit fails closed with a typed error and never launches pi or submits (10.8234ms)
  AssertionError [ERR_ASSERTION]: Expected values to be strictly equal:
  
  null !== 3
  
      at TestContext.<anonymous> (file:///D:/jero-pi/jero-pi/tests/review-host-relay.test.ts:505:9)
      at process.processTicksAndRejections (node:internal/process/task_queues:103:5)
      at async Test.run (node:internal/test_runner/test:1110:7)
      at async Test.processPendingSubtests (node:internal/test_runner/test:785:7) {
    generatedMessage: true,
    code: 'ERR_ASSERTION',
    actual: null,
    expected: 3,
    operator: 'strictEqual',
    diff: 'simple'
  }

test at tests\review-host-relay.test.ts:512:1
✖ an empty materialized prompt fails closed before pi launches (6.144ms)
  AssertionError [ERR_ASSERTION]: The validation function is expected to return "true". Received false
  
  Caught error:
  
  ReviewHostRelayError: gentle-ai prompt materialization could not start: spawn C:\Users\Administrator\AppData\Local\Temp\jero-pi-relay-harness-HJzVC5\gentle-ai ENOENT
      at process.processTicksAndRejections (node:internal/process/task_queues:103:5)
      at async rejectsWithRelayError (file:///D:/jero-pi/jero-pi/tests/review-host-relay.test.ts:256:2)
      at async TestContext.<anonymous> (file:///D:/jero-pi/jero-pi/tests/review-host-relay.test.ts:514:2)
      at async Test.run (node:internal/test_runner/test:1110:7)
      at async Test.processPendingSubtests (node:internal/test_runner/test:785:7) {
    generatedMessage: true,
    code: 'ERR_ASSERTION',
    actual: ReviewHostRelayError: gentle-ai prompt materialization could not start: spawn C:\Users\Administrator\AppData\Local\Temp\jero-pi-relay-harness-HJzVC5\gentle-ai ENOENT
        at prepareReviewHostRelaySlot (file:///D:/jero-pi/jero-pi/lib/review/review-host-relay.ts:535:9)
        at process.processTicksAndRejections (node:internal/process/task_queues:103:5)
        at async runReviewHostRelaySlot (file:///D:/jero-pi/jero-pi/lib/review/review-host-relay.ts:691:51)
        at async waitForActual (node:assert:646:5)
        at async strict.rejects (node:assert:769:25)
        at async rejectsWithRelayError (file:///D:/jero-pi/jero-pi/tests/review-host-relay.test.ts:256:2)
        at async TestContext.<anonymous> (file:///D:/jero-pi/jero-pi/tests/review-host-relay.test.ts:514:2)
        at async Test.run (node:internal/test_runner/test:1110:7)
        at async Test.processPendingSubtests (node:internal/test_runner/test:785:7),
    operator: 'rejects',
    diff: 'simple'
  }

test at tests\review-host-relay.test.ts:519:1
✖ pi nonzero exit fails closed with a typed error and no submission (5.9575ms)
  AssertionError [ERR_ASSERTION]: The validation function is expected to return "true". Received false
  
  Caught error:
  
  ReviewHostRelayError: gentle-ai prompt materialization could not start: spawn C:\Users\Administrator\AppData\Local\Temp\jero-pi-relay-harness-PfYDYG\gentle-ai ENOENT
      at process.processTicksAndRejections (node:internal/process/task_queues:103:5)
      at async rejectsWithRelayError (file:///D:/jero-pi/jero-pi/tests/review-host-relay.test.ts:256:2)
      at async TestContext.<anonymous> (file:///D:/jero-pi/jero-pi/tests/review-host-relay.test.ts:521:16)
      at async Test.run (node:internal/test_runner/test:1110:7)
      at async Test.processPendingSubtests (node:internal/test_runner/test:785:7) {
    generatedMessage: true,
    code: 'ERR_ASSERTION',
    actual: ReviewHostRelayError: gentle-ai prompt materialization could not start: spawn C:\Users\Administrator\AppData\Local\Temp\jero-pi-relay-harness-PfYDYG\gentle-ai ENOENT
        at prepareReviewHostRelaySlot (file:///D:/jero-pi/jero-pi/lib/review/review-host-relay.ts:535:9)
        at process.processTicksAndRejections (node:internal/process/task_queues:103:5)
        at async runReviewHostRelaySlot (file:///D:/jero-pi/jero-pi/lib/review/review-host-relay.ts:691:51)
        at async waitForActual (node:assert:646:5)
        at async strict.rejects (node:assert:769:25)
        at async rejectsWithRelayError (file:///D:/jero-pi/jero-pi/tests/review-host-relay.test.ts:256:2)
        at async TestContext.<anonymous> (file:///D:/jero-pi/jero-pi/tests/review-host-relay.test.ts:521:16)
        at async Test.run (node:internal/test_runner/test:1110:7)
        at async Test.processPendingSubtests (node:internal/test_runner/test:785:7),
    operator: 'rejects',
    diff: 'simple'
  }

test at tests\review-host-relay.test.ts:528:1
✖ empty pi stdout fails closed with a typed error and no submission (5.5721ms)
  AssertionError [ERR_ASSERTION]: The validation function is expected to return "true". Received false
  
  Caught error:
  
  ReviewHostRelayError: gentle-ai prompt materialization could not start: spawn C:\Users\Administrator\AppData\Local\Temp\jero-pi-relay-harness-nNpe5x\gentle-ai ENOENT
      at process.processTicksAndRejections (node:internal/process/task_queues:103:5)
      at async rejectsWithRelayError (file:///D:/jero-pi/jero-pi/tests/review-host-relay.test.ts:256:2)
      at async TestContext.<anonymous> (file:///D:/jero-pi/jero-pi/tests/review-host-relay.test.ts:530:2)
      at async Test.run (node:internal/test_runner/test:1110:7)
      at async Test.processPendingSubtests (node:internal/test_runner/test:785:7) {
    generatedMessage: true,
    code: 'ERR_ASSERTION',
    actual: ReviewHostRelayError: gentle-ai prompt materialization could not start: spawn C:\Users\Administrator\AppData\Local\Temp\jero-pi-relay-harness-nNpe5x\gentle-ai ENOENT
        at prepareReviewHostRelaySlot (file:///D:/jero-pi/jero-pi/lib/review/review-host-relay.ts:535:9)
        at process.processTicksAndRejections (node:internal/process/task_queues:103:5)
        at async runReviewHostRelaySlot (file:///D:/jero-pi/jero-pi/lib/review/review-host-relay.ts:691:51)
        at async waitForActual (node:assert:646:5)
        at async strict.rejects (node:assert:769:25)
        at async rejectsWithRelayError (file:///D:/jero-pi/jero-pi/tests/review-host-relay.test.ts:256:2)
        at async TestContext.<anonymous> (file:///D:/jero-pi/jero-pi/tests/review-host-relay.test.ts:530:2)
        at async Test.run (node:internal/test_runner/test:1110:7)
        at async Test.processPendingSubtests (node:internal/test_runner/test:785:7),
    operator: 'rejects',
    diff: 'simple'
  }

test at tests\review-host-relay.test.ts:535:1
✖ pi timeout fails closed with a typed error and no submission (7.1482ms)
  AssertionError [ERR_ASSERTION]: The validation function is expected to return "true". Received false
  
  Caught error:
  
  ReviewHostRelayError: gentle-ai prompt materialization could not start: spawn C:\Users\Administrator\AppData\Local\Temp\jero-pi-relay-harness-61gOJe\gentle-ai ENOENT
      at process.processTicksAndRejections (node:internal/process/task_queues:103:5)
      at async rejectsWithRelayError (file:///D:/jero-pi/jero-pi/tests/review-host-relay.test.ts:256:2)
      at async TestContext.<anonymous> (file:///D:/jero-pi/jero-pi/tests/review-host-relay.test.ts:537:16)
      at async Test.run (node:internal/test_runner/test:1110:7)
      at async Test.processPendingSubtests (node:internal/test_runner/test:785:7) {
    generatedMessage: true,
    code: 'ERR_ASSERTION',
    actual: ReviewHostRelayError: gentle-ai prompt materialization could not start: spawn C:\Users\Administrator\AppData\Local\Temp\jero-pi-relay-harness-61gOJe\gentle-ai ENOENT
        at prepareReviewHostRelaySlot (file:///D:/jero-pi/jero-pi/lib/review/review-host-relay.ts:535:9)
        at process.processTicksAndRejections (node:internal/process/task_queues:103:5)
        at async runReviewHostRelaySlot (file:///D:/jero-pi/jero-pi/lib/review/review-host-relay.ts:691:51)
        at async waitForActual (node:assert:646:5)
        at async strict.rejects (node:assert:769:25)
        at async rejectsWithRelayError (file:///D:/jero-pi/jero-pi/tests/review-host-relay.test.ts:256:2)
        at async TestContext.<anonymous> (file:///D:/jero-pi/jero-pi/tests/review-host-relay.test.ts:537:16)
        at async Test.run (node:internal/test_runner/test:1110:7)
        at async Test.processPendingSubtests (node:internal/test_runner/test:785:7),
    operator: 'rejects',
    diff: 'simple'
  }

test at tests\review-host-relay.test.ts:579:1
✖ the production relay path resolves the reviewer bound from the environment, with no injected timeout (8.8159ms)
  AssertionError [ERR_ASSERTION]: The validation function is expected to return "true". Received false
  
  Caught error:
  
  ReviewHostRelayError: gentle-ai prompt materialization could not start: spawn C:\Users\Administrator\AppData\Local\Temp\jero-pi-relay-harness-VjMyaT\gentle-ai ENOENT
      at process.processTicksAndRejections (node:internal/process/task_queues:103:5)
      at async rejectsWithRelayError (file:///D:/jero-pi/jero-pi/tests/review-host-relay.test.ts:256:2)
      at async TestContext.<anonymous> (file:///D:/jero-pi/jero-pi/tests/review-host-relay.test.ts:584:16)
      at async Test.run (node:internal/test_runner/test:1110:7)
      at async Test.processPendingSubtests (node:internal/test_runner/test:785:7) {
    generatedMessage: true,
    code: 'ERR_ASSERTION',
    actual: ReviewHostRelayError: gentle-ai prompt materialization could not start: spawn C:\Users\Administrator\AppData\Local\Temp\jero-pi-relay-harness-VjMyaT\gentle-ai ENOENT
        at prepareReviewHostRelaySlot (file:///D:/jero-pi/jero-pi/lib/review/review-host-relay.ts:535:9)
        at process.processTicksAndRejections (node:internal/process/task_queues:103:5)
        at async runReviewHostRelaySlot (file:///D:/jero-pi/jero-pi/lib/review/review-host-relay.ts:691:51)
        at async waitForActual (node:assert:646:5)
        at async strict.rejects (node:assert:769:25)
        at async rejectsWithRelayError (file:///D:/jero-pi/jero-pi/tests/review-host-relay.test.ts:256:2)
        at async TestContext.<anonymous> (file:///D:/jero-pi/jero-pi/tests/review-host-relay.test.ts:584:16)
        at async Test.run (node:internal/test_runner/test:1110:7)
        at async Test.processPendingSubtests (node:internal/test_runner/test:785:7),
    operator: 'rejects',
    diff: 'simple'
  }

test at tests\review-host-relay.test.ts:595:1
✖ a relay Pi timeout keeps its typed mapping and timing evidence when opaque scratch cleanup also fails (10.0582ms)
  AssertionError [ERR_ASSERTION]: The validation function is expected to return "true". Received false
  
  Caught error:
  
  ReviewHostRelayError: gentle-ai prompt materialization could not start: spawn C:\Users\Administrator\AppData\Local\Temp\jero-pi-relay-harness-204yk8\gentle-ai ENOENT
      at process.processTicksAndRejections (node:internal/process/task_queues:103:5)
      at async rejectsWithRelayError (file:///D:/jero-pi/jero-pi/tests/review-host-relay.test.ts:256:2)
      at async TestContext.<anonymous> (file:///D:/jero-pi/jero-pi/tests/review-host-relay.test.ts:601:17)
      at async Test.run (node:internal/test_runner/test:1110:7)
      at async Test.processPendingSubtests (node:internal/test_runner/test:785:7) {
    generatedMessage: true,
    code: 'ERR_ASSERTION',
    actual: ReviewHostRelayError: gentle-ai prompt materialization could not start: spawn C:\Users\Administrator\AppData\Local\Temp\jero-pi-relay-harness-204yk8\gentle-ai ENOENT
        at prepareReviewHostRelaySlot (file:///D:/jero-pi/jero-pi/lib/review/review-host-relay.ts:535:9)
        at process.processTicksAndRejections (node:internal/process/task_queues:103:5)
        at async runReviewHostRelaySlot (file:///D:/jero-pi/jero-pi/lib/review/review-host-relay.ts:691:51)
        at async waitForActual (node:assert:646:5)
        at async strict.rejects (node:assert:769:25)
        at async rejectsWithRelayError (file:///D:/jero-pi/jero-pi/tests/review-host-relay.test.ts:256:2)
        at async TestContext.<anonymous> (file:///D:/jero-pi/jero-pi/tests/review-host-relay.test.ts:601:17)
        at async Test.run (node:internal/test_runner/test:1110:7)
        at async Test.processPendingSubtests (node:internal/test_runner/test:785:7),
    operator: 'rejects',
    diff: 'simple'
  }

test at tests\review-host-relay.test.ts:617:1
✖ a killed reviewer reports elapsed, limit, and what to change instead of an opaque transport failure (8.3861ms)
  AssertionError [ERR_ASSERTION]: The validation function is expected to return "true". Received false
  
  Caught error:
  
  ReviewHostRelayError: gentle-ai prompt materialization could not start: spawn C:\Users\Administrator\AppData\Local\Temp\jero-pi-relay-harness-5cKdWO\gentle-ai ENOENT
      at process.processTicksAndRejections (node:internal/process/task_queues:103:5)
      at async rejectsWithRelayError (file:///D:/jero-pi/jero-pi/tests/review-host-relay.test.ts:256:2)
      at async TestContext.<anonymous> (file:///D:/jero-pi/jero-pi/tests/review-host-relay.test.ts:619:16)
      at async Test.run (node:internal/test_runner/test:1110:7)
      at async Test.processPendingSubtests (node:internal/test_runner/test:785:7) {
    generatedMessage: true,
    code: 'ERR_ASSERTION',
    actual: ReviewHostRelayError: gentle-ai prompt materialization could not start: spawn C:\Users\Administrator\AppData\Local\Temp\jero-pi-relay-harness-5cKdWO\gentle-ai ENOENT
        at prepareReviewHostRelaySlot (file:///D:/jero-pi/jero-pi/lib/review/review-host-relay.ts:535:9)
        at process.processTicksAndRejections (node:internal/process/task_queues:103:5)
        at async runReviewHostRelaySlot (file:///D:/jero-pi/jero-pi/lib/review/review-host-relay.ts:691:51)
        at async waitForActual (node:assert:646:5)
        at async strict.rejects (node:assert:769:25)
        at async rejectsWithRelayError (file:///D:/jero-pi/jero-pi/tests/review-host-relay.test.ts:256:2)
        at async TestContext.<anonymous> (file:///D:/jero-pi/jero-pi/tests/review-host-relay.test.ts:619:16)
        at async Test.run (node:internal/test_runner/test:1110:7)
        at async Test.processPendingSubtests (node:internal/test_runner/test:785:7),
    operator: 'rejects',
    diff: 'simple'
  }

test at tests\review-host-relay.test.ts:630:1
✖ a crashed reviewer stays distinguishable from a killed one and still carries its measurements (7.7758ms)
  AssertionError [ERR_ASSERTION]: The validation function is expected to return "true". Received false
  
  Caught error:
  
  ReviewHostRelayError: gentle-ai prompt materialization could not start: spawn C:\Users\Administrator\AppData\Local\Temp\jero-pi-relay-harness-au26JL\gentle-ai ENOENT
      at process.processTicksAndRejections (node:internal/process/task_queues:103:5)
      at async rejectsWithRelayError (file:///D:/jero-pi/jero-pi/tests/review-host-relay.test.ts:256:2)
      at async TestContext.<anonymous> (file:///D:/jero-pi/jero-pi/tests/review-host-relay.test.ts:632:16)
      at async Test.run (node:internal/test_runner/test:1110:7)
      at async Test.processPendingSubtests (node:internal/test_runner/test:785:7) {
    generatedMessage: true,
    code: 'ERR_ASSERTION',
    actual: ReviewHostRelayError: gentle-ai prompt materialization could not start: spawn C:\Users\Administrator\AppData\Local\Temp\jero-pi-relay-harness-au26JL\gentle-ai ENOENT
        at prepareReviewHostRelaySlot (file:///D:/jero-pi/jero-pi/lib/review/review-host-relay.ts:535:9)
        at process.processTicksAndRejections (node:internal/process/task_queues:103:5)
        at async runReviewHostRelaySlot (file:///D:/jero-pi/jero-pi/lib/review/review-host-relay.ts:691:51)
        at async waitForActual (node:assert:646:5)
        at async strict.rejects (node:assert:769:25)
        at async rejectsWithRelayError (file:///D:/jero-pi/jero-pi/tests/review-host-relay.test.ts:256:2)
        at async TestContext.<anonymous> (file:///D:/jero-pi/jero-pi/tests/review-host-relay.test.ts:632:16)
        at async Test.run (node:internal/test_runner/test:1110:7)
        at async Test.processPendingSubtests (node:internal/test_runner/test:785:7),
    operator: 'rejects',
    diff: 'simple'
  }

test at tests\review-host-relay.test.ts:639:1
✖ submission refusal is a typed error whose outcome is unknown pending STATUS (11.9919ms)
  AssertionError [ERR_ASSERTION]: The validation function is expected to return "true". Received false
  
  Caught error:
  
  ReviewHostRelayError: gentle-ai prompt materialization could not start: spawn C:\Users\Administrator\AppData\Local\Temp\jero-pi-relay-harness-w076qD\gentle-ai ENOENT
      at process.processTicksAndRejections (node:internal/process/task_queues:103:5)
      at async rejectsWithRelayError (file:///D:/jero-pi/jero-pi/tests/review-host-relay.test.ts:256:2)
      at async TestContext.<anonymous> (file:///D:/jero-pi/jero-pi/tests/review-host-relay.test.ts:641:16)
      at async Test.run (node:internal/test_runner/test:1110:7)
      at async Test.processPendingSubtests (node:internal/test_runner/test:785:7) {
    generatedMessage: true,
    code: 'ERR_ASSERTION',
    actual: ReviewHostRelayError: gentle-ai prompt materialization could not start: spawn C:\Users\Administrator\AppData\Local\Temp\jero-pi-relay-harness-w076qD\gentle-ai ENOENT
        at prepareReviewHostRelaySlot (file:///D:/jero-pi/jero-pi/lib/review/review-host-relay.ts:535:9)
        at process.processTicksAndRejections (node:internal/process/task_queues:103:5)
        at async runReviewHostRelaySlot (file:///D:/jero-pi/jero-pi/lib/review/review-host-relay.ts:691:51)
        at async waitForActual (node:assert:646:5)
        at async strict.rejects (node:assert:769:25)
        at async rejectsWithRelayError (file:///D:/jero-pi/jero-pi/tests/review-host-relay.test.ts:256:2)
        at async TestContext.<anonymous> (file:///D:/jero-pi/jero-pi/tests/review-host-relay.test.ts:641:16)
        at async Test.run (node:internal/test_runner/test:1110:7)
        at async Test.processPendingSubtests (node:internal/test_runner/test:785:7),
    operator: 'rejects',
    diff: 'simple'
  }

test at tests\review-host-relay.test.ts:661:1
✖ a reviewer printing garbage is refused at admission as a proven non-mutation carrying Go's refusal (9.6462ms)
  AssertionError [ERR_ASSERTION]: The validation function is expected to return "true". Received false
  
  Caught error:
  
  ReviewHostRelayError: gentle-ai prompt materialization could not start: spawn C:\Users\Administrator\AppData\Local\Temp\jero-pi-relay-harness-izQqPO\gentle-ai ENOENT
      at process.processTicksAndRejections (node:internal/process/task_queues:103:5)
      at async rejectsWithRelayError (file:///D:/jero-pi/jero-pi/tests/review-host-relay.test.ts:256:2)
      at async TestContext.<anonymous> (file:///D:/jero-pi/jero-pi/tests/review-host-relay.test.ts:663:16)
      at async Test.run (node:internal/test_runner/test:1110:7)
      at async Test.processPendingSubtests (node:internal/test_runner/test:785:7) {
    generatedMessage: true,
    code: 'ERR_ASSERTION',
    actual: ReviewHostRelayError: gentle-ai prompt materialization could not start: spawn C:\Users\Administrator\AppData\Local\Temp\jero-pi-relay-harness-izQqPO\gentle-ai ENOENT
        at prepareReviewHostRelaySlot (file:///D:/jero-pi/jero-pi/lib/review/review-host-relay.ts:535:9)
        at process.processTicksAndRejections (node:internal/process/task_queues:103:5)
        at async runReviewHostRelaySlot (file:///D:/jero-pi/jero-pi/lib/review/review-host-relay.ts:691:51)
        at async waitForActual (node:assert:646:5)
        at async strict.rejects (node:assert:769:25)
        at async rejectsWithRelayError (file:///D:/jero-pi/jero-pi/tests/review-host-relay.test.ts:256:2)
        at async TestContext.<anonymous> (file:///D:/jero-pi/jero-pi/tests/review-host-relay.test.ts:663:16)
        at async Test.run (node:internal/test_runner/test:1110:7)
        at async Test.processPendingSubtests (node:internal/test_runner/test:785:7),
    operator: 'rejects',
    diff: 'simple'
  }

test at tests\review-host-relay.test.ts:677:1
✖ a reviewer echoing a different subject is refused at admission as a proven non-mutation carrying Go's continuation (7.4097ms)
  AssertionError [ERR_ASSERTION]: The validation function is expected to return "true". Received false
  
  Caught error:
  
  ReviewHostRelayError: gentle-ai prompt materialization could not start: spawn C:\Users\Administrator\AppData\Local\Temp\jero-pi-relay-harness-QO7Ime\gentle-ai ENOENT
      at process.processTicksAndRejections (node:internal/process/task_queues:103:5)
      at async rejectsWithRelayError (file:///D:/jero-pi/jero-pi/tests/review-host-relay.test.ts:256:2)
      at async TestContext.<anonymous> (file:///D:/jero-pi/jero-pi/tests/review-host-relay.test.ts:680:16)
      at async Test.run (node:internal/test_runner/test:1110:7)
      at async Test.processPendingSubtests (node:internal/test_runner/test:785:7) {
    generatedMessage: true,
    code: 'ERR_ASSERTION',
    actual: ReviewHostRelayError: gentle-ai prompt materialization could not start: spawn C:\Users\Administrator\AppData\Local\Temp\jero-pi-relay-harness-QO7Ime\gentle-ai ENOENT
        at prepareReviewHostRelaySlot (file:///D:/jero-pi/jero-pi/lib/review/review-host-relay.ts:535:9)
        at process.processTicksAndRejections (node:internal/process/task_queues:103:5)
        at async runReviewHostRelaySlot (file:///D:/jero-pi/jero-pi/lib/review/review-host-relay.ts:691:51)
        at async waitForActual (node:assert:646:5)
        at async strict.rejects (node:assert:769:25)
        at async rejectsWithRelayError (file:///D:/jero-pi/jero-pi/tests/review-host-relay.test.ts:256:2)
        at async TestContext.<anonymous> (file:///D:/jero-pi/jero-pi/tests/review-host-relay.test.ts:680:16)
        at async Test.run (node:internal/test_runner/test:1110:7)
        at async Test.processPendingSubtests (node:internal/test_runner/test:785:7),
    operator: 'rejects',
    diff: 'simple'
  }

test at tests\review-host-relay.test.ts:694:1
✖ a submission the fake admits with the expected subject still completes (8.3299ms)
  Error [ReviewHostRelayError]: gentle-ai prompt materialization could not start: spawn C:\Users\Administrator\AppData\Local\Temp\jero-pi-relay-harness-g1XoQY\gentle-ai ENOENT
      at prepareReviewHostRelaySlot (file:///D:/jero-pi/jero-pi/lib/review/review-host-relay.ts:535:9)
      at process.processTicksAndRejections (node:internal/process/task_queues:103:5)
      at async runReviewHostRelaySlot (file:///D:/jero-pi/jero-pi/lib/review/review-host-relay.ts:691:51)
      at async TestContext.<anonymous> (file:///D:/jero-pi/jero-pi/tests/review-host-relay.test.ts:696:17)
      at async Test.run (node:internal/test_runner/test:1110:7)
      at async Test.processPendingSubtests (node:internal/test_runner/test:785:7) {
    kind: 'materialize-failed',
    stage: 'materialize',
    exitCode: null,
    stderr: '',
    timedOut: false,
    elapsedMs: null,
    timeoutMs: null,
    mutationOutcome: 'none'
  }

test at tests\review-host-relay.test.ts:700:1
✖ submission refusal preserves its primary evidence when result staging cleanup also fails (6.5877ms)
  AssertionError [ERR_ASSERTION]: The validation function is expected to return "true". Received false
  
  Caught error:
  
  ReviewHostRelayError: gentle-ai prompt materialization could not start: spawn C:\Users\Administrator\AppData\Local\Temp\jero-pi-relay-harness-HleCWV\gentle-ai ENOENT
      at process.processTicksAndRejections (node:internal/process/task_queues:103:5)
      at async rejectsWithRelayError (file:///D:/jero-pi/jero-pi/tests/review-host-relay.test.ts:256:2)
      at async TestContext.<anonymous> (file:///D:/jero-pi/jero-pi/tests/review-host-relay.test.ts:706:17)
      at async Test.run (node:internal/test_runner/test:1110:7)
      at async Test.processPendingSubtests (node:internal/test_runner/test:785:7) {
    generatedMessage: true,
    code: 'ERR_ASSERTION',
    actual: ReviewHostRelayError: gentle-ai prompt materialization could not start: spawn C:\Users\Administrator\AppData\Local\Temp\jero-pi-relay-harness-HleCWV\gentle-ai ENOENT
        at prepareReviewHostRelaySlot (file:///D:/jero-pi/jero-pi/lib/review/review-host-relay.ts:535:9)
        at process.processTicksAndRejections (node:internal/process/task_queues:103:5)
        at async runReviewHostRelaySlot (file:///D:/jero-pi/jero-pi/lib/review/review-host-relay.ts:691:51)
        at async waitForActual (node:assert:646:5)
        at async strict.rejects (node:assert:769:25)
        at async rejectsWithRelayError (file:///D:/jero-pi/jero-pi/tests/review-host-relay.test.ts:256:2)
        at async TestContext.<anonymous> (file:///D:/jero-pi/jero-pi/tests/review-host-relay.test.ts:706:17)
        at async Test.run (node:internal/test_runner/test:1110:7)
        at async Test.processPendingSubtests (node:internal/test_runner/test:785:7),
    operator: 'rejects',
    diff: 'simple'
  }

test at tests\review-host-relay.test.ts:725:1
✖ relay scratch and staging directories are removed after failures too (6.1377ms)
  AssertionError [ERR_ASSERTION]: The validation function is expected to return "true". Received false
  
  Caught error:
  
  ReviewHostRelayError: gentle-ai prompt materialization could not start: spawn C:\Users\Administrator\AppData\Local\Temp\jero-pi-relay-harness-LT8oZi\gentle-ai ENOENT
      at process.processTicksAndRejections (node:internal/process/task_queues:103:5)
      at async rejectsWithRelayError (file:///D:/jero-pi/jero-pi/tests/review-host-relay.test.ts:256:2)
      at async TestContext.<anonymous> (file:///D:/jero-pi/jero-pi/tests/review-host-relay.test.ts:727:2)
      at async Test.run (node:internal/test_runner/test:1110:7)
      at async Test.processPendingSubtests (node:internal/test_runner/test:785:7) {
    generatedMessage: true,
    code: 'ERR_ASSERTION',
    actual: ReviewHostRelayError: gentle-ai prompt materialization could not start: spawn C:\Users\Administrator\AppData\Local\Temp\jero-pi-relay-harness-LT8oZi\gentle-ai ENOENT
        at prepareReviewHostRelaySlot (file:///D:/jero-pi/jero-pi/lib/review/review-host-relay.ts:535:9)
        at process.processTicksAndRejections (node:internal/process/task_queues:103:5)
        at async runReviewHostRelaySlot (file:///D:/jero-pi/jero-pi/lib/review/review-host-relay.ts:691:51)
        at async waitForActual (node:assert:646:5)
        at async strict.rejects (node:assert:769:25)
        at async rejectsWithRelayError (file:///D:/jero-pi/jero-pi/tests/review-host-relay.test.ts:256:2)
        at async TestContext.<anonymous> (file:///D:/jero-pi/jero-pi/tests/review-host-relay.test.ts:727:2)
        at async Test.run (node:internal/test_runner/test:1110:7)
        at async Test.processPendingSubtests (node:internal/test_runner/test:785:7),
    operator: 'rejects',
    diff: 'simple'
  }

test at tests\review-host-relay.test.ts:733:1
✖ a result staging cleanup failure remains a typed submit failure (8.8616ms)
  AssertionError [ERR_ASSERTION]: The validation function is expected to return "true". Received false
  
  Caught error:
  
  ReviewHostRelayError: gentle-ai prompt materialization could not start: spawn C:\Users\Administrator\AppData\Local\Temp\jero-pi-relay-harness-fGMKEG\gentle-ai ENOENT
      at process.processTicksAndRejections (node:internal/process/task_queues:103:5)
      at async rejectsWithRelayError (file:///D:/jero-pi/jero-pi/tests/review-host-relay.test.ts:256:2)
      at async TestContext.<anonymous> (file:///D:/jero-pi/jero-pi/tests/review-host-relay.test.ts:739:17)
      at async Test.run (node:internal/test_runner/test:1110:7)
      at async Test.processPendingSubtests (node:internal/test_runner/test:785:7) {
    generatedMessage: true,
    code: 'ERR_ASSERTION',
    actual: ReviewHostRelayError: gentle-ai prompt materialization could not start: spawn C:\Users\Administrator\AppData\Local\Temp\jero-pi-relay-harness-fGMKEG\gentle-ai ENOENT
        at prepareReviewHostRelaySlot (file:///D:/jero-pi/jero-pi/lib/review/review-host-relay.ts:535:9)
        at process.processTicksAndRejections (node:internal/process/task_queues:103:5)
        at async runReviewHostRelaySlot (file:///D:/jero-pi/jero-pi/lib/review/review-host-relay.ts:691:51)
        at async waitForActual (node:assert:646:5)
        at async strict.rejects (node:assert:769:25)
        at async rejectsWithRelayError (file:///D:/jero-pi/jero-pi/tests/review-host-relay.test.ts:256:2)
        at async TestContext.<anonymous> (file:///D:/jero-pi/jero-pi/tests/review-host-relay.test.ts:739:17)
        at async Test.run (node:internal/test_runner/test:1110:7)
        at async Test.processPendingSubtests (node:internal/test_runner/test:785:7),
    operator: 'rejects',
    diff: 'simple'
  }

test at tests\review-host-relay.test.ts:758:1
✖ an old binary's unknown-flag refusal classifies as relay-unavailable with the exact report (6.4649ms)
  AssertionError [ERR_ASSERTION]: The validation function is expected to return "true". Received false
  
  Caught error:
  
  ReviewHostRelayError: gentle-ai prompt materialization could not start: spawn C:\Users\Administrator\AppData\Local\Temp\jero-pi-relay-harness-UedXYn\gentle-ai ENOENT
      at process.processTicksAndRejections (node:internal/process/task_queues:103:5)
      at async rejectsWithRelayError (file:///D:/jero-pi/jero-pi/tests/review-host-relay.test.ts:256:2)
      at async TestContext.<anonymous> (file:///D:/jero-pi/jero-pi/tests/review-host-relay.test.ts:760:16)
      at async Test.run (node:internal/test_runner/test:1110:7)
      at async Test.processPendingSubtests (node:internal/test_runner/test:785:7) {
    generatedMessage: true,
    code: 'ERR_ASSERTION',
    actual: ReviewHostRelayError: gentle-ai prompt materialization could not start: spawn C:\Users\Administrator\AppData\Local\Temp\jero-pi-relay-harness-UedXYn\gentle-ai ENOENT
        at prepareReviewHostRelaySlot (file:///D:/jero-pi/jero-pi/lib/review/review-host-relay.ts:535:9)
        at process.processTicksAndRejections (node:internal/process/task_queues:103:5)
        at async runReviewHostRelaySlot (file:///D:/jero-pi/jero-pi/lib/review/review-host-relay.ts:691:51)
        at async waitForActual (node:assert:646:5)
        at async strict.rejects (node:assert:769:25)
        at async rejectsWithRelayError (file:///D:/jero-pi/jero-pi/tests/review-host-relay.test.ts:256:2)
        at async TestContext.<anonymous> (file:///D:/jero-pi/jero-pi/tests/review-host-relay.test.ts:760:16)
        at async Test.run (node:internal/test_runner/test:1110:7)
        at async Test.processPendingSubtests (node:internal/test_runner/test:785:7),
    operator: 'rejects',
    diff: 'simple'
  }

test at tests\review-host-relay.test.ts:767:1
✖ a handshake refusal surfaces the provider refusal verbatim (10.9044ms)
  AssertionError [ERR_ASSERTION]: The validation function is expected to return "true". Received false
  
  Caught error:
  
  ReviewHostRelayError: gentle-ai prompt materialization could not start: spawn C:\Users\Administrator\AppData\Local\Temp\jero-pi-relay-harness-Nkg8d3\gentle-ai ENOENT
      at process.processTicksAndRejections (node:internal/process/task_queues:103:5)
      at async rejectsWithRelayError (file:///D:/jero-pi/jero-pi/tests/review-host-relay.test.ts:256:2)
      at async TestContext.<anonymous> (file:///D:/jero-pi/jero-pi/tests/review-host-relay.test.ts:770:16)
      at async Test.run (node:internal/test_runner/test:1110:7)
      at async Test.processPendingSubtests (node:internal/test_runner/test:785:7) {
    generatedMessage: true,
    code: 'ERR_ASSERTION',
    actual: ReviewHostRelayError: gentle-ai prompt materialization could not start: spawn C:\Users\Administrator\AppData\Local\Temp\jero-pi-relay-harness-Nkg8d3\gentle-ai ENOENT
        at prepareReviewHostRelaySlot (file:///D:/jero-pi/jero-pi/lib/review/review-host-relay.ts:535:9)
        at process.processTicksAndRejections (node:internal/process/task_queues:103:5)
        at async runReviewHostRelaySlot (file:///D:/jero-pi/jero-pi/lib/review/review-host-relay.ts:691:51)
        at async waitForActual (node:assert:646:5)
        at async strict.rejects (node:assert:769:25)
        at async rejectsWithRelayError (file:///D:/jero-pi/jero-pi/tests/review-host-relay.test.ts:256:2)
        at async TestContext.<anonymous> (file:///D:/jero-pi/jero-pi/tests/review-host-relay.test.ts:770:16)
        at async Test.run (node:internal/test_runner/test:1110:7)
        at async Test.processPendingSubtests (node:internal/test_runner/test:785:7),
    operator: 'rejects',
    diff: 'simple'
  }

test at tests\review-risk-assessment.test.ts:503:1
✖ gentle_review assess: derivation is bound to the exact candidate recorded, closed can only ever be passed explicitly (gentle-pi#668 correction) (213.5901ms)
  AssertionError [ERR_ASSERTION]: Expected values to be strictly equal:
  + actual - expected
  
  + 'unknown'
  - 'declined'
  
      at TestContext.<anonymous> (file:///D:/jero-pi/jero-pi/tests/review-risk-assessment.test.ts:518:9)
      at async Test.run (node:internal/test_runner/test:1110:7)
      at async Test.processPendingSubtests (node:internal/test_runner/test:785:7) {
    generatedMessage: true,
    code: 'ERR_ASSERTION',
    actual: 'unknown',
    expected: 'declined',
    operator: 'strictEqual',
    diff: 'simple'
  }

test at tests\review-session-standing-permission-ipc.test.ts:62:1
✖ the production child fd3 client gets grant, revocation, closure, denial, and request bounds from its parent broker (10209.8529ms)
  AssertionError [ERR_ASSERTION]: the parent rechecks authorization for each request
  + actual - expected
  
    [
  -   true,
      false,
  +   false
    ]
  
      at TestContext.<anonymous> (file:///D:/jero-pi/jero-pi/tests/review-session-standing-permission-ipc.test.ts:64:9)
      at process.processTicksAndRejections (node:internal/process/task_queues:103:5)
      at async Test.run (node:internal/test_runner/test:1110:7)
      at async startSubtestAfterBootstrap (node:internal/test_runner/harness:358:3) {
    generatedMessage: false,
    code: 'ERR_ASSERTION',
    actual: [ false, false ],
    expected: [ true, false ],
    operator: 'deepStrictEqual',
    diff: 'simple'
  }

test at tests\review-session-standing-permission-ipc.test.ts:71:1
✖ fresh Jiti moduleCache:false reloads share fd3 structurally and reject stale terminal callbacks (17849.85ms)
  AssertionError [ERR_ASSERTION]: reload shares one client, stale owners cannot close it, and terminal shutdown closes it
  + actual - expected
  
    [
  -   true,
  -   true,
  -   true,
      false,
  +   false,
  +   false,
  +   false
    ]
  
      at TestContext.<anonymous> (file:///D:/jero-pi/jero-pi/tests/review-session-standing-permission-ipc.test.ts:119:9)
      at process.processTicksAndRejections (node:internal/process/task_queues:103:5)
      at async Test.run (node:internal/test_runner/test:1110:7)
      at async Test.processPendingSubtests (node:internal/test_runner/test:785:7) {
    generatedMessage: false,
    code: 'ERR_ASSERTION',
    actual: [ false, false, false, false ],
    expected: [ true, true, true, false ],
    operator: 'deepStrictEqual',
    diff: 'simple'
  }

test at tests\review-snapshot.test.ts:90:1
✖ complete snapshot captures the repository root from a nested cwd without mutating index or worktree (1018.8808ms)
  AssertionError [ERR_ASSERTION]: Expected values to be strictly equal:
  + actual - expected
  
  + 'C:/Users/Administrator/AppData/Local/Temp/jero-pi-snapshot-AiegNj/repo'
  - 'C:\\Users\\Administrator\\AppData\\Local\\Temp\\jero-pi-snapshot-AiegNj\\repo'
  
      at TestContext.<anonymous> (file:///D:/jero-pi/jero-pi/tests/review-snapshot.test.ts:110:9)
      at Test.runInAsyncScope (node:async_hooks:214:14)
      at Test.run (node:internal/test_runner/test:1103:25)
      at Test.start (node:internal/test_runner/test:1000:17)
      at startSubtestAfterBootstrap (node:internal/test_runner/harness:358:17) {
    generatedMessage: true,
    code: 'ERR_ASSERTION',
    actual: 'C:/Users/Administrator/AppData/Local/Temp/jero-pi-snapshot-AiegNj/repo',
    expected: 'C:\\Users\\Administrator\\AppData\\Local\\Temp\\jero-pi-snapshot-AiegNj\\repo',
    operator: 'strictEqual',
    diff: 'simple'
  }

test at tests\review-transaction.test.ts:419:1
✖ tag PUSH CREATE accepts an annotated tag for an approved commit advertised by the bound destination (6747.0448ms)
  AssertionError [ERR_ASSERTION]: Every push ref update matches the approved receipt.
  
  'allow' !== 'deny'
  
      at TestContext.<anonymous> (file:///D:/jero-pi/jero-pi/tests/review-transaction.test.ts:507:10)
      at Test.runInAsyncScope (node:async_hooks:214:14)
      at Test.run (node:internal/test_runner/test:1103:25)
      at Test.processPendingSubtests (node:internal/test_runner/test:785:18)
      at Test.postRun (node:internal/test_runner/test:1232:19)
      at Test.run (node:internal/test_runner/test:1160:12)
      at async Test.processPendingSubtests (node:internal/test_runner/test:785:7) {
    generatedMessage: false,
    code: 'ERR_ASSERTION',
    actual: 'allow',
    expected: 'deny',
    operator: 'strictEqual',
    diff: 'simple'
  }

test at tests\sdd-managed-runtime-settlement.test.ts:82:1
✖ admitted remediation retains exact settlement before one lost-reply replay (5.8289ms)
  Error: native SDD planning home escaped its workspace
      at decodeNativeSddStatusV2 (file:///D:/jero-pi/jero-pi/lib/native/native-review-cli.ts:1453:159)
      at admitManagedRemediation (file:///D:/jero-pi/jero-pi/extensions/jero-agents.ts:141:17)
      at async TestContext.<anonymous> (file:///D:/jero-pi/jero-pi/tests/sdd-managed-runtime-settlement.test.ts:93:19)
      at async Test.run (node:internal/test_runner/test:1110:7)
      at async Test.processPendingSubtests (node:internal/test_runner/test:785:7)

test at tests\sdd-managed-runtime-settlement.test.ts:118:46
✖ native blocked refuses without settlement (4.2836ms)
  AssertionError [ERR_ASSERTION]: The input did not match the regular expression /blocked/. Input:
  
  'Error: native SDD planning home escaped its workspace'
  
      at async TestContext.<anonymous> (file:///D:/jero-pi/jero-pi/tests/sdd-managed-runtime-settlement.test.ts:120:2)
      at async Test.run (node:internal/test_runner/test:1110:7)
      at async Test.processPendingSubtests (node:internal/test_runner/test:785:7) {
    generatedMessage: true,
    code: 'ERR_ASSERTION',
    actual: Error: native SDD planning home escaped its workspace
        at decodeNativeSddStatusV2 (file:///D:/jero-pi/jero-pi/lib/native/native-review-cli.ts:1453:159)
        at admitManagedRemediation (file:///D:/jero-pi/jero-pi/extensions/jero-agents.ts:141:17)
        at async admissionFixture (file:///D:/jero-pi/jero-pi/tests/sdd-managed-runtime-settlement.test.ts:115:19)
        at async waitForActual (node:assert:646:5)
        at async strict.rejects (node:assert:769:25)
        at async TestContext.<anonymous> (file:///D:/jero-pi/jero-pi/tests/sdd-managed-runtime-settlement.test.ts:120:2)
        at async Test.run (node:internal/test_runner/test:1110:7)
        at async Test.processPendingSubtests (node:internal/test_runner/test:785:7),
    expected: /blocked/,
    operator: 'rejects',
    diff: 'simple'
  }

test at tests\sdd-managed-runtime-settlement.test.ts:118:46
✖ native complete refuses without settlement (3.1091ms)
  AssertionError [ERR_ASSERTION]: The input did not match the regular expression /complete/. Input:
  
  'Error: native SDD planning home escaped its workspace'
  
      at async TestContext.<anonymous> (file:///D:/jero-pi/jero-pi/tests/sdd-managed-runtime-settlement.test.ts:120:2)
      at async Test.run (node:internal/test_runner/test:1110:7)
      at async Test.processPendingSubtests (node:internal/test_runner/test:785:7) {
    generatedMessage: true,
    code: 'ERR_ASSERTION',
    actual: Error: native SDD planning home escaped its workspace
        at decodeNativeSddStatusV2 (file:///D:/jero-pi/jero-pi/lib/native/native-review-cli.ts:1453:159)
        at admitManagedRemediation (file:///D:/jero-pi/jero-pi/extensions/jero-agents.ts:141:17)
        at async admissionFixture (file:///D:/jero-pi/jero-pi/tests/sdd-managed-runtime-settlement.test.ts:115:19)
        at async waitForActual (node:assert:646:5)
        at async strict.rejects (node:assert:769:25)
        at async TestContext.<anonymous> (file:///D:/jero-pi/jero-pi/tests/sdd-managed-runtime-settlement.test.ts:120:2)
        at async Test.run (node:internal/test_runner/test:1110:7)
        at async Test.processPendingSubtests (node:internal/test_runner/test:785:7),
    expected: /complete/,
    operator: 'rejects',
    diff: 'simple'
  }

test at tests\sdd-managed-runtime-settlement.test.ts:123:69
✖ terminal failed settles without passing evidence and retains exact untracked scope (1.6618ms)
  Error: native SDD planning home escaped its workspace
      at decodeNativeSddStatusV2 (file:///D:/jero-pi/jero-pi/lib/native/native-review-cli.ts:1453:159)
      at admitManagedRemediation (file:///D:/jero-pi/jero-pi/extensions/jero-agents.ts:141:17)
      at async admissionFixture (file:///D:/jero-pi/jero-pi/tests/sdd-managed-runtime-settlement.test.ts:115:19)
      at async TestContext.<anonymous> (file:///D:/jero-pi/jero-pi/tests/sdd-managed-runtime-settlement.test.ts:124:36)
      at async Test.run (node:internal/test_runner/test:1110:7)
      at async Test.processPendingSubtests (node:internal/test_runner/test:785:7)

test at tests\sdd-managed-runtime-settlement.test.ts:123:69
✖ terminal cancelled settles without passing evidence and retains exact untracked scope (1.3169ms)
  Error: native SDD planning home escaped its workspace
      at decodeNativeSddStatusV2 (file:///D:/jero-pi/jero-pi/lib/native/native-review-cli.ts:1453:159)
      at admitManagedRemediation (file:///D:/jero-pi/jero-pi/extensions/jero-agents.ts:141:17)
      at async admissionFixture (file:///D:/jero-pi/jero-pi/tests/sdd-managed-runtime-settlement.test.ts:115:19)
      at async TestContext.<anonymous> (file:///D:/jero-pi/jero-pi/tests/sdd-managed-runtime-settlement.test.ts:124:36)
      at async Test.run (node:internal/test_runner/test:1110:7)
      at async Test.processPendingSubtests (node:internal/test_runner/test:785:7)

test at tests\sdd-managed-runtime-settlement.test.ts:123:69
✖ terminal timed_out settles without passing evidence and retains exact untracked scope (1.7119ms)
  Error: native SDD planning home escaped its workspace
      at decodeNativeSddStatusV2 (file:///D:/jero-pi/jero-pi/lib/native/native-review-cli.ts:1453:159)
      at admitManagedRemediation (file:///D:/jero-pi/jero-pi/extensions/jero-agents.ts:141:17)
      at async admissionFixture (file:///D:/jero-pi/jero-pi/tests/sdd-managed-runtime-settlement.test.ts:115:19)
      at async TestContext.<anonymous> (file:///D:/jero-pi/jero-pi/tests/sdd-managed-runtime-settlement.test.ts:124:36)
      at async Test.run (node:internal/test_runner/test:1110:7)
      at async Test.processPendingSubtests (node:internal/test_runner/test:785:7)

test at tests\sdd-managed-runtime-settlement.test.ts:133:1
✖ failure to retain settlement never mutates native; two lost replies retain uncertainty (1.822ms)
  Error: native SDD planning home escaped its workspace
      at decodeNativeSddStatusV2 (file:///D:/jero-pi/jero-pi/lib/native/native-review-cli.ts:1453:159)
      at admitManagedRemediation (file:///D:/jero-pi/jero-pi/extensions/jero-agents.ts:141:17)
      at async admissionFixture (file:///D:/jero-pi/jero-pi/tests/sdd-managed-runtime-settlement.test.ts:115:19)
      at async TestContext.<anonymous> (file:///D:/jero-pi/jero-pi/tests/sdd-managed-runtime-settlement.test.ts:134:17)
      at async Test.run (node:internal/test_runner/test:1110:7)
      at async Test.processPendingSubtests (node:internal/test_runner/test:785:7)

test at tests\sdd-managed-runtime-settlement.test.ts:203:1
✖ settlement is single-finalization and cannot pass drifted failed-evidence identity (1.7467ms)
  Error: native SDD planning home escaped its workspace
      at decodeNativeSddStatusV2 (file:///D:/jero-pi/jero-pi/lib/native/native-review-cli.ts:1453:159)
      at admitManagedRemediation (file:///D:/jero-pi/jero-pi/extensions/jero-agents.ts:141:17)
      at async admissionFixture (file:///D:/jero-pi/jero-pi/tests/sdd-managed-runtime-settlement.test.ts:115:19)
      at async TestContext.<anonymous> (file:///D:/jero-pi/jero-pi/tests/sdd-managed-runtime-settlement.test.ts:204:36)
      at async Test.run (node:internal/test_runner/test:1110:7)
      at async Test.processPendingSubtests (node:internal/test_runner/test:785:7)

test at tests\sdd-managed-runtime-settlement.test.ts:212:1
✖ native refusal or uncertain settlement is not a completed managed correction (1.6873ms)
  Error: native SDD planning home escaped its workspace
      at decodeNativeSddStatusV2 (file:///D:/jero-pi/jero-pi/lib/native/native-review-cli.ts:1453:159)
      at admitManagedRemediation (file:///D:/jero-pi/jero-pi/extensions/jero-agents.ts:141:17)
      at async admissionFixture (file:///D:/jero-pi/jero-pi/tests/sdd-managed-runtime-settlement.test.ts:115:19)
      at async TestContext.<anonymous> (file:///D:/jero-pi/jero-pi/tests/sdd-managed-runtime-settlement.test.ts:213:29)
      at async Test.run (node:internal/test_runner/test:1110:7)
      at async Test.processPendingSubtests (node:internal/test_runner/test:785:7)

test at tests\sdd-managed-runtime-settlement.test.ts:219:1
✖ a received blocked settlement names the block; a lost settlement reply retains unresolved history (1.8504ms)
  Error: native SDD planning home escaped its workspace
      at decodeNativeSddStatusV2 (file:///D:/jero-pi/jero-pi/lib/native/native-review-cli.ts:1453:159)
      at admitManagedRemediation (file:///D:/jero-pi/jero-pi/extensions/jero-agents.ts:141:17)
      at async admissionFixture (file:///D:/jero-pi/jero-pi/tests/sdd-managed-runtime-settlement.test.ts:115:19)
      at async TestContext.<anonymous> (file:///D:/jero-pi/jero-pi/tests/sdd-managed-runtime-settlement.test.ts:220:16)
      at async Test.run (node:internal/test_runner/test:1110:7)
      at async Test.processPendingSubtests (node:internal/test_runner/test:785:7)

test at tests\sdd-managed-runtime-settlement.test.ts:265:1
✖ managed parent admission continues an explicitly retained token without a new acquire (1.3279ms)
  Error: native SDD planning home escaped its workspace
      at decodeNativeSddStatusV2 (file:///D:/jero-pi/jero-pi/lib/native/native-review-cli.ts:1453:159)
      at admitManagedRemediation (file:///D:/jero-pi/jero-pi/extensions/jero-agents.ts:141:17)
      at async admissionFixture (file:///D:/jero-pi/jero-pi/tests/sdd-managed-runtime-settlement.test.ts:115:19)
      at async TestContext.<anonymous> (file:///D:/jero-pi/jero-pi/tests/sdd-managed-runtime-settlement.test.ts:266:20)
      at async Test.run (node:internal/test_runner/test:1110:7)
      at async Test.processPendingSubtests (node:internal/test_runner/test:785:7)

test at tests\sdd-managed-runtime-settlement.test.ts:285:1
✖ R1 confirms exact canonical paths and commands; data, denial and symlinks grant nothing (16.2186ms)
  AssertionError [ERR_ASSERTION]: The expression evaluated to a falsy value:
  
    assert.ok(shown.includes(target))
  
      at TestContext.<anonymous> (file:///D:/jero-pi/jero-pi/tests/sdd-managed-runtime-settlement.test.ts:295:43)
      at async Test.run (node:internal/test_runner/test:1110:7)
      at async Test.processPendingSubtests (node:internal/test_runner/test:785:7) {
    generatedMessage: true,
    code: 'ERR_ASSERTION',
    actual: false,
    expected: true,
    operator: '==',
    diff: 'simple'
  }

test at tests\sdd-managed-runtime-settlement.test.ts:306:1
✖ R3/R4 acquire request is durable before mutation and token before actor admission (1.4429ms)
  Error: native SDD planning home escaped its workspace
      at decodeNativeSddStatusV2 (file:///D:/jero-pi/jero-pi/lib/native/native-review-cli.ts:1453:159)
      at admitManagedRemediation (file:///D:/jero-pi/jero-pi/extensions/jero-agents.ts:141:17)
      at async admissionFixture (file:///D:/jero-pi/jero-pi/tests/sdd-managed-runtime-settlement.test.ts:115:19)
      at async TestContext.<anonymous> (file:///D:/jero-pi/jero-pi/tests/sdd-managed-runtime-settlement.test.ts:308:23)
      at async Test.run (node:internal/test_runner/test:1110:7)
      at async Test.processPendingSubtests (node:internal/test_runner/test:785:7)

test at tests\sdd-managed-runtime-settlement.test.ts:318:1
✖ R3/R4 acquire persistence failure refuses before native mutation (1.355ms)
  AssertionError [ERR_ASSERTION]: The input did not match the regular expression /disk full/. Input:
  
  'Error: native SDD planning home escaped its workspace'
  
      at async TestContext.<anonymous> (file:///D:/jero-pi/jero-pi/tests/sdd-managed-runtime-settlement.test.ts:320:2)
      at async Test.run (node:internal/test_runner/test:1110:7)
      at async Test.processPendingSubtests (node:internal/test_runner/test:785:7) {
    generatedMessage: true,
    code: 'ERR_ASSERTION',
    actual: Error: native SDD planning home escaped its workspace
        at decodeNativeSddStatusV2 (file:///D:/jero-pi/jero-pi/lib/native/native-review-cli.ts:1453:159)
        at admitManagedRemediation (file:///D:/jero-pi/jero-pi/extensions/jero-agents.ts:141:17)
        at async admissionFixture (file:///D:/jero-pi/jero-pi/tests/sdd-managed-runtime-settlement.test.ts:115:19)
        at async waitForActual (node:assert:646:5)
        at async strict.rejects (node:assert:769:25)
        at async TestContext.<anonymous> (file:///D:/jero-pi/jero-pi/tests/sdd-managed-runtime-settlement.test.ts:320:2)
        at async Test.run (node:internal/test_runner/test:1110:7)
        at async Test.processPendingSubtests (node:internal/test_runner/test:785:7),
    expected: /disk full/,
    operator: 'rejects',
    diff: 'simple'
  }

test at tests\sdd-managed-runtime-settlement.test.ts:344:1
✖ R3/R4 known non-mutating acquire failures retain retryable blocked history while ambiguity remains unresolved (3.9856ms)
  AssertionError [ERR_ASSERTION]: Expected values to be strictly deep-equal:
  + actual - expected
  
    Comparison {
  +   message: 'native SDD planning home escaped its workspace',
  +   name: 'Error'
  -   message: 'invalid acquire request',
  -   name: 'TypeError'
    }
  
      at async TestContext.<anonymous> (file:///D:/jero-pi/jero-pi/tests/sdd-managed-runtime-settlement.test.ts:347:3)
      at async Test.run (node:internal/test_runner/test:1110:7)
      at async Test.processPendingSubtests (node:internal/test_runner/test:785:7) {
    generatedMessage: true,
    code: 'ERR_ASSERTION',
    actual: Error: native SDD planning home escaped its workspace
        at decodeNativeSddStatusV2 (file:///D:/jero-pi/jero-pi/lib/native/native-review-cli.ts:1453:159)
        at admitManagedRemediation (file:///D:/jero-pi/jero-pi/extensions/jero-agents.ts:141:17)
        at async admissionFixture (file:///D:/jero-pi/jero-pi/tests/sdd-managed-runtime-settlement.test.ts:115:19)
        at async waitForActual (node:assert:646:5)
        at async strict.rejects (node:assert:769:25)
        at async TestContext.<anonymous> (file:///D:/jero-pi/jero-pi/tests/sdd-managed-runtime-settlement.test.ts:347:3)
        at async Test.run (node:internal/test_runner/test:1110:7)
        at async Test.processPendingSubtests (node:internal/test_runner/test:785:7),
    expected: TypeError: invalid acquire request
        at TestContext.<anonymous> (file:///D:/jero-pi/jero-pi/tests/sdd-managed-runtime-settlement.test.ts:345:23)
        at Test.runInAsyncScope (node:async_hooks:214:14)
        at Test.run (node:internal/test_runner/test:1103:25)
        at Test.processPendingSubtests (node:internal/test_runner/test:785:18)
        at Test.postRun (node:internal/test_runner/test:1232:19)
        at Test.run (node:internal/test_runner/test:1160:12)
        at async Test.processPendingSubtests (node:internal/test_runner/test:785:7),
    operator: 'rejects',
    diff: 'simple'
  }

test at tests\shell-changes.test.ts:90:1
✖ changesSummary and the widget describe the session at a glance (32.0768ms)
  AssertionError [ERR_ASSERTION]: The input did not match the regular expression /^✎ 3 files · \+42 −7 · extensions\/jero-shell\.ts · lib\/shell-bar\.ts · tests\/x\.test\.ts {2,}\/jero:changes$/. Input:
  
  '✎ 3 files · +42 −7 · extensions/jero-shell.ts · lib/shell/shell-bar.ts · tests/x.test.ts                   /jero:changes'
  
      at TestContext.<anonymous> (file:///D:/jero-pi/jero-pi/tests/shell-changes.test.ts:97:9)
      at Test.runInAsyncScope (node:async_hooks:214:14)
      at Test.run (node:internal/test_runner/test:1103:25)
      at Test.processPendingSubtests (node:internal/test_runner/test:785:18)
      at Test.postRun (node:internal/test_runner/test:1232:19)
      at Test.run (node:internal/test_runner/test:1160:12)
      at async Test.processPendingSubtests (node:internal/test_runner/test:785:7) {
    generatedMessage: true,
    code: 'ERR_ASSERTION',
    actual: '✎ 3 files · +42 −7 · extensions/jero-shell.ts · lib/shell/shell-bar.ts · tests/x.test.ts                   /jero:changes',
    expected: /^✎ 3 files · \+42 −7 · extensions\/jero-shell\.ts · lib\/shell-bar\.ts · tests\/x\.test\.ts {2,}\/jero:changes$/,
    operator: 'match',
    diff: 'simple'
  }

test at tests\skill-registry.test.ts:198:1
✖ project-local skill registry extension wins over installed package copy (2.8191ms)
  AssertionError [ERR_ASSERTION]: Expected values to be strictly equal:
  
  false !== true
  
      at TestContext.<anonymous> (file:///D:/jero-pi/jero-pi/tests/skill-registry.test.ts:204:9)
      at Test.runInAsyncScope (node:async_hooks:214:14)
      at Test.run (node:internal/test_runner/test:1103:25)
      at Test.processPendingSubtests (node:internal/test_runner/test:785:18)
      at Test.postRun (node:internal/test_runner/test:1232:19)
      at Test.run (node:internal/test_runner/test:1160:12)
      at async Test.processPendingSubtests (node:internal/test_runner/test:785:7) {
    generatedMessage: true,
    code: 'ERR_ASSERTION',
    actual: false,
    expected: true,
    operator: 'strictEqual',
    diff: 'simple'
  }
EXIT=1
