✔ isValidProfileName accepts slug names and rejects reserved and malformed names (3.6037ms)
✔ emptyProfilesFile returns a versioned empty store (1.5366ms)
✔ parseProfilesFileText rejects malformed JSON without throwing (0.7866ms)
✔ parseProfilesFileText never accepts a wrong kind or version (0.5737ms)
✔ parseProfilesFileText rejects a file whose profiles are not a record (0.3952ms)
✔ parseProfilesFileText accepts a valid store and drops profiles with invalid names (1.0174ms)
✔ parseProfilesFileText accepts legacy string routing entries and drops broken agents (0.4704ms)
✔ serializeProfilesFile round-trips through parseProfilesFileText with a trailing newline (0.9474ms)
✔ serializeProfilesFile omits the active field when no profile is active (0.493ms)
✔ createProfile adds a profile without mutating the input (0.7538ms)
✔ createProfile clones the given config so later edits cannot leak (0.2833ms)
✔ createProfile throws typed errors on invalid and duplicate names (1.5218ms)
✔ updateProfile replaces the config without mutating the input and throws when missing (0.613ms)
✔ duplicateProfile copies the config under a new name (0.4773ms)
✔ renameProfile carries the active marker over and keeps the input untouched (0.5454ms)
✔ renameProfile leaves the active marker alone for other profiles (0.2368ms)
✔ renameProfile throws typed errors for missing, duplicate, and invalid names (0.4162ms)
✔ deleteProfile removes a profile but refuses to delete the active one (0.4836ms)
✔ setActiveProfile marks an existing profile and throws otherwise (0.2569ms)
✔ summarizeProfile groups roles per model and sorts by count desc then model asc (17.4632ms)
✔ summarizeProfile labels model-less entries as inherit and handles empty configs (0.2205ms)
✔ profile export round-trips through serialize and parse (0.5122ms)
✔ profile export parse rejects malformed, wrong-kind, wrong-version, and invalid-name payloads (0.3234ms)
✔ serializeProfileExport throws on an invalid profile name (0.2254ms)
✔ profile export parse names dropped routing entries without dropping the profile (0.2713ms)
✔ normalizeProfilesFile validates shape, drops invalid entries, and reports them (0.4666ms)
✔ normalizeProfilesFile drops an active marker that points nowhere (0.3417ms)
✔ bootstrapProfilesFile seeds a current profile, active only when routing is non-empty (1.6839ms)
✔ buildProfileListItems shows the name, active marker, and role count (0.3944ms)
✔ formatProfileSummaryLines renders counts, models, and roles (0.5597ms)
✔ parseProfilesFileText drops a __proto__ profile key without polluting the object (0.3818ms)
✔ serialize then parse is idempotent across repeated round-trips (0.3765ms)
✔ deleteProfile removes the last profile and leaves a valid empty store (0.3126ms)
✔ profile names accept slug punctuation but reject unicode letters (0.2511ms)
✔ summarizeProfile breaks count ties by model name ascending (0.3805ms)
✔ duplicateProfile deep-clones so copy edits cannot leak into the source (0.2564ms)
✔ renameProfile preserves the profile order in the store (0.4353ms)
✔ an empty profile exports and imports cleanly (0.2168ms)
✔ normalizeProfilesFile reports an active marker that names no profile (0.1962ms)
✔ readProfilesFileResult reports a missing store without throwing (0.5297ms)
✔ readProfilesFileResult reports malformed JSON as invalid (2.1556ms)
✔ readProfilesFileResult rejects a foreign kind or version (2.5221ms)
✔ readProfilesFileResult returns normalized profiles together with their drops (3.0737ms)
✔ writeProfilesFileSync creates missing parent directories (2.8511ms)
✔ writeProfilesFileSync replaces the store and leaves no temp file behind (3.6447ms)
✔ writeProfilesFileSync reports the operation error and still removes the temp file (3.6964ms)
✔ writeProfilesFileSync reports a serialization failure, skips the rename, and cleans up (2.6364ms)
✔ the path helpers resolve both stores inside the config home (0.4151ms)
✔ the orchestrator key is never counted or listed as an agent role (0.614ms)
✔ the orchestrator helper treats an absent or empty entry as undefined (0.2033ms)
✔ profileRoutingRows lists one aligned row per agent, in a stable order (0.8308ms)
✔ formatOrchestratorSelection separates set, inherit, and inherit-with-thinking (0.2397ms)
✔ STALE_COMPLETION_MS is pinned so tests can rely on the boundary (1.4749ms)
✔ a pending completion is delivered exactly once, in settle order (1.4056ms)
✔ duplicate enqueue for a pending task id is a no-op (0.2898ms)
✔ duplicate enqueue for a delivered task id is a no-op (0.2335ms)
✔ duplicate enqueue for a consumed task id is a no-op (0.2553ms)
✔ a consumed entry is dropped and never returned (0.2725ms)
✔ consume remembers unknown ids so a later completion is suppressed (1.3051ms)
✔ consume is idempotent (0.3304ms)
✔ an entry is stale once now - settledAt reaches STALE_COMPLETION_MS (0.3876ms)
✔ dropAll discards pending, consumed, and delivered state (2.9142ms)
✔ parseFrontmatter reads scalars, inline lists, and block lists, and keeps the body (5.8507ms)
✔ parseModelRef splits provider/id and accepts a bare id (0.545ms)
✔ parseAgentDefinition builds a definition from the gentle-ai agent format (1.4181ms)
✔ parseAgentDefinition accepts effort and subagent_mode aliases, csv tools, and names from the file (0.4486ms)
✔ parseAgentDefinition rejects unknown thinking levels, modes, and empty bodies (0.2997ms)
✔ runtime thinking levels stay aligned with model routing authority (0.276ms)
✔ parseAgentDefinition accepts max through every thinking alias (0.3686ms)
✔ discoverAgents retains max definitions instead of falling back to medium (8.338ms)
✔ max defaults and model profiles preserve routing precedence (0.8122ms)
✔ discoverAgents merges the four directories with project over global and subagents over agents (32.2789ms)
✔ profile agent roots isolate global definitions and subagents.json while explicit homes keep their fallback (7.6947ms)
✔ parseAgentsConfig applies defaults, validates values, and silently ignores the retired total-timeout key (0.3868ms)
✔ resolveAgentProfile prefers the profile, then the definition, then the defaults (0.3266ms)
✔ AgentsView shows direct current children and groups only open orchestrators in the directory (57.6751ms)
✔ AgentsView never infers unknown open sessions and keeps manual directory expansion (8.5028ms)
✔ AgentsView keeps headings non-actionable and clears a hidden selected child thread (3.0257ms)
✔ AgentsView removes terminal children immediately without deleting retained threads (3.8499ms)
✔ AgentsView retains an idle open heading and explicit collapse after the final child finishes (5.2665ms)
✔ AgentsView orders children by creation then ID, not renewed activity (1.8722ms)
✔ AgentsView keeps its selected listener stable while another listener receives a stream update (1.6153ms)
✔ historyDir follows an isolated agent profile while explicit homes retain the default fallback (3.0233ms)
✔ saveTask writes a task with its thread and loadStoredTask reads it back (18.6378ms)
✔ loadHistory skips broken files, sorts newest first, and pruneHistory keeps the newest N (20.2242ms)
✔ TaskStore.restore adds a stored task without clobbering a live one (0.8392ms)
✔ AgentsView integrates flat current-session selection, semantic scrolling, live geometry, and idempotent close (90.0157ms)
✔ notification and query frames admit only bounded exact schemas (4.4724ms)
✔ child notification admissions require an exact acknowledgement and clean up (3.1306ms)
✔ callback failures clear pending work but a closed messenger cannot retry (0.8879ms)
✔ a real Node IPC child exchanges a notification acknowledgement without stdout framing (174.0535ms)
✔ normalizeRpcEvent maps pi RPC events to task deltas and ignores the rest (9.0407ms)
✔ response observations are opt-in, finalized, field-specific and content-free (1.9567ms)
✔ response observations reject malformed counters and unbounded metadata without coercion (1.5826ms)
✔ taskLabel prefers an explicit label and otherwise takes the prompt's first sentence (1.1801ms)
✔ applyTaskEvent appends incrementally: text deltas merge, tool output is replaced, items stay bounded (1.3466ms)
✔ applyTaskEvent sanitizes text, ignores updates for unknown tools, and records asks as notes (0.5117ms)
✔ TaskStore notifies only the listeners of the task that changed and keeps summaries cheap (2.3314ms)
✔ TaskStore.apply moves the task to waiting on ask, back to running on any later event, and counts turns (1.2441ms)
✔ ChildMessenger validates query replies and settles timeout, callback failure, and disconnect once (7.4913ms)
✔ ChildMessenger resolves one strictly correlated query reply (1.1637ms)
✔ ChildMessenger rejects an empty reply error and ignores mixed reply fields (1.6568ms)
✔ runner sends bounded static query rejection frames that settle the child before timeout (20.8215ms)
✔ a malformed query with a valid q ID gets a reply that clears the matching child query (3.1283ms)
✔ background queries keep correlation, bounds, and ownership before replying only over IPC (5.7902ms)
✔ a throwing query hook rolls back ownership before one error and never schedules a second reply (4.9315ms)
✔ query expiry, IPC revocation, delayed callbacks, and foreground admission settle once (5.3733ms)
✔ Agents layout safely bounds 0-row terminals (2.8361ms)
✔ Agents layout safely bounds 1-row terminals (0.5031ms)
✔ Agents layout safely bounds 2-row terminals (0.2348ms)
✔ Agents layout reserves fallback for tiny terminals, a single viewport for narrow terminals, and panes at 60 cells (3.7083ms)
﹣ POSIX cleanup retains queue slots when a leader exits but its TERM-resisting descendant remains (2.783ms) # SKIP
✔ synchronous cancellation before dequeue never invokes the policy callback (21.1855ms)
✔ hanging preparation never blocks spawn or queued core work; late grants are dropped (9.052ms)
✔ parallel preparation ready cannot delay execution or revive dropped observations (4.8822ms)
✔ parallel preparation late cannot delay execution or revive dropped observations (2.5272ms)
✔ parallel preparation reject cannot delay execution or revive dropped observations (2.2168ms)
✔ parallel preparation throw cannot delay execution or revive dropped observations (4.0651ms)
✔ child observation guard discards permanently at launch without changing task execution (6.1983ms)
✔ child observation guard discards permanently at stream without changing task execution (2.7553ms)
✔ child observation guard discards permanently at finish without changing task execution (2.7139ms)
✔ child observation guard discards permanently at throw without changing task execution (2.3364ms)
✔ child observation guard is never consulted when collection is default-off (2.2722ms)
✔ successful child mutations require paired RPC events and survive cancel (5.5682ms)
✔ successful child mutations require paired RPC events and survive failure (1.9172ms)
✔ successful child mutations require paired RPC events and survive hook-error (3.4475ms)
✔ successful child mutations require paired RPC events and survive hook-async-error (2.5915ms)
✔ launch registration waits for actual spawn, including queued launches, and ignores failed spawns (5.9646ms)
✔ runner captures resolved model and effort, retaining omitted launch values (5.0437ms)
✔ runner delivers each response combination once at finish, never attributing launch selection (5.2053ms)
✔ bounded response coverage survives cancel honestly (7.9034ms)
✔ bounded response coverage survives exit honestly (4.4132ms)
✔ bounded response coverage survives error honestly (5.8592ms)
✔ bounded response coverage survives timeout honestly (8.0814ms)
✔ bounded response coverage survives settled-error honestly (8.0373ms)
✔ response buffering is disabled by default and absent for tasks cancelled before launch (7.2917ms)
✔ childArguments builds an rpc launch with model, thinking, tools, session dir, and instructions (0.5202ms)
✔ childArguments preserves a max profile instead of the definition's medium effort (1.4001ms)
✔ childArguments preserves a max default without a selected model (0.3344ms)
✔ childArguments grants every child the notification-only parent message tool (0.2056ms)
✔ AgentRunner admits strict live notifications once and closes IPC before Stop (6.3815ms)
✔ AgentRunner rejects notifications from an inactive parent session with a static acknowledgement (1.574ms)
✔ AgentRunner retains only a 64-notification duplicate window (2.6347ms)
✔ piCommand reuses the running pi entry point and honors the override (0.8661ms)
✔ JsonLines splits on LF only, tolerates CRLF, and skips lines that are not JSON (0.5262ms)
✔ AgentRunner runs a task end to end: prompt, deltas into the store, completion with the last answer (2.5984ms)
✔ AgentRunner waits for child exit after settlement before releasing its queue slot or finishing twice (1.9232ms)
✔ AgentRunner queues beyond max concurrency and starts the next task when one finishes (2.9892ms)
✔ AgentRunner classifies terminal assistant outcomes only after settlement (3.2856ms)
✔ AgentRunner clears an earlier answer after a later error, but permits a successful retry before settlement (1.8953ms)
✔ AgentRunner fails if the child exits after agent_end but before agent_settled (1.4258ms)
✔ AgentRunner selects detached=false for win32 without changing the launch contract (2.107ms)
✔ AgentRunner selects detached=true for linux without changing the launch contract (2.3433ms)
✔ AgentRunner retains permission broker fd3 and assigns messaging IPC to fd4 (2.889ms)
✔ AgentRunner answers dialogs through askUser in task mode and cancels them in background mode (3.9185ms)
✔ AgentRunner cancels and fails when the child exits early (3.1742ms)
✔ AgentRunner has no total-duration watchdog but keeps active work alive and times out true silence (2.0021ms)
✔ AgentRunner.cancelAll stops every queued and running task (1.6727ms)
✔ AgentRunner fails only the task when the child cannot start, and the queue moves on (1.9411ms)
✔ AgentRunner turns a synchronous spawn exception into a failed task (0.6492ms)
✔ AgentRunner releases quarantined capacity only on proven exit (late events: false) (4.9399ms)
✔ AgentRunner releases quarantined capacity only on proven exit (late events: true) (4.996ms)
✔ a confirmed-gone group completes the exit and frees its slot without an observed exit (2.7675ms)
✔ an unprobeable process group quarantines at its deadline and still records the run (5.0413ms)
✔ abortReasonText renders an Error, a string, and nothing for unknown reasons (0.5957ms)
✔ research narrowing transport keeps exact argv paths and replaces inherited selection (5.162ms)
✔ runner retains remediation observations and awaits terminal settlement (12.3985ms)
✔ admitted no-PID failure settles interrupted before sending a prompt (1.5849ms)
✔ admitted synchronous spawn failure finalizes without launching another actor (1.0821ms)
✔ renderThreadItem presents every protocol kind as labeled, indented blocks (9.5695ms)
✔ renderThreadItem keeps multiline content and every retained tool-output line across terminal widths (6.5884ms)
✔ renderThreadItem renders actual sanitized retention markers and error status color (2.3028ms)
✔ sessionToMarkdown writes user, tool calls with results, and assistant text, dropping thinking and noise (4.6397ms)
✔ sessionToMarkdown widens the fence when the output itself contains backticks (0.5923ms)
✔ narrow navigation enters a direct child, retains manual thread position, and Escape backs out (79.2481ms)
✔ desktop fullscreen and every task action have mouse controls at the split boundary (13.0137ms)
✔ tiny frames stay bounded and Close remains clickable whenever a cell exists (15.0636ms)
✔ compact footer cycles mouse actions without clipped hit regions (3.5918ms)
✔ manual list wheels remain independent of selection and survive Back and resize (9.6106ms)
✔ activating a visible child preserves the manual list offset through Back and height resize (8.065ms)
✔ resizing a narrow child list to desktop keeps Fullscreen local and completion returns to the list (2.3069ms)
✔ fullscreen retains every semantic block and hides Stop for unowned active tasks (17.9701ms)
✔ narrow unknown origins stay isolated rather than sharing an inferred orchestrator (1.0073ms)
✔ presentation changes invalidate pointer geometry before another frame (0.8393ms)
✔ renderThreadItem renders labeled text, thinking, tool-output, and note blocks (1.7302ms)
✔ AgentsView renders the frame with the task list and the selected thread's tail, at width (1.4933ms)
✔ AgentsView keys move the selection, scroll, follow, cancel, open, and close (4.2315ms)
✔ AgentsView subscribes only to the selected task and survives an empty store (1.1701ms)
✔ live-only current panel exposes active children directly at desktop and narrow widths (3.3652ms)
✔ live-only current panel never promotes retained foreign or unknown tasks into open sessions (0.7677ms)
✔ AgentsView pointer regions hover and select task rows without activating, and keep list and thread wheels independent (2.3065ms)
✔ AgentsView retains narrow keyboard mode after selection and store invalidation (1.5172ms)
✔ AgentsView narrow drilldown has explicit Back, independent wheel and Open, and global close (1.5465ms)
✔ AgentsView clears hover on leave, list scrolling, resize, updates, empty lists, and disposal (6.9383ms)
✔ AgentsView advertises s to stop an active selection, retains c as an alias, and hides stopping for finished tasks (1.3355ms)
✔ AgentsView close control, Escape, and q share rendered bounds and one idempotent close (2.0923ms)
✔ AgentsView scrolls the task list so the selection stays visible when there are more tasks than rows (5.0367ms)
✔ AgentsView scopes to live children and toggles only the open-session directory (4.0346ms)
✔ AgentsView footer buttons follow, open only a session-backed selection, and clear stale geometry (4.5964ms)
✔ AgentsView reads live rows, preserves manual scroll and selection, and invalidates stale pointer bounds (3.6048ms)
✔ AgentsView rejects cached-height pointer input before the live resize renders (2.0997ms)
✔ formatElapsed renders seconds, minutes, and hours compactly (2.4607ms)
✔ widgetTasks keeps active tasks in start order and only recently finished ones (2.4618ms)
✔ widgetExpiryMs says how long until the next finished row leaves the card (0.7115ms)
✔ renderAgentsCard draws columns for agent, task, and model · tokens · cost · time, with the batch time in the rule (61.6731ms)
✔ renderAgentsCard renders singleton elapsed time only on its task row (1.1166ms)
✔ renderAgentsCard keeps every task on one line, clipping long labels, and drops the task column when the card is narrow (1.5538ms)
✔ renderAgentsCard shows questions and failures in place of the task, and collapses to the first row (2.2629ms)
✔ agent model and effort outrank usage at sidebar widths without inventing unknown values (9.3588ms)
✔ widgetRows caps the card at a quarter of the terminal, between three and eight rows (0.4877ms)
✔ renderAgentsCard caps the rows at maxRows, keeps active tasks ahead of finished ones, and says how many are hidden (3.7937ms)
✔ orchestrator keeps conversation language separate from generated artifact language (11.6407ms)
✔ rendered SDD preflight prompt is English artifact copy (1.6234ms)
✔ orchestrator Memory Contract carries the Engram memory lifecycle rule (5.5812ms)
✔ SDD proposal questions focus on business and PRD gaps (2.2468ms)
✔ all shipped SDD agents and chains require parent preflight transport (22.1939ms)
✔ SDD chain assets distinguish interactive gates from auto execution (3.2248ms)
✔ orchestrator lazy-loads detailed SDD workflow (3.9618ms)
✔ persistent harness prompt assets do not hardcode Spanish SDD artifact copy (38.5793ms)
✔ SDD assets route completed implementation directly through verify, sync, and archive (3.4704ms)
✔ comment-writer is context-reactive and neutral by default for Spanish comments (2.5766ms)
✔ ask_user_choice transcript opts out of Pi's painted tool shell (3.2773ms)
✔ ask_user_choice registers without runtime actions or overriding the open questionnaire (2.3855ms)
✔ ask_user_choice keeps closed mode by default and makes custom mode opt-in (2.0505ms)
✔ ask_user_choice hover preserves the keyboard-selected opaque value (17.2365ms)
✔ ask_user_choice retains native rendered hit testing for mouse selection (7.8856ms)
✔ ask_user_choice supports an opt-in custom response from keyboard navigation (5.4395ms)
✔ ask_user_choice uses native input decoding and supplied custom editor keybindings (3.9037ms)
✔ ask_user_choice activates an opt-in custom response from the Other row pointer target (1.9418ms)
✔ ask_user_choice rejects empty custom responses and escapes back to list cancellation (8.2315ms)
✔ ask_user_choice renders Other only when custom response is explicitly enabled (3.1691ms)
✔ ask_user_choice handles a closed Kilo hash decision with an opaque envelope value (1.8409ms)
✔ ask_user_choice cancels without a value and remains unavailable outside the TUI (1.6534ms)
✔ ask_user_choice emits a private balanced lifecycle around selection and cancellation (0.9429ms)
✔ ask_user_choice settles its lifecycle after a custom UI error and emits nothing outside the TUI (0.6764ms)
✔ ask_user_choice is offered only for interactive TUI turns and preserves the open questionnaire (0.5684ms)
✔ actual SDK discovers SDD only after explicit activation in the same session (4106.7703ms)
✔ classifyGuardedCommand: git push plain → confirm by default (no autonomous mode) (6.8193ms)
✔ classifyGuardedCommand: git rebase → confirm by default (no autonomous mode) (1.3087ms)
✔ classifyGuardedCommand: npm publish → confirm by default (no autonomous mode) (0.4239ms)
✔ classifyGuardedCommand: unknown command → not-guarded (0.9841ms)
✔ classifyGuardedCommand: git push --force always blocked even with gitPush=allow (0.7666ms)
✔ classifyGuardedCommand: git push --force-with-lease always blocked (0.444ms)
✔ classifyGuardedCommand: git push -f always blocked even in autonomous mode (0.3349ms)
✔ classifyGuardedCommand: git reset --hard always blocked (0.2601ms)
✔ classifyGuardedCommand: rm -rf / always blocked (0.3112ms)
✔ classifyGuardedCommand: rm -rf ~ always blocked (0.3813ms)
✔ classifyGuardedCommand: chmod -R 777 always blocked (0.3688ms)
✔ classifyGuardedCommand: git push plain allowed when autonomousMode=true and gitPush=allow (0.3122ms)
✔ classifyGuardedCommand: configured push allow is remote-agnostic and unchanged (0.4302ms)
✔ guardedCommandPreview: long late matched action stays visible in preview (3.3331ms)
✔ guardedCommandPreview: late non-push action visible, elided, and width-bounded (0.3214ms)
✔ guardedCommandTitle: exact action-specific titles per guarded key (0.2919ms)
✔ guardedCommandTitle: unkeyed guarded command falls back to generic title (0.1663ms)
✔ evaluateGuardedCommand: collects guarded matches in command order and applies full-command precedence (1.8046ms)
✔ evaluateGuardedCommand: git -C stores the push token offset for bounded previews (0.3264ms)
✔ evaluateGuardedCommand: git -C path containing push still offsets the push action (0.3321ms)
✔ evaluateGuardedCommand: repeated forced branch deletions remain separate matches (0.4175ms)
✔ classifyGuardedCommand: git push plain still confirm when autonomousMode=false even with gitPush=allow in config (0.2309ms)
✔ classifyGuardedCommand: git rebase stays confirm when autonomousMode=true and gitRebase=confirm (0.2229ms)
✔ classifyGuardedCommand: git branch -D stays confirm in autonomous mode (gitBranchDeleteForce=confirm) (0.268ms)
✔ classifyGuardedCommand: git branch -df stays confirm in autonomous mode (0.256ms)
✔ classifyGuardedCommand: git branch --delete --force stays confirm in autonomous mode (0.3314ms)
✔ classifyGuardedCommand: npm publish blocked when autonomousMode=true and npmPublish=block (0.2733ms)
✔ loadRuntimeGuardrailsConfig: returns off config when no file exists (2.4265ms)
✔ loadRuntimeGuardrailsConfig: env var GENTLE_PI_AUTONOMOUS_MODE=1 activates mode (1.9776ms)
✔ loadRuntimeGuardrailsConfig: global config file activates autonomous mode (6.014ms)
✔ loadRuntimeGuardrailsConfig: project config overrides global config (9.5044ms)
✔ loadRuntimeGuardrailsConfig: invalid JSON in config fails safe (autonomousMode=false) (5.8137ms)
✔ loadRuntimeGuardrailsConfig: non-object JSON fails safe (4.6236ms)
✔ loadRuntimeGuardrailsConfig: invalid project config fails safe (autonomousMode=false) (9.1509ms)
✔ classifyGuardedCommand: pi remove confirm when autonomousMode=false (0.3297ms)
✔ classifyGuardedCommand: pi remove allowed when autonomousMode=true and piRemove=allow (0.3623ms)
✔ classifyGuardedCommand: git -C /repo push --force → block even with gitPush=allow (0.2745ms)
✔ classifyGuardedCommand: git --work-tree=/tmp push --force → block (0.2761ms)
✔ classifyGuardedCommand: git -C /repo push -f → block (0.2549ms)
✔ classifyGuardedCommand: git -C /repo push origin feat → classified as gitPush (allow when configured) (0.2193ms)
✔ classifyGuardedCommand: git -C /repo push origin feat → confirm when autonomousMode=false (0.3067ms)
✔ classifyGuardedCommand: rm -rf $HOME → block (0.3158ms)
✔ classifyGuardedCommand: rm -rf $HOME/foo → block (0.2726ms)
✔ classifyGuardedCommand: gitBranchDeleteForce=allow in autonomous mode → allow (0.2617ms)
✔ classifyGuardedCommand: autonomousMode=true, empty guardedCommands, gitPush defaults to allow (0.2053ms)
✔ loadRuntimeGuardrailsConfig: GENTLE_PI_AUTONOMOUS_MODE=0 does NOT activate autonomous mode (1.9532ms)
✔ loadRuntimeGuardrailsConfig: GENTLE_PI_AUTONOMOUS_MODE=true does NOT activate autonomous mode (1.8058ms)
✔ loadRuntimeGuardrailsConfig: GENTLE_PI_AUTONOMOUS_MODE='' does NOT activate autonomous mode (1.8584ms)
✔ loadRuntimeGuardrailsConfig: autonomousMode:1 (number) in JSON does NOT activate autonomous mode (6.3114ms)
✔ loadRuntimeGuardrailsConfig: autonomousMode:"true" (string) in JSON does NOT activate autonomous mode (3.8069ms)
✔ loadRuntimeGuardrailsConfig: autonomousMode:{} (object) in JSON does NOT activate autonomous mode (5.8358ms)
✔ strict decode accepts exactly the v1 schema with policy on|off (3.3031ms)
✔ strict decode rejects malformed shapes (0.5488ms)
✔ default is off with no file and no env (2.2886ms)
✔ project file overrides global file and env (3.2897ms)
✔ global file overrides env when no project file exists (2.9626ms)
✔ env var applies only when no policy file exists, and only exact on|off (2.9919ms)
✔ a malformed higher-priority file fails closed to off instead of falling through (6.3782ms)
✔ capability is absent when no subagents package exists anywhere (2.5078ms)
✔ capability is ready when the subagents package is installed without an agents directory (5.5649ms)
✔ capability is ready for either supported package name (11.7899ms)
✔ capability stays ready for a layout that does ship an agents directory (7.2305ms)
✔ a bare directory with no package.json is not an installed package (3.3088ms)
✔ a live tool registry listing subagent_run reports ready with no package on disk (0.9082ms)
✔ a live tool registry without subagent_run outranks an installed package (4.4523ms)
✔ an empty tool list carries no signal and falls back to the package probe (4.8252ms)
✔ readActiveToolNames reads the pi registry and degrades to undefined (2.0945ms)
✔ status line renders policy and capability (0.2555ms)
✔ renderOrchestratorPrompt substitutes the background policy token (0.8583ms)
✔ renderOrchestratorPrompt defaults to the fail-closed off/absent rendering (0.6579ms)
✔ the rendered status line flips to ready when the subagents package is installed (6.3266ms)
✔ the rendered status line reports ready from a live registry alone (3.3219ms)
✔ getOrchestratorPrompt renders exactly one background status line (1.7574ms)
✔ the resolver attributes the project file, with its path (5.4011ms)
✔ the resolver attributes the global file when no project file exists (2.6569ms)
✔ the resolver attributes the environment variable when no file exists (1.427ms)
✔ the resolver attributes the built-in default when nothing else decides (1.6808ms)
✔ the resolver attributes a malformed file to that file and does not fall through (4.8038ms)
✔ loadBackgroundSubagentsPolicy delegates to the resolver so the two can never disagree (9.9317ms)
✔ gentle:background-subagents is registered and declares user-initiated sub-actions (2.9816ms)
✔ no argument reports the effective policy, the deciding default, and the capability (5.0435ms)
✔ status names the project file that decided and the global file it shadows (8.3122ms)
✔ status names the global file when it is the deciding source (4.7247ms)
✔ status names the environment variable when it is the deciding source (3.5822ms)
✔ status calls an unrecognized environment value inert instead of silently ignoring it (3.0394ms)
✔ status reports a malformed deciding file as fail-closed, not as a real off (7.3904ms)
✔ enable writes the global file and reports that it decides (5.0379ms)
✔ disable writes the global file off and reports that it decides (4.5135ms)
✔ enable under an outranking project file writes the global file and says it does not take effect (6.1792ms)
✔ enable with the environment variable set reports where that variable ranks (3.8024ms)
✔ an unknown sub-action warns and changes nothing (2.8775ms)
✔ CodeGraph tool rejects non-project, nested-project, HOME, and temporary workspaces before init (286.1844ms)
✔ CodeGraph tool runs only fixed cwd-scoped init, query, and explore commands (347.6387ms)
✔ CodeGraph tool rejects pre-existing .codegraph symlinks and non-directories (475.1594ms)
✔ CodeGraph tool passes hyphen-leading queries after the option terminator (222.0646ms)
✔ CodeGraph tool returns structured fallback instructions when the binary is unavailable (228.9531ms)
✔ CodeGraph tool returns fallback instructions when CodeGraph fails (220.6279ms)
✔ CodeGraph tool configures a process buffer above the returned-output truncation threshold (213.818ms)
✔ CodeGraph tool rejects incomplete or oversized query requests before running a process (293.9537ms)
✔ CodeGraph tool registration exposes a single constrained custom tool (0.5306ms)
✔ Windows shim helpers skip stale PATH shims before resolving the npm script (22.169ms)
✔ Windows shim helpers resolve quoted PATH entries in order without stripping unmatched quotes (25.5319ms)
✔ Windows launcher passes command metacharacters as one literal argv value (394.3212ms)
✔ every SDD phase executor carries an effective `## Key Learnings Closing` section with full semantics (11.1981ms)
✔ no SDD phase executor infers Key Learnings through `standard phase envelope` alone (3.2956ms)
✔ SDD executor coverage is exhaustive against actual agent files (0.8696ms)
✔ generic delegation contract instructs the same `## Key Learnings` closing block (1.5497ms)
✔ sdd-orchestrator-workflow documents routing, not executor authority (1.1549ms)
✔ provider ownership: no Pi TypeScript runtime parses Key Learnings or invokes passive-capture tools (36.1721ms)
✔ listCodeFiles recurses nested code, ignores non-code files, and skips symlinks (12.0717ms)
✔ strict review and Judgment Day agents do not gain Key Learnings or trailing-prose instruction (2.6602ms)
✔ the canonical Key Learnings heading has no trailing colon in any asset (4.5166ms)
✔ modified SDD agents are packaged and installed by the existing installer (1.2759ms)
✔ feature request form has supported structure and only intake labels (26.7355ms)
✔ duplicate and privacy affirmations are individually required (6.1374ms)
✔ feature questions require problem and outcome but keep alternatives and context optional (6.7192ms)
fatal: not a git repository (or any of the parent directories): .git
✔ all nine subagent registrations own their transcript shell (9.724ms)
fatal: not a git repository (or any of the parent directories): .git
✔ host query delivery exposes correlation and accepts one current-session reply (196.7761ms)
fatal: not a git repository (or any of the parent directories): .git
✔ first foreground query yields while its child runs and delivers one completion (167.1671ms)
fatal: not a git repository (or any of the parent directories): .git
✔ cancelling a yielded foreground task prevents completion follow-up (142.5178ms)
fatal: not a git repository (or any of the parent directories): .git
✔ yielded foreground completion is suppressed after session replacement or cancellation (143.2433ms)
fatal: not a git repository (or any of the parent directories): .git
fatal: not a git repository (or any of the parent directories): .git
✔ first handoff failure keeps ordinary completion, later failure retains yielded completion (279.1968ms)
fatal: not a git repository (or any of the parent directories): .git
✔ foreground handoff survives settlement before its original await resumes (132.4366ms)
fatal: not a git repository (or any of the parent directories): .git
✔ child parent-message tooling admits notifications and the active parent preserves raw model text (154.6495ms)
fatal: not a git repository (or any of the parent directories): .git
✔ local child composition through real extensions and RPC runner: allowed (157.0736ms)
fatal: not a git repository (or any of the parent directories): .git
✔ local child composition through real extensions and RPC runner: env (142.2262ms)
fatal: not a git repository (or any of the parent directories): .git
✔ local child composition through real extensions and RPC runner: session (158.2224ms)
fatal: not a git repository (or any of the parent directories): .git
✔ local child composition through real extensions and RPC runner: replacement (150.919ms)
fatal: not a git repository (or any of the parent directories): .git
✔ local child composition through real extensions and RPC runner: bus-throws (137.5299ms)
fatal: not a git repository (or any of the parent directories): .git
✔ local child composition through real extensions and RPC runner: no-spawn (134.1984ms)
✔ local child composition through real extensions and RPC runner: long-running (146.3508ms)
fatal: cannot change to 'C:\Users\Administrator\AppData\Local\Temp\gentle-agents-ext-9jclyI\local-live': No such file or directory
fatal: cannot change to 'C:\Users\Administrator\AppData\Local\Temp\gentle-agents-ext-9jclyI\peer-live': No such file or directory
✔ live-only extension instances discover same-profile peers across cwd boundaries without importing their tasks (2192.316ms)
✔ manual agents command warns once in RPC mode and stays quiet without UI (5.7711ms)
fatal: cannot change to 'C:\Users\Administrator\AppData\Local\Temp\gentle-agents-ext-9jclyI\io-original': No such file or directory
fatal: cannot change to 'C:\Users\Administrator\AppData\Local\Temp\gentle-agents-ext-9jclyI\io-original': No such file or directory
fatal: cannot change to 'C:\Users\Administrator\AppData\Local\Temp\gentle-agents-ext-9jclyI\io-original': No such file or directory
✔ live presence after owned-target publication failure: recover (2227.6595ms)
fatal: cannot change to 'C:\Users\Administrator\AppData\Local\Temp\gentle-agents-ext-9jclyI\io-original': No such file or directory
✔ live presence after owned-target publication failure: shutdown (547.7722ms)
fatal: cannot change to 'C:\Users\Administrator\AppData\Local\Temp\gentle-agents-ext-9jclyI\same-live': No such file or directory
fatal: cannot change to 'C:\Users\Administrator\AppData\Local\Temp\gentle-agents-ext-9jclyI\peer-cwd': No such file or directory
✔ live presence after owned-target publication failure: replacement (558.2749ms)
✔ live-only instances sharing a session ID remain distinct and withdraw only their own incarnation (1318.785ms)
fatal: not a git repository (or any of the parent directories): .git
✔ live-only directory traverses presence overflow, excludes expired and other-profile peers, and replaces sessions (6464.4113ms)
fatal: not a git repository (or any of the parent directories): .git
fatal: not a git repository (or any of the parent directories): .git
fatal: not a git repository (or any of the parent directories): .git
fatal: not a git repository (or any of the parent directories): .git
✔ research launch transports selected grants and only matching existing extensions (570.3662ms)
✔ research child inventory requires every canonical open-web tool (2.4295ms)
✔ research child rechecks local inventory and blocks gateway calls (1.4401ms)
fatal: not a git repository (or any of the parent directories): .git
✖ child mutation attribution through registered subagent_run: own (134.8018ms)
fatal: not a git repository (or any of the parent directories): .git
✖ child mutation attribution through registered subagent_run: other-root (140.9533ms)
fatal: not a git repository (or any of the parent directories): .git
✔ child mutation attribution through registered subagent_run: escaped (143.1381ms)
fatal: not a git repository (or any of the parent directories): .git
✔ child mutation attribution through registered subagent_run: sibling (147.8826ms)
fatal: not a git repository (or any of the parent directories): .git
✔ child mutation attribution through registered subagent_run: session-switch (132.3471ms)
fatal: not a git repository (or any of the parent directories): .git
✔ child mutation attribution through registered subagent_run: shutdown (136.9119ms)
✔ child mutation attribution through registered subagent_run: unregistered (143.8494ms)
fatal: not a git repository (or any of the parent directories): .git
✖ default Node spawn adapter distinguishes IPC-only and permission-capable canonical Git children (59.1825ms)
fatal: not a git repository (or any of the parent directories): .git
fatal: not a git repository (or any of the parent directories): .git
✔ native spawn interception restores CommonJS and ESM exports after rejected shutdown and assertion failure (294.0798ms)
fatal: not a git repository (or any of the parent directories): .git
fatal: not a git repository (or any of the parent directories): .git
✔ explicit child roots launch and continue in the actual cwd, persist without shell, and reject other clones (263.1486ms)
fatal: not a git repository (or any of the parent directories): .git
fatal: not a git repository (or any of the parent directories): .git
✔ SDD phase continuation requires a fresh selection and launches only that selection (281.6122ms)
fatal: not a git repository (or any of the parent directories): .git
fatal: not a git repository (or any of the parent directories): .git
✔ ordinary non-Git tasks still continue in their original cwd without registering a worktree (256.5618ms)
fatal: not a git repository (or any of the parent directories): .git
✔ delayed child spawn retains the originating session and cannot append into its replacement (166.7935ms)
✖ agentRuntimePaths isolates sessions and transcripts by profile and retains the explicit-home fallback (0.9942ms)
✔ extension resolves each profile environment at setup time without changing HOME (24.7073ms)
fatal: not a git repository (or any of the parent directories): .git
✔ GENTLE_PI_AGENT_HOME relative profile shares an absolute parent and child session root (138.7364ms)
fatal: not a git repository (or any of the parent directories): .git
✔ PI_CODING_AGENT_DIR relative profile shares an absolute parent and child session root (129.8129ms)
fatal: not a git repository (or any of the parent directories): .git
✔ GENTLE_PI_AGENT_HOME tilde profile shares an absolute parent and child session root (139.6658ms)
fatal: not a git repository (or any of the parent directories): .git
✔ PI_CODING_AGENT_DIR tilde profile shares an absolute parent and child session root (177.6971ms)
✔ agentsEnabled and agentsCollapseKey read their flags and stay off inside a child (0.5365ms)
✔ while pi-subagents-j0k3r is still installed the tools stay unregistered and the user is told how to switch (3.0766ms)
fatal: not a git repository (or any of the parent directories): .git
fatal: not a git repository (or any of the parent directories): .git
✔ subagent_list_agents and subagent_run in task mode launch a child with the resolved profile and return its answer (259.7612ms)
fatal: not a git repository (or any of the parent directories): .git
fatal: not a git repository (or any of the parent directories): .git
✔ background runs return at once; status, result, send_message, cancel, and continue follow the task (265.6421ms)
fatal: not a git repository (or any of the parent directories): .git
✔ once the last task is done the card asks for one frame when its finished row expires, so an idle terminal clears it (155.4649ms)
✔ completionText names the outcome before the answer (0.2287ms)
fatal: not a git repository (or any of the parent directories): .git
✔ a task-mode child's dialog reaches the host UI and the answer goes back to the child (138.6048ms)
fatal: not a git repository (or any of the parent directories): .git
fatal: not a git repository (or any of the parent directories): .git
✔ AgentsView production composition observes each pointer event once and accepts only left clicks (274.5143ms)
fatal: not a git repository (or any of the parent directories): .git
✔ AgentsView production footer uses rendered bounds and invalidates them before the next frame (172.4287ms)
fatal: not a git repository (or any of the parent directories): .git
✔ finished tasks remain available through resolveTask but never reappear in the live-only overlay (246.4774ms)
fatal: not a git repository (or any of the parent directories): .git
✔ the overlay confirms a running task once and reports when it finishes during confirmation (169.0446ms)
fatal: not a git repository (or any of the parent directories): .git
fatal: not a git repository (or any of the parent directories): .git
✔ the overlay stops a queued selection immediately without confirmation (302.0477ms)
✔ the overlay explains that stopping a waiting subagent dismisses its question (170.7463ms)
fatal: not a git repository (or any of the parent directories): .git
✔ restored task history cannot enter the live panel or execute stop even with the current session ID (22.1733ms)
fatal: not a git repository (or any of the parent directories): .git
fatal: not a git repository (or any of the parent directories): .git
✔ Alt+S confirms a snapshot of active subagents and suppresses their follow-up delivery (287.7592ms)
fatal: not a git repository (or any of the parent directories): .git
fatal: not a git repository (or any of the parent directories): .git
fatal: not a git repository (or any of the parent directories): .git
fatal: not a git repository (or any of the parent directories): .git
fatal: not a git repository (or any of the parent directories): .git
fatal: not a git repository (or any of the parent directories): .git
✔ the card follows the active session: after /new the earlier session's tasks leave it, and come back on /resume (193.3254ms)
fatal: not a git repository (or any of the parent directories): .git
✔ the card caps its rows to the terminal height and says how many tasks are hidden (815.4442ms)
✔ the production overlay reads terminal rows at render time without a minimum-height override (19.5324ms)
fatal: not a git repository (or any of the parent directories): .git
✔ a background completion settling while the parent agent runs is delivered exactly once at the next turn end (147.8775ms)
fatal: not a git repository (or any of the parent directories): .git
✔ a completion held past the stale window becomes transcript-only content and never re-enters the conversation (150.7922ms)
fatal: not a git repository (or any of the parent directories): .git
✔ a completion the parent already pulled is dropped silently at the next turn end (130.3176ms)
fatal: not a git repository (or any of the parent directories): .git
✔ a session restart never replays a completion still pending from before it (173.4655ms)
fatal: not a git repository (or any of the parent directories): .git
✔ a background completion owned by a prior session is dropped, never delivered into the current session (141.4032ms)
fatal: not a git repository (or any of the parent directories): .git
✔ aborting the caller's signal cancels the subagent, records it, and says why (127.148ms)
✔ selected child routes recheck provenance and keep separately authorized local tools (31.6218ms)
✔ research child narrows artifact arguments and observes actual dual-store readbacks (376.5046ms)
✔ managed remediation acquires before spawn and finalizes failure without verifier success (198.8379ms)
✔ only remediation children with the retained exact plan override stock bash (2.387ms)
✔ managed remediation tools publish the typed exact evidence plan and bracket input (0.9603ms)
✔ R1 malformed child grant denies tools even before/after failed session initialization (0.6861ms)
fatal: not a git repository (or any of the parent directories): .git
fatal: not a git repository (or any of the parent directories): .git
fatal: not a git repository (or any of the parent directories): .git
fatal: not a git repository (or any of the parent directories): .git
✔ R3/R4 host reload refuses retained acquire/actor uncertainty without another launch (606.3877ms)
fatal: not a git repository (or any of the parent directories): .git
fatal: not a git repository (or any of the parent directories): .git
✔ R3/R4 a known native-blocked settlement lets native admission decide the next attempt; an uncertain one still refuses locally (314.6362ms)
gentle-ai-binary: Native gentle-ai binary is unresolved; set GENTLE_PI_REQUIRE_NATIVE_BINARY=1 to fail instead of skip.
﹣ runtime resolves an absolute package-local binary path without PATH fallback or ambient dev contamination (2.4562ms) # SKIP
✔ runtime validates a Windows Go SumDB source manifest and rejects tampering, symlinks, and PATH injection (63.2089ms)
✔ runtime rejects an unverified binary, a symlinked manifest, and ambient executable injection (18.0391ms)
﹣ runtime rejects malformed, unknown, wrong, and symlinked integrity paths (0.422ms) # SKIP
﹣ runtime rejects a binary-only tamper while its canonical pinned manifest remains unchanged (0.2108ms) # SKIP
﹣ runtime rejects an arbitrary binary even when a forged manifest matches its digest (0.9982ms) # SKIP
﹣ runtime rejects binary replacement during verification (0.2642ms) # SKIP
✔ runtime fails closed when the package-local binary is missing (7.7137ms)
﹣ runtime rejects a valid but non-executable POSIX binary (0.2821ms) # SKIP
✔ production native operations report the package-local missing binary code (8.2449ms)
﹣ production native client never invokes a global gentle-ai executable (0.3048ms) # SKIP
✖ gentle:doctor and gentle:status surface the active dev-binary override loudly (83.8179ms)
✔ without an override the surfaces stay silent about dev binaries (64.3772ms)
✔ an invalid override is surfaced as a failure, never silently ignored (28.4151ms)
✔ gentle:dev-binary registers, reports, and clears the persistent override (14.4622ms)
✖ session start announces the active override once, loudly (191.5233ms)
✖ the explicit env override resolves a verified dev binary and never changes the pinned path (15.0333ms)
✖ a registration is strict, env wins, and unregister restores the pinned resolver (8.0956ms)
✔ invalid override sources fail closed instead of silently falling back to the pin (12.6907ms)
✔ an unset or empty dev-binary environment preserves the package-local resolver (2.9178ms)
✔ GENTLE_PI_CONFIG_HOME relocates only the local registration document (1.7792ms)
✔ malformed registration variants name their local registration path and never fall back (21.24ms)
✖ registered binary replacement is observed on the next resolution (7.2477ms)
✔ default installer package root is the package containing scripts, not its parent (4.2615ms)
✔ release mapping selects only the supported official v2.8.2 assets and pinned digests (2.4049ms)
✔ raw release assets are admitted only under a prerelease pin (1.5851ms)
✔ release digests are all-or-none and install fails closed while any digest is pending (0.7196ms)
✔ win32 x64 and arm64 install the exact Go SumDB source tag without archive lookup (124.505ms)
✔ Windows source install reports missing or too-old Go without publishing a binary (67.6379ms)
✔ Windows source install cleans staging after Go failure or wrong built version (72.827ms)
✔ Windows source installs reuse only a fully verified package-local binary (114.0656ms)
✔ Windows source installation resolves one validated Go executable and seals hostile Go environment (44.9888ms)
✔ Windows source manifest binds verified Go metadata and architecture (46.2142ms)
✔ Windows source installation rejects Go metadata for a different architecture (34.9026ms)
✔ Windows source installation treats a fresh ownerless lock as active (8.655ms)
✔ Windows source installation preserves a lock whose owner nonce changed before release (37.2518ms)
✔ Windows source installation fails closed for an ownerless lock even after the stale threshold (8.86ms)
✔ Windows source installation fails closed for a stale owner lock (8.0686ms)
✔ Windows source release moves a replacement lock to a preserved tombstone (54.7822ms)
✔ Windows source acquisition fails closed when a tombstone appears after its first scan (25.8726ms)
✔ Windows source release deletes its matching tombstone and allows reuse (83.2504ms)
✔ Windows source recovers a valid backup after a crash between publication renames before any build (83.4851ms)
✔ Windows source fails closed for multiple or invalid backup candidates (98.6909ms)
✔ Windows source cleans one validated backup only when the live bundle is valid (101.6251ms)
✔ Windows source preserves a valid backup when the live bundle is invalid (84.4408ms)
✔ Windows concurrent installs fail closed until normal release, then reuse the published bundle (76.5476ms)
✔ Windows source publication rolls back a prior bundle when final directory swap fails (57.3457ms)
✖ Darwin/Linux signed bundles retain their four-field manifest and reusable compatibility (60.2408ms)
✔ a pinned asset falls back to its gentle-pi mirror only on download failure, and a stable pin declares no mirror (96.8367ms)
✔ Windows archive lookup remains unsupported and names Go SumDB source installation (0.5557ms)
✔ unsupported platform pairs fail clearly before download (0.3831ms)
✖ extractors use only absolute trusted system paths, never lifecycle PATH or SystemRoot (0.8335ms)
✔ download bounds stalled headers and bodies with transient retry exhaustion (28.3792ms)
✔ download retries only transient HTTP statuses and exhausts within the attempt bound (10.2552ms)
✔ checksum mismatch cleans temporary state without promoting a binary (25.2337ms)
✖ installer promotes only the expected regular executable with executable POSIX mode (44.0996ms)
✔ installer rejects an extracted binary that differs from its pinned digest (26.3358ms)
﹣ installer repairs a valid non-executable POSIX binary instead of reusing it (0.8104ms) # Windows does not use POSIX executable mode bits
✔ installer rejects a symlinked package-local runtime parent directory (5.4123ms)
✔ installer rejects archives with multiple expected executable entries (31.1287ms)
✔ installer rejects an archive without the expected regular executable (24.8369ms)
✔ Windows source build bounds go install separately from the Go toolchain probes (38.6283ms)
✔ a running call card closes its own frame and a completed one leaves that to the result (62.1908ms)
✔ completed review cards fit Pi's default Box at terminal width 57 (5.1274ms)
✔ review registrations own their shell (3.7741ms)
✔ review call and result cards have no passive background fill (5.3691ms)
✔ a partial result draws no bottom rule and a final one draws exactly one (2.7934ms)
✔ promoting the shared state to finished invalidates after the render returns, never inside it (0.8619ms)
✔ missing package-local binaries give a direct recovery without attributing the cause to lifecycle scripts (148.8136ms)
✔ registered Gentle Review tools render reusable rose lifecycle call rows (48.7427ms)
✔ registered Gentle Review tools preserve result envelopes and redact collapsed result rendering (10.9884ms)
✔ models saves and clears independent provider review roles without local artifacts (103.2864ms)
✔ provider review roles skip migration and both projection paths even when discoverable (77.8144ms)
✔ models rejects invalid project routing with its selected source path (17.5464ms)
✔ export re-reads saved routing and rejects invalid project before creating its destination parent (26.1182ms)
✔ status reports invalid saved routing path instead of default agent routing (41.4529ms)
▶ models exports missing, normalized project, and global-precedence saved routing
  ✔ missing (55.0221ms)
  ✔ project (57.9233ms)
  ✔ global (59.7751ms)
✔ models exports missing, normalized project, and global-precedence saved routing (174.7107ms)
▶ invalid global routing overrides valid project in models, status, and export re-read
  ✔ invalid before panel (46.3266ms)
  ✔ invalidated during panel (64.7985ms)
✔ invalid global routing overrides valid project in models, status, and export re-read (112.5053ms)
✔ session startup reports invalid project routing without mutating the profile (299.528ms)
✔ agent discovery skips skills directories (16.7787ms)
✔ managed routing timeout leaves its profile, agent, and manifest unchanged (5083.5315ms)
✔ a later alias keeps managed-root precedence and manifest ownership (67.7108ms)
✔ runtime guidance keeps review policy out of the static orchestrator and technical reference (3.0045ms)
✔ ordinary native capture exposes a registered schema and STATUS binding copied unchanged to one slot (294.1398ms)
✔ ordinary START adopts the committed-range selectors the provider just offered (32764.3134ms)
✔ ordinary START keeps an explicit caller baseRef and ignores the offered selector (21880.9877ms)
✔ ordinary START keeps today's invocation when STATUS offers no committed-range selector (46841.3736ms)
✔ ordinary START reports candidate-owner preparation failure as pre-native no mutation (482.7201ms)
✔ agent model discovery prioritizes SDD and Judgment Day agents (11.34ms)
✔ discoverable model agents include installed Judgment Day agents (8.7845ms)
✔ model panel render does not auto-apply the Gentle theme and sanitizes agent labels (1.3105ms)
✔ model panel render uses the Pi-provided current theme when supplied (0.7603ms)
✔ delivery commands bypass RDD under every mode outcome while command safety remains independent (10.93ms)
✔ guarded command confirmation emits a generic correlated permission lifecycle (6.4104ms)
✔ concurrent guarded confirmations coalesce the Herdr lifecycle per extension instance (5.4201ms)
✔ RPIV questionnaire blockers emit only a private, balanced Herdr projection (1.0229ms)
✔ Herdr coordinates guarded confirmations and RPIV labels without inactive relabel pulses (2.5517ms)
✔ closed choice blockers retain the visible choice label through guarded-confirmation overlap (1.1833ms)
✔ permission lifecycle is inactive for unguarded and headless commands (2.9787ms)
✔ registered Gentle Review capture tools name the lens they run (1.3205ms)
✔ bash tool_call confirms a late guarded npm publish and denies on non-approval (2.6092ms)
✔ bash tool_call confirms every compound action and centers a long git -C push (2.6562ms)
✔ applying a profile persists its orchestrator and never leaks the key into agent routing (71.9857ms)
✔ applying a profile without an orchestrator entry leaves settings.json untouched (46.8911ms)
✔ a profile store entry with only the orchestrator key counts zero roles (39.5281ms)
✔ the profiles panel fills the terminal, lists routing per agent, and scrolls (22.1855ms)
✔ j and k scroll the detail pane one line at a time, like the agents view (19.9572ms)
✔ buildShellBarModel reads session, model, and footer data (4.9289ms)
✔ buildShellBarModel shortens the home directory and hides effort for non-reasoning models (0.5345ms)
✔ gentleShell installs the footer on session_start when a UI exists (43.5881ms)
✔ the fullscreen Status rail carries a live digest so a model switch refreshes it (18.1867ms)
✔ gentleShell stays out of the way without a UI or when disabled (0.7164ms)
✔ gentleShell frames the editor with the petal prompt and a hint while empty (7.0431ms)
✔ registered prompt stays transparent while idle, working, and queued (3.3816ms)
✔ gentleShell shows working while the agent runs and queued when messages wait (1.9395ms)
✔ gentleShell leaves an editor another extension already installed (1.2085ms)
✔ gentleShell shows working-tree changes in a widget below the editor and in the bar (3.8068ms)
✔ gentleShell registers /gentle:changes and opens the overlay only when there are changes (18.6498ms)
✔ changes overlay follows registered linked roots on open, refresh and polling and scopes diff git cwd (93.6038ms)
✔ successful direct tools register whole roots, failures and shell contents do not, and all UI counts agree (14.2226ms)
✔ session switching drops pending tool and foreign launch events while same-session entries restore (2.9183ms)
✖ registered canonical root governs real Git discovery, status and diff despite inherited routing (691.3252ms)
✔ loadFileDiff asks git for a HEAD diff, or a no-index diff for untracked files (1.9467ms)
✔ shell Git runner hides initial and repeated background polling children (0.6878ms)
✔ openInExternalEditor stops the TUI around the editor and honors $VISUAL over $EDITOR (0.6022ms)
✔ external editor receives the selected worktree as process cwd (0.2883ms)
✔ changesShortcut defaults to alt+g and can be overridden or disabled (0.2027ms)
✔ gentleShell binds the changes shortcut to the same handler as the command (0.9396ms)
✔ gentleShell keeps the open overlay in sync with git while it stays open (56.4625ms)
✔ gentleShell watches git in the background so the widget and bar follow external edits (106.3523ms)
✔ fetchCodexUsage sends the token and account id and parses the payload (1.3755ms)
✔ gentleShell fetches Codex usage on session start and shows it in the bar (29.9909ms)
✔ gentleShell records SSE rate-limit headers from provider responses (3.7203ms)
✔ gentleShell registers /gentle:usage and opens the subscriptions overlay (3.7586ms)
✔ gentleShell draws the review preflight message as a Gentle card (2.6016ms)
✔ gentleShell keeps a dev-binary override visible above the editor for the whole session (2.0028ms)
✔ package manifest exposes bundled themes to Pi discovery (1.6912ms)
✔ bundled Gentleman-Sexy Pi theme is available under its exact name (0.5788ms)
✔ bundled Gentleman-Cute Pi theme is available under its exact name (0.5201ms)
✔ bundled Gentleman-Sexy Pi theme defines complete brand and semantic color mappings (1.6085ms)
✔ bundled Gentleman-Cute Pi theme defines complete brand and restrained color mappings (0.8981ms)
✔ bundled Pi theme is named exactly Gentle and defines all required colors (2.2481ms)
✔ bundled Pi theme maps roles to the subtle OpenCode gentleman theme (1.154ms)
✔ todoEnabled and todoCollapseKey read their environment flags (1.3693ms)
✔ todo registration owns its transparent transcript shell (0.2532ms)
✔ the todo tool writes the list, shows the card after the call, and carries the snapshot in details (39.743ms)
✔ the Todo header is a fullscreen left-click control while non-click pointer events stay inert (1.957ms)
✔ the Todo header remains a static visible control without hover handling (1.0052ms)
✔ every turn carries the open tasks in the system prompt and the card goes stale after two silent turns (2.2655ms)
✔ a finished list stays for its turn and clears at the next, and the collapse key folds the card (2.208ms)
✔ session_start replays the list from the branch, rpiv-todo results included, and counts past turns (0.6634ms)
✔ session_start drops a list that was already finished, so a reload never shows stale done work (0.4365ms)
✔ recognized global npm installation persists fullscreen and preserves other settings (26.5923ms)
✔ recognized global Pi Git installation persists fullscreen and preserves other settings (19.5011ms)
✔ creates or resets fullscreen: missing (30.418ms)
✔ creates or resets fullscreen: { "tuiMode": "regular", "packages": ["npm:example"] } (29.2231ms)
✔ already fullscreen preserves bytes and inode (8.9612ms)
✔ agent-home precedence: GENTLE_PI_AGENT_HOME (17.487ms)
✔ agent-home precedence: PI_CODING_AGENT_DIR (16.3514ms)
✔ agent-home precedence: default (14.1601ms)
✔ unowned install is untouched: project/.pi/npm/node_modules/gentle-pi (10.127ms)
✔ unowned install is untouched: project/.pi/git/github.com/Gentleman-Programming/gentle-pi (9.8627ms)
✔ unowned install is untouched: consumer/node_modules/gentle-pi (5.1299ms)
✔ unowned install is untouched: checkout (14.2672ms)
✔ unowned install is untouched: agent/git/github.com/gentle-pi (9.1433ms)
✔ unowned install is untouched: temporary/npm/node_modules/gentle-pi (9.4043ms)
✔ unowned install is untouched: store/.pnpm/gentle-pi/node_modules/gentle-pi (8.6234ms)
✔ unowned global Pi Git install is untouched: git/gitlab.com/Gentleman-Programming/gentle-pi (8.4653ms)
✔ unowned global Pi Git install is untouched: git/github.com/Other-Organization/gentle-pi (7.3504ms)
✔ unowned global Pi Git install is untouched: git/github.com/Gentleman-Programming/other-pi (6.5141ms)
✔ missing configured agent home is a no-op (7.447ms)
✔ global npm package symlink into a store is not ownership (10.2872ms)
✔ global Pi Git package symlink into a store is not ownership (15.069ms)
✔ canonical agent-home alias is supported (20.4457ms)
✔ invalid settings remain unchanged: {broken (10.642ms)
✔ invalid settings remain unchanged: [] (9.2911ms)
✔ invalid settings remain unchanged: null (14.4605ms)
✔ invalid settings remain unchanged: false (6.9302ms)
✔ invalid settings remain unchanged: 42 (6.0233ms)
✔ invalid settings remain unchanged: "string" (5.5855ms)
✔ invalid settings remain unchanged:  (5.7548ms)
✔ rejects nonregular settings: directory (9.8873ms)
✔ rejects nonregular settings: symlink (13.5615ms)
✔ rejects nonregular settings: dangling (9.207ms)
﹣ preserves existing permissions and creates private new settings (0.0897ms) # SKIP
✔ cooperative concurrent installers serialize without artifacts (50.6562ms)
✔ Pi proper-lockfile contention is bounded and never steals the lock (310.9531ms)
✔ Pi's later packages-only save retains persisted fullscreen (2299.6406ms)
✔ symlinked npm ancestor cannot grant settings ownership (9.7107ms)
✔ symlinked Pi Git ancestor cannot grant settings ownership (13.6638ms)
✔ waiting installer rereads another cooperative writer's settings (47.2176ms)
✔ atomic update preserves original or concurrent settings on write (130.2886ms)
✔ atomic update preserves original or concurrent settings on rename (131.6552ms)
✔ atomic update preserves original or concurrent settings on concurrent-change (143.9444ms)
✔ npm postinstall lifecycle: skip (150.1389ms)
✔ npm postinstall lifecycle: success (138.8633ms)
✔ npm postinstall lifecycle: failure (288.8593ms)
✔ Pi Git postinstall lifecycle: skip (168.6812ms)
✔ Pi Git postinstall lifecycle: success (157.117ms)
✔ Pi Git postinstall lifecycle: failure (314.1754ms)
✔ preserves the prefixed skill identity and complete Issue Form metadata (1.6657ms)
✔ makes YAML Issue Forms the deterministic automated format authority (1.1554ms)
✔ fails closed before publication for invalid required Issue Form data (0.3567ms)
✔ attests only agent-verifiable checkbox work and preserves human declarations (2.5467ms)
✔ publishes reviewed Issue Form bodies through a private body file (0.5729ms)
✔ keeps automated and conditional browser Issue Form paths distinct (3.2826ms)
✔ discovers support routing and keeps all issue files private until cleanup (0.6519ms)
✔ model routing authority normalizes and preserves sync/async source status (71.4206ms)
✔ saved-routing apply fails closed for invalid project and global sources (22.7968ms)
✔ saved-routing apply preserves missing, valid, null, inherit, and omission behavior (36.8052ms)
✔ the env var name is the one CI sets (1.1196ms)
✔ a resolved binary with pinned digests runs, and names no skip reason (0.2452ms)
✔ without the env var an unresolved binary yields a skip carrying a concrete reason (0.3742ms)
✔ without the env var unpinned digests yield a skip with a distinct reason (0.4253ms)
✔ under the env var an unresolved binary throws instead of skipping (0.6632ms)
✔ under the env var unpinned digests throw instead of skipping (1.5035ms)
✔ only an exact "1" arms the gate, so a stray value cannot silently disarm CI (0.2762ms)
✔ the dev-binary env var name is distinct from the pinned-binary one (0.1036ms)
✔ an existing dev binary path runs, and names no skip reason (0.2212ms)
✔ without the env var a missing GENTLE_AI_DEV_BINARY yields a skip carrying a concrete reason (0.2259ms)
✔ without the env var a set but non-existent dev binary path yields a distinct skip reason (0.1402ms)
✔ under the env var a missing dev binary throws instead of skipping (0.1875ms)
✔ GENTLE_PI_REQUIRE_NATIVE_BINARY never arms the dev-binary gate, and vice versa (0.1433ms)
✔ the gate reads the passed env, never the ambient process env (0.1655ms)
✔ native choice list presents one hovered wrapped option without changing selection (17.6327ms)
✔ native choice list ignores Kitty key releases (4.4033ms)
✔ root observer clears hover and disabled controls ignore every input (2.5943ms)
✔ empty native choice lists do not activate phantom selections (0.4428ms)
✔ native choice list composes rows through the shared pointer scope (1.8385ms)
✔ native fullscreen interaction preserves observer order and native dispatch identity (4.3109ms)
✔ native fullscreen interaction preserves Container geometry and SelectList behavior (7.2284ms)
✔ pointer regions give a public Text hover, press, and click behavior without implicit focus (6.5743ms)
✔ pointer scopes clear hover only through observed lifecycle boundaries (0.6935ms)
✔ a consuming public Box child keeps its exact native target and focus without outer callbacks (0.6129ms)
✔ the same composed region can open an input entry point without answering on press (0.3182ms)
✔ a typed public custom overlay factory composes pointer content and disposes late events (0.5595ms)
✔ scopes apply disabled and disposed state to later Text regions (0.392ms)
✔ Pi production code has no native review-transactions mutation path (6.1285ms)
✔ every row through the pinned 2.1.11 reports the organic-parity capability columns false (2.1582ms)
✔ the 2.1.11 row explicitly reports all four organic-parity capabilities false (0.2498ms)
✔ 2.2.0 lights only the two capabilities its negotiated envelope demonstrably carries (0.1449ms)
✔ 2.2.1 repeats 2.2.0 because the lane Pi speaks did not move (1.0059ms)
✔ 2.2.2 repeats 2.2.1 because the lane Pi speaks still did not move (0.2639ms)
✔ 2.2.3 repeats 2.2.2 because Pi's consumed capability columns did not move (0.195ms)
✔ 2.4.0 repeats 2.2.3 because the START envelope Pi consumes still omits risk_evidence and hint (0.1433ms)
✔ 2.5.0-rc.3 repeats 2.4.0 because the negotiated lane Pi consumes is unchanged (0.1242ms)
✔ 2.5.0 repeats 2.5.0-rc.3 because the stable lane Pi consumes is unchanged (0.1396ms)
✔ 2.6.0 repeats 2.5.0 because the negotiated lane Pi consumes is unchanged (12.6134ms)
✔ 2.7.0 repeats 2.6.0 because the negotiated lane Pi consumes is unchanged (0.4649ms)
✔ 2.8.0 repeats 2.7.0 because the negotiated lane Pi consumes is unchanged (0.385ms)
✔ 2.8.1 repeats 2.8.0 because the negotiated lane Pi consumes is unchanged (0.3592ms)
✔ 2.8.2 repeats 2.8.1 because the negotiated lane Pi consumes is unchanged (0.2372ms)
✔ no shipped version key was added beyond the pin bump (0.2544ms)
✖ native SDD status executes its exact selected-root argv and returns only a validated v2 authority (5.5543ms)
✖ native SDD status rejects malformed v2 identities, dependencies, instructions, and blockers (1.6027ms)
✖ native v2 read-only decoding preserves omitted optional phaseInstructions (0.2776ms)
✔ native SDD status keeps malformed JSON, timeout, and nonzero execution fail-closed (1.831ms)
✔ negotiated STATUS accepts the pinned v5 receipt before routing its transition (8.262ms)
✔ a final reviewer capture returns its native last-event closure without a follow-up command (27.2365ms)
✔ correction-plan capture substitutes only the provider slot and closes natively (1.4899ms)
✔ provider-owned refuter and targeted-validator vectors accept only their mapped terminal closures (1.8213ms)
✔ capture-unachievable declares the exact slot binding and decodes its recorded artifact (1.4459ms)
✔ capture-unachievable measures detail in UTF-8 bytes, not UTF-16 code units (1.4213ms)
✔ capture-unachievable validates its request and artifact shape before and after the invocation (2.1ms)
✔ an older binary's unknown-verb refusal classifies as a capability signal, not a capture failure (1.9596ms)
✔ nonzero targeted-validator capture preserves its dot-form typed failure (1.8468ms)
✔ malformed closure output remains a typed schema failure and never authorizes a retry (13.5065ms)
✔ negotiated STATUS forwards its exact ordered workspace, base, lineage, and untracked selection argv (1.5977ms)
✔ negotiated STATUS emits the explicit committed selector argv (1.5567ms)
✔ negotiated STATUS rejects malformed committed selectors before launching a process (0.6792ms)
✔ negotiated STATUS rejects malformed untracked selection before launching a process (0.4207ms)
✔ negotiated STATUS rejects an unsupported provider execute operation before argv synthesis (0.8507ms)
✔ native START queries STATUS then executes only the provider-rendered ordered transition (2.2493ms)
✔ native START relays provider-owned intended-untracked selection and transition argv verbatim (1.4482ms)
✔ native START retains the provider-owned START/v4 status transition in exact argument order (2.6775ms)
✔ native consent completion decodes START/v4 and replays its provider argv unchanged (4.642ms)
✔ native START refuses invalid committed-range and target bindings before STATUS (1.1856ms)
✔ capture-result stages a private input and preserves provider tokens without adding a contract (16.5231ms)
✔ capture-result rejects an empty document and a conflicting repository context before launch (0.7972ms)
✔ terminal correction and provider-role captures preserve unknown mutation failure semantics (0.7497ms)
✔ read-only STATUS process failures remain typed and never claim mutation (0.9675ms)
✔ read-only STATUS rejects unexpected stderr and nonzero failures without decoding authority (1.7151ms)
✔ negotiated STATUS accepts only exact provider forecast narration on stderr (3.1705ms)
✔ native client requires an absolute package-local executable before any invocation (0.4342ms)
✔ native client executes current negotiated argv without a shell (201.3021ms)
✔ current STATUS preserves bounded output configuration and output-limit precedence (3.1345ms)
✔ node execFile adapter passes AbortSignal to child_process (29.8894ms)
✔ capture-result receives the controller AbortSignal without an automatic mutation timeout (8.7846ms)
✔ native review client exposes native v2 SDD status without adding review lifecycle behavior (0.3483ms)
✔ read-only authority inventory rejects a repository identity mismatch after decoding (2.5582ms)
✔ current native process boundary preserves caps, timeout classes, and sanitized diagnostics (9.2778ms)
✔ authority inventory accepts compact discarded work and historical entry statuses (3.1049ms)
✔ current review STATUS retains compact snapshot and released-lock wire fields (2.974ms)
✔ acknowledge-approved keeps accepting the pinned silent burn byte-for-byte (0.7491ms)
✔ acknowledge-approved decodes the captured review-acknowledged/v1 burn envelope (1.166ms)
✔ acknowledge-approved fails closed on a foreign, drifted, or mismatched success body (2.203ms)
✔ acknowledge-approved keeps its fail-closed stderr and typed refusal discipline around the envelope (1.6183ms)
✖ native continuation uses a distinct mutating operation and the same v2 decoder (0.6497ms)
✖ native discovery preserves nullable selection and rejects an invented selected identity (0.3668ms)
✖ all twelve native actions retain their exact tokens without prose routing (0.8587ms)
✔ compact SDD bracket transports exact selection and remediation binding (2.6815ms)
✔ compact SDD refuses malformed result and invalid terminal evidence before execution (0.6482ms)
✔ compact admission accepts native empty CAS and never redirects uncertainty into review (0.6786ms)
✔ negotiated ordinary START executes the complete STATUS-rendered relay vector and preserves the consent envelope (25.5136ms)
✔ controller-prebound START target checks STATUS once and executes its exact matching transition (5.0762ms)
✔ consent follow-up executes the provider-named invocation exactly once and refuses changed lineage or target bindings (13.3456ms)
✔ consent answer preserves quoted Windows provider cwd tokens and launches the provider exactly once (21.8646ms)
✔ consent answer preserves quoted UNC and drive-root cwd tokens (7.3922ms)
✔ unmatched consent invocation quotes reject before provider launch (3.0068ms)
✔ different, duplicate, missing, and malformed consent cwd options reject before provider launch (2.5952ms)
✔ a consent invocation binding mismatch is a typed pre-native error that never launches the provider (1.8273ms)
✔ every consent invocation binding guard reports its own reason without launching the provider (3.7752ms)
✔ fresh consent START accepts the strictly decoded provider-created lineage and rejects a mismatched target (5.9264ms)
✔ duplicate, empty, missing, and malformed consent lineages fail before provider launch (2.9956ms)
✔ declined consent decodes the provider's explicit empty authority fields without creating a lineage (2.2096ms)
✔ Pi START rejects a Pi-bound consent/v3 envelope when any provider choice omits or misbinds the Pi agent (15.1083ms)
✔ Pi START rejects a foreign consent/v3 envelope and only relays exact Pi-bound choice invocations (11.7858ms)
✔ a granted Pi consent/v3 answer replays the captured exact agent-bound invocation (2.824ms)
✔ a declined Pi consent/v3 answer replays the captured exact agent-bound invocation and creates no authority (1.6231ms)
native-review-parity-runtime: Native gentle-ai binary is unresolved; set GENTLE_PI_REQUIRE_NATIVE_BINARY=1 to fail instead of skip.
﹣ generated runtime decoder consumes the captured terminal closure directly (2.03ms) # SKIP
﹣ registered gentle_review surfaces the package-pinned Pi transport refusal before native START for a safe internal symlink candidate (0.3062ms) # SKIP
✔ captured native start and terminal capture decode as one last-event lifecycle (6.6502ms)
✔ review mode STATUS keeps the provider-decided default-off source (16.1019ms)
✔ review mode mutations remain clone-scoped and retain their exact operation discriminator (7.395ms)
✔ review mode rejects a response with a foreign operation discriminator (2.339ms)
✔ all terminal capture fixtures retain exact, non-interchangeable operation identities (2.043ms)
✔ native risk evidence derives only published medium and high risk phrases (1.0799ms)
✔ Windows native cwd normalization preserves drive identity without changing POSIX paths (1.0018ms)
✔ current review mode keeps canonical reach values and rejects unrecognized wire values (16.3423ms)
✔ published start/v3 wire rejects scalar risk reasons without Pi lens policy (1.8652ms)
✔ review-mode gate retains every off-source continuation and fails closed on native errors (636.2148ms)
✔ public gentle:review-mode handler reports current operations, global-off warnings, and unavailability (3.4924ms)
✔ public consent relay allows any active session to resolve a live binding, is one-shot, and is candidate-scoped (815482.2317ms)
✔ already-consumed local consent bindings reconcile exactly once with the native status transition (91381.8419ms)
✔ launched answer-consent failures remain blocked after fresh-target STATUS reconciliation (57178.1837ms)
✔ stale local consent bindings preserve a typed native STATUS failure (91030.2054ms)
✔ stale local consent bindings retain typed Pi transport refusal without an agentless retry (410.306ms)
✔ unavailable and ambiguous consent follow-ups never replay a consumed binding (216919.4022ms)
✔ concurrent answers atomically claim consent before review-mode gating and ignore a queued expiry callback (136818.2423ms)
✔ timer-cleaned and synchronously pruned consent bindings remain expired within their session (529668.6393ms)
✔ native START maps only provider facts and omits absent evidence (81475.0092ms)
✔ candidate consent completion writes no persistent asked latch (74306.1024ms)
✔ derived risk evidence matches native v2.2.0: hot path, auth signal (2.1574ms)
✔ derived risk evidence matches native v2.2.0: hot path, payments signal (0.2223ms)
✔ derived risk evidence matches native v2.2.0: medium risk leads with the consolidated-review reason (0.1369ms)
✔ derived risk evidence matches native v2.2.0: multiple reasons keep native order (0.144ms)
✔ low risk speaks no evidence at all (0.2256ms)
✔ an unrecognized reason code renders nothing rather than guessing (0.1429ms)
✔ an unrecognized hot-path signal still names the path (0.1957ms)
✔ an empty file is named before it is described (0.1739ms)
✔ a reason with no path contributes no phrase (0.1587ms)
✔ extractCommandLine rejects duplicate matching command lines (negative control) (5.1496ms)
✔ workflow asset has exactly one Native Runtime Attempt Authority section (3.0807ms)
✔ status contract asset has exactly one Native Runtime Attempt Authority section (0.499ms)
✔ workflow names acquire and settle as sole provider authority for OpenSpec and Engram (1.73ms)
✔ status contract names acquire and settle and forbids OpenSpec/Engram attempt ledgers (0.8808ms)
✔ workflow launches only on proceed; blocked and complete stop the launch (1.4364ms)
✔ workflow requires distinct request IDs with own-ID-only idempotent replay (1.0643ms)
✔ workflow acquire command line binds every mandatory payload argument (1.0014ms)
✔ workflow settle command line binds mandatory arguments and routing invariants (1.219ms)
✔ workflow forbids caller-authored counters and Pi-owned attempt state (1.3191ms)
✔ workflow states reset is never automatic and names compatibility surfaces (1.1878ms)
✔ workflow gatekeeper rerun is subordinate to a fresh native acquire (1.5553ms)
✔ workflow does not present status|begin|finish|reset as the primary route (1.0061ms)
✔ status contract authority is artifact-store agnostic and excluded from SDD v1 status (0.5974ms)
✔ status contract continuation rule: acquire before launch, settle after run, distinct IDs, provider states route, reset never automatic (0.5668ms)
✔ status contract schema is unchanged (no attempt authority payload added) (1.6157ms)
✔ status contract uses a runtime-safe semantic reference, not a repo-source assets/ path (0.8298ms)
✖ the opaque adapter streams arbitrary prompt and stdout bytes verbatim through the fixed Pi subprocess (20.3259ms)
✖ the opaque adapter returns typed transport errors for launch, nonzero, empty, timeout, and cancellation (19.7125ms)
✖ the opaque adapter leaves no prompt or result file in scratch and reports cleanup failure as transport-only (14.6582ms)
✖ the opaque adapter preserves primary nonzero and timeout errors when scratch cleanup also fails (14.0043ms)
✔ the opaque adapter has no review lifecycle imports or identifiers (2.2339ms)
✔ the Pi launch shape spawns the host entry through process.execPath on win32 and stays byte-identical elsewhere (1.7774ms)
✔ the default Pi launch resolves from the running host process (0.3968ms)
✔ parseRequirementBlocks extracts requirement blocks with names (5.1563ms)
✔ parseDeltaSpec extracts ADDED, MODIFIED, and REMOVED sections (1.2405ms)
✔ applyDeltaSpec applies ADDED, MODIFIED, and REMOVED while preserving unrelated content (1.3789ms)
✔ applyDeltaSpec preserves sections after Requirements when appending ADDED (0.732ms)
✔ applyDeltaSpec does not duplicate separators between multiple ADDED requirements (1.3209ms)
✔ applyDeltaSpec rejects MODIFIED requirements that do not exist (1.3976ms)
✔ applyDeltaSpec rejects REMOVED requirements that do not exist (1.9581ms)
✔ applyDeltaSpec rejects duplicate operations for the same requirement (0.5872ms)
✖ detectActiveDomainCollisions finds other active changes touching the same domain (16.1377ms)
✔ detectLegacyFlatSpec warns when a flat change spec exists without domain specs (6.7571ms)
✔ detectLegacyFlatSpec reports domain specs when both old and new layouts exist (7.3361ms)
✔ analyzeDeltaDestructiveness reports removed and large modified requirements (2.3768ms)
✔ getOrchestratorPrompt return value stays within the canonical 8,192 B budget at a short assets root (3.9428ms)
✖ getOrchestratorPrompt keeps a controlled long (>= 93 char) assets root within the canonical budget (148.8527ms)
✔ disposition-mapped union: Header + bind (fixture:1-4) -> core (0.996ms)
✔ disposition-mapped union: Identity Contract (fixture:5-8) -> core (0.592ms)
✔ disposition-mapped union: Core Role (fixture:9-13) -> core (0.5959ms)
✔ disposition-mapped union: Language Boundary heading (fixture:15-15) -> core (0.4705ms)
✔ disposition-mapped union: Language Boundary LB1 pointer (fixture:17-17) -> core (0.432ms)
✔ disposition-mapped union: Language Boundary LB2 (subagent-English) (fixture:19-19) -> delegation (0.6418ms)
✔ disposition-mapped union: Language Boundary LB3 (artifact language) (fixture:21-21) -> core (0.4549ms)
✔ disposition-mapped union: Language Boundary LB4 (public comment language) (fixture:23-23) -> core (0.7241ms)
✔ disposition-mapped union: Language Boundary LB5 (exceptions) (fixture:25-29) -> delegation (0.7698ms)
✔ disposition-mapped union: Mental Model (fixture:31-40) -> core (0.5306ms)
✔ disposition-mapped union: Work Routing Ladder heading (fixture:42-42) -> core (0.3989ms)
✔ disposition-mapped union: Size/risk-selected SDD tier replaced by explicit-request/accepted-proposal selection (#312) (fixture:98-107) -> obsolete (1.4583ms)
✔ disposition-mapped union: Size-gated SDD entry replaced by explicit-selection gating (#312) (fixture:109-110) -> obsolete (1.1733ms)
✔ disposition-mapped union: Delegation Rules heading (fixture:112-112) -> core (0.3689ms)
✔ disposition-mapped union: Delegation Rules core question (fixture:114-114) -> core (0.3679ms)
✔ disposition-mapped union: Pre-canon delegation table replaced by the mirrored gentle-ai canon table (#312) (fixture:116-126) -> obsolete (1.1695ms)
✔ disposition-mapped union: Superseded no-runtime inline exception (fixture:133-133) -> obsolete (1.221ms)
✔ disposition-mapped union: Parent-selected review lens table replaced by native RAR lens ownership (#312) (fixture:169-181) -> obsolete (1.2042ms)
✔ disposition-mapped union: SDD Workflow pointer (fixture:183-191) -> core (0.387ms)
✔ disposition-mapped union: Memory Contract heading (fixture:193-193) -> core (0.3442ms)
✔ disposition-mapped union: Memory Contract SDD phases table + artifact keys + lifecycle rule (fixture:203-230) -> memory (0.3833ms)
✔ disposition-mapped union: Skill Registry Protocol heading (fixture:232-232) -> core (0.3209ms)
✔ disposition-mapped union: Skill Registry Protocol detail (fixture:234-253) -> skills (0.7727ms)
✔ disposition-mapped union: Intent-Driven Skill Discovery heading (fixture:255-255) -> core (0.3284ms)
✔ disposition-mapped union: Intent-Driven Skill Discovery detail (fixture:257-276) -> skills (0.2828ms)
✔ disposition-mapped union: Safety (fixture:278-283) -> core (0.2935ms)
✔ disposition-mapped union: Superseded pre-transaction review contract (fixture:285-312) -> obsolete (1.1672ms)
✔ core-alone: load-bearing direct-delegation tokens remain without lazy union (0.726ms)
✔ core-alone: dynamic Gentle AI ownership replaces package lifecycle instructions (0.5951ms)
✔ lazy delegation detail has no native RDD controller markers (0.6312ms)
✔ live orchestrator assets remove the stale strong-gate retry contract (1.2899ms)
✔ relocated lazy bodies are not double-delivered in the always-on core (2.2386ms)
✔ relocated lazy files are reachable via root-relative in-core filenames (1.7863ms)
✔ getOrchestratorPrompt substitutes every placeholder (1.2964ms)
✔ getOrchestratorPrompt memoizes the return across calls (1.6999ms)
✔ every compressed lazy-file pointer in the core still names the material it points to (0.9171ms)
✔ projection whitelists summaries and all retained text, excluding invocation payloads (3.4684ms)
✔ headers are private, lightweight, sanitized and recent at the inclusive TTL boundary (27.3663ms)
✔ long display labels remain schema-valid when clipping lands on whitespace or Unicode (25.7792ms)
✔ updates coalesce, snapshot caller data, and heartbeat never serializes or replaces activity (48.7659ms)
✔ full under-limit payload is admitted; oversize is explicit and never truncated (364.2658ms)
✔ reader rejects malformed, oversized, wrong digest/schema and unsafe exact targets (45.846ms)
✔ bounded directory scan reports overflow and ignores partial/temp files (158.8585ms)
﹣ symlinks, hardlinks, directories and non-private managed roots fail closed (0.2468ms) # SKIP
﹣ publication failure stops timers without overwriting linked files or another activation (0.2899ms) # SKIP
✔ history created under umask 022 coexists with a dedicated private presence namespace (36.2347ms)
✔ real TaskStore projection preserves remote sorting/retention timestamps and header identity (17.1885ms)
✔ bounded continuation reaches a live peer beyond 128 stale headers without deleting them (261.0149ms)
✔ two real processes with the same session ID stay distinct and clean up only their incarnation (414.6685ms)
✔ static prompts omit stale native RDD lifecycle mirrors (2.5864ms)
✔ lossless blocking prompts route every closed single-select envelope through the native closed tool (0.5112ms)
✔ static prompts declare one dynamic Gentle AI RDD ownership boundary (0.504ms)
✔ rendered parent prompt keeps the RDD boundary while omitting lifecycle mirrors (4044.4127ms)
✔ static prompts retain normal SDD and delegated-work guidance (0.4749ms)
✔ always-on parent prompt requires a narrow writer edit surface before launch (0.7803ms)
✔ review integration documents the opaque Pi adapter and Go-owned authority boundary (0.6045ms)
✔ technical reference declares the tested Pi minimum required for agent_settled (5.7599ms)
✔ package manifest has no obsolete native activation build surface (1.4533ms)
✔ package verification names the native review runtime boundary and packaged fixtures (4.4304ms)
✔ npm publication is bound to the exact package tag and triggering commit (4.3638ms)
✔ Pi delivery relay is absent from the packaged extension (3.1637ms)
✔ generated runtime modules and packed-package checks are deterministic (1.8254ms)
✔ package manifest ships and runs the checked-in package-local Gentle AI installer (1.6813ms)
✔ package manifest installs pi-pretty through a wrapper without bundling native optional dependencies (1.0553ms)
✔ package verification binds the published Gentle AI v2.8.2 runtime pin (1.5987ms)
✔ Markdown section extraction isolates policy text from sibling sections (1.4767ms)
✔ packaged agents use YAML list syntax for tool allowlists (4.9178ms)
✔ packaged agents declare only tool names a Pi child session can resolve (10.0862ms)
✔ selective delegation installation owns only generic agents (18.4593ms)
✔ selective installation retires only assets belonging to the selected owner (133.257ms)
✔ selective delegation installation covers its catalog without cross-owner files (20.0548ms)
✔ selective review installation covers its catalog without cross-owner files (33.9856ms)
✔ selective sdd installation covers its catalog without cross-owner files (65.4832ms)
✔ legacy all-assets installation covers every packaged file with explicit ownership (95.59ms)
✔ selective refresh preserves unselected ownership and selected user changes after an all-assets install (67.5514ms)
✔ selective review migration adopts only untouched legacy copies and preserves routing (60.9123ms)
✔ unowned legacy research migrates by exact normalized hash, preserving routing and user edits (109.473ms)
✔ the retired Pi adversarial role agents are not packaged (0.2667ms)
✔ forced package installation preserves same-path user-authored agents and separate shadows, including on retired asset paths (60.4873ms)
✔ v0.13 ownership evidence is bundled and matches the self-contained upgrade fixture (0.3573ms)
✔ v0.14 ownership evidence is bundled and matches the self-contained bounded-review fixture (0.2444ms)
✔ first forced sync migrates untouched v0.13 assets, preserves routing, and owns new assets (89.5555ms)
✔ first forced sync migrates untouched v0.14 review contracts and preserves routing (59.4654ms)
✔ first forced sync preserves a body-edited v0.13 asset byte-for-byte (41.653ms)
✔ forced package installation refreshes an asset recorded as package-managed (77.3725ms)
✔ forced package installation preserves a model-only edit to a managed agent (87.4639ms)
✔ forced package installation preserves a thinking-only edit to a managed agent (96.4369ms)
✔ forced package installation preserves an ordinary body edit to a managed agent (94.2547ms)
✔ package model assignment keeps only package-managed agents owned (133.3466ms)
✔ jd-fix-agent packaged allowlist includes write tools (0.7683ms)
✔ sdd-explore packages its CodeGraph-enabled exploration allowlist (0.5583ms)
✔ gentle-ai-worker packages the exact scoped writer contract (3.0076ms)
✔ installSddAssets installs gentle-ai-worker with a loader-compatible scoped identity (63.6146ms)
✔ agent home resolver centralizes Gentle and Pi agent-dir precedence (2.542ms)
✔ asset installation uses PI_CODING_AGENT_DIR as the Pi agent home when no explicit Gentle override is set (106.8307ms)
✔ global model routing uses PI_CODING_AGENT_DIR for package-installed agents (63.1904ms)
✔ normal and forced installation copy generic agents with complete role contracts (86.2189ms)
✔ bounded implementation routing uses the same explicit fallback in both policy sections (0.9293ms)
✔ orchestrator routes generic roles without static RDD lens routing (1.195ms)
✔ pi-pretty wrapper uses real package path resolution for pnpm symlink installs (0.2153ms)
✔ v2.6.2 release package and runtime stop before publication (2.6097ms)
✔ bounded review keeps the Judgment Day skill contract at canon metadata version 1.7 (0.3517ms)
✔ technical reference documents dynamic Gentle AI RDD ownership and the installed permission boundary (0.483ms)
✔ package verification explicitly requires the managed remediation actor (0.2059ms)
✔ neutral mode composed prompt does not instruct to use voseo (3.4917ms)
✔ neutral mode composed prompt has no positive voseo/Rioplatense instruction and includes explicit prohibition (1.1245ms)
✔ gentleman mode composed prompt contains voseo reference (1.0034ms)
✔ gentleman mode composed prompt contains Rioplatense reference (0.9834ms)
✔ neutral mode composed prompt explicitly states active mode is neutral (0.935ms)
✔ gentleman mode composed prompt explicitly states active mode is gentleman (0.7992ms)
✔ neutral mode composed prompt explicitly forbids voseo conjugations (0.6115ms)
✔ neutral and gentleman modes produce different language-boundary text (1.4417ms)
✔ fixture integrity: PRE byte counts match design.md judge-measured figures (0.9774ms)
✔ fixture integrity: POST_WRAPPER_IDENTITY_BLOCK matches design.md converged 817 B (0.1204ms)
✔ Table A rule: wrapper :177 'You are el Gentleman...' survives verbatim (KEEP once, wrapper) (1.4258ms)
✔ Table A rule: wrapper :180/:181 + orchestrator :9,:12 self-description MERGE into wrapper bullet 1 (0.7048ms)
✔ Table A rule: orchestrator :17 'never introduce yourself...' ADDED to wrapper (orchestrator-only rule) (1.204ms)
✔ Table A rule: persona-mode selection (trimmed) survives; language clause NOT restated in Identity contract (0.8724ms)
✔ Table A rule: SDD/OpenSpec artifacts + subagents core-capabilities bullet survives (KEEP once) (0.5567ms)
✔ Table A rule: memory rule (wrapper phrasing, with never-invent clause) survives (KEEP wrapper) (0.5283ms)
✔ Table A rule: 'Do not claim portability outside the Pi runtime.' survives (KEEP once, byte-identical wrapper :184 / orchestrator :20) (0.4815ms)
✔ Table B rule: LB2 subagent-English delegation kept verbatim in orchestrator (unique) (0.7812ms)
✔ Table B rule: LB3 artifacts-English kept verbatim in orchestrator (unique) (0.4856ms)
✔ Table B rule: LB4 public-comment target language kept verbatim in orchestrator (unique) (0.421ms)
✔ Table B rule: LB5 exceptions kept verbatim in orchestrator (unique) (0.6924ms)
✔ orchestrator.md Identity Contract collapses to the one-line pointer (post-change) (0.225ms)
✔ orchestrator.md Language Boundary LB1 collapses to the one-line pointer; LB2-LB5 remain verbatim (post-change) (0.1434ms)
✔ dup guard (exact-string): 'Do not claim portability outside the Pi runtime.' occurs exactly once (0.4722ms)
✔ dup guard (exact-string): identity self-description sentence occurs exactly once (0.3415ms)
✔ dup guard (exact-string): LB2/LB3/LB4 each occur exactly once (0.9961ms)
✔ dup guard (concept-level): language-match regex matches exactly once per rendered mode, excluding the scoped self-description exception (0.6607ms)
✔ added rule: gentleman output contains the new GENTLEMAN_PERSONA_PROMPT language-match clause (0.3134ms)
✔ regression: neutral output still contains its own unchanged language-match clause (:158) (0.2379ms)
✔ byte delta: wrapper Identity contract block grows by the measured delta (post > pre) (0.0794ms)
✔ byte delta: orchestrator.md Identity Contract shrinks to the measured pointer size (149 B, ±1 B of design's 148 B estimate) (0.0579ms)
✔ byte delta: orchestrator.md Language Boundary LB1->pointer shrinks by the measured 38 B (LB2-LB5 unchanged) (0.0473ms)
✔ byte delta: new GENTLEMAN_PERSONA_PROMPT clause is present and small (single added line) (0.0445ms)
✔ byte delta: net per-session injection delta matches byte-measurements.md (gentleman -283 B, neutral -341 B, section-sum method) (0.0765ms)
✔ gentleman persona selected: GENTLEMAN_PERSONA_PROMPT content appears once, no neutral-only rule leaks in (0.3375ms)
✔ neutral persona selected: NEUTRAL_PERSONA_PROMPT content appears once, no gentleman-only rule leaks in (0.3972ms)
✔ orchestrator model refs split only on a real provider boundary (1.422ms)
✔ reading the orchestrator distinguishes missing, unreadable, unset and set (3.8979ms)
✔ an orchestrator entry without a model never touches the settings file (1.5339ms)
✔ applying the orchestrator preserves every unrelated settings key (3.8282ms)
✔ a missing settings file is created with only the orchestrator keys (2.0637ms)
✔ an orchestrator entry without thinking clears a stale thinking level (2.5509ms)
✔ re-applying the same selection is a no-op (2.6032ms)
✔ an unusable target is refused instead of being overwritten (2.5203ms)
✔ restoring returns the previous bytes, or removes a file the write created (4.8514ms)
✔ verifies the generated 1.1.0 fixture tree and reports the exact contract surface (5.0294ms)
✔ verifies the same bundle as an in-memory-read archive and reports the archive digest (6.6183ms)
✔ a 1.0.0 manifest without runtimes is a VALID bundle, but pi is reported unregistered for relay trust (1.1668ms)
✔ generated baselines project roles, capabilities, and runtime registration deterministically (4.0483ms)
✔ generated 1.2.0 baselines record the mirrored orchestration entry (2.2241ms)
✔ rejects a ninth file in the inventory (1.5239ms)
✔ rejects a missing bundle entry (0.6342ms)
✔ rejects a bundle whose schema bytes do not match the manifest SHA-256 (0.7803ms)
✔ rejects a vector that no longer equals the schema's canonical example even when its hash is updated (0.9377ms)
✔ rejects unknown manifest fields (0.7581ms)
✔ rejects duplicate manifest JSON keys (0.6271ms)
✔ rejects an unpinned transport capability (0.7341ms)
✔ rejects an unsupported contract major (0.8589ms)
✔ rejects a 1.1.0 manifest without the required runtimes registry (0.6619ms)
✔ rejects a 1.1.0 manifest whose runtimes registry does not register pi (1.0017ms)
✔ rejects a 1.0.0 manifest that carries a runtimes registry it cannot have (0.5132ms)
✔ rejects an unknown role id (0.5328ms)
✔ rejects an unknown mandatory capability (0.4538ms)
✔ rejects a schema whose $id does not match the manifest result schema id (0.4709ms)
✔ verifies the 1.2.0 fixture tree and exposes the mirrored pi orchestration text (1.2114ms)
✔ rejects a 1.2.0 manifest without the required orchestration array (0.6535ms)
✔ rejects a 1.2.0 orchestration entry whose runtime is not registered in manifest.runtimes (0.6714ms)
✔ rejects a 1.2.0 orchestration entry whose file bytes do not match its manifest SHA-256 (0.5929ms)
✔ rejects an orchestration array on a 1.1.0 manifest (0.455ms)
✔ rejects a tar entry that escapes the bundle root (2.6652ms)
✔ rejects a non-regular tar entry (symlink typeflag) (4.4331ms)
✔ rejects an executable or setuid tar entry mode (2.9639ms)
✔ rejects trailing data after the tar terminator (2.4789ms)
✔ rejects a duplicated tar entry path (2.1705ms)
﹣ rejects a bundle tree containing a symlink (0.0498ms) # SKIP
﹣ rejects a bundle tree entry with an executable mode (0.0303ms) # SKIP
✔ mirrors a verified local bundle tree and the offline drift check passes (18.6235ms)
✔ mirrors a verified local 1.2.0 bundle tree, including its orchestration entry, and the offline drift check passes (12.5003ms)
✔ mirrors a verified local archive and records the archive digest in the lock (12.3567ms)
✔ refuses to mirror a 1.0.0 bundle because the pi runtime identity is not registered (9.3266ms)
✔ drift check fails when a mirrored schema byte changes (11.8434ms)
✔ drift check fails when a generated baseline is edited by hand (11.4747ms)
✔ drift check fails when the lock record disagrees with the mirror (10.8849ms)
✔ drift check fails on an unexpected file inside the mirror directory (10.7094ms)
✔ drift check fails when the lock is missing entirely (0.8063ms)
✔ the committed repository mirror matches its lock and generated baselines (1.952ms)
✔ orchestrator-delegation.md carries the provider defect handoff section (0.7738ms)
✔ orchestrator-delegation.md references the prerelease consent/v3 contract (0.1548ms)
✔ orchestrator-delegation.md lists all three semantic choice tokens (0.1428ms)
✔ orchestrator-delegation.md orders the three choices: report_and_continue, continue_without_reporting, stop_here (0.1302ms)
✔ orchestrator-delegation.md preserves the rc.8 choice-1 sub-bullet ordering (0.1637ms)
✔ orchestrator-delegation.md states the admissibility-before-relay rule (0.1184ms)
✔ orchestrator-delegation.md excludes local consent lifecycle outcomes from provider-defect reporting (0.1381ms)
✔ orchestrator-delegation.md states the never-offer-to-repair rule (0.0988ms)
✔ orchestrator-delegation.md states the consent requirement (0.1386ms)
✔ orchestrator-delegation.md states the privacy scrub requirement and ordering (0.217ms)
✔ orchestrator-delegation.md states the definitive lookup gate (0.161ms)
✔ orchestrator-delegation.md states evidence-channel routing from installed build string (0.1904ms)
✔ orchestrator-delegation.md states other-channel occurrence routing (0.1441ms)
✔ orchestrator-delegation.md states outdated-build and regression routing (0.1292ms)
✔ orchestrator-delegation.md states confirmed-creation identity requirement (0.0834ms)
✔ orchestrator-delegation.md states the uncertainty continuation (decline invocation runs, not withheld) (0.1106ms)
✔ orchestrator-delegation.md states the exact-captured-decline-invocation rule (0.1462ms)
✔ orchestrator-delegation.md states handoff scope and mode preservation (0.1223ms)
✔ orchestrator-delegation.md states observed-evidence reporting (0.1235ms)
✔ orchestrator-delegation.md states the resume route (published fix or maintainer-authorized recovery) (0.0897ms)
✔ orchestrator-delegation.md does NOT carry the gentle-report label discipline (0.0824ms)
✔ orchestrator-delegation.md does NOT make published fixes the sole resumption route (0.0626ms)
✔ orchestrator-delegation.md does NOT retain the rc.3 hard-stop that withholds the decline invocation (0.0289ms)
✔ orchestrator-delegation.md does NOT reference the rc.3 canon (0.0535ms)
✔ sdd-orchestrator-workflow.md points provider defects to the complete delegation contract (0.1542ms)
✔ the complete delegation handoff invokes `gentle-ai review mode disable` exactly once (0.1207ms)
✔ quiet tool rendering registers noisy built-in tools (2.7373ms)
✖ quiet tool execution uses the tool-call cwd (2580.4135ms)
✔ quiet Bash rendering leaves configured shellPath outside its scope (#107) (6.9129ms)
✔ quiet tool rendering can be disabled by env (0.2011ms)
✔ pi-pretty suppresses overlapping tools before quiet tools register (1.1727ms)
✔ pi-pretty suppression is skipped when quiet tools are disabled (8.5104ms)
✔ quiet tool rendering uses bounded previews while preserving search summaries (9.4865ms)
✔ quiet tool rendering keeps compact collapsed summaries for search and listing tools (0.8032ms)
▶ quiet search and placeholder summaries preserve exact-result behavior
  ✔ grep (1.4211ms)
  ✔ exact (0.7207ms)
  ✔ collision (1.6271ms)
✔ quiet search and placeholder summaries preserve exact-result behavior (6.104ms)
✔ quiet Bash errors preserve meaningful rows for both public output orderings (2.0512ms)
✔ quiet Bash normalizes compact JSON for bounded previews while keeping expanded text complete (2.2893ms)
✔ quiet tool rendering identifies only routine Gentle AI SDD and RDD commands (0.6252ms)
✔ quiet tool rendering refuses to compact composed Gentle AI shell commands (5.3653ms)
✔ quiet tool rendering hides every collapsed direct Gentle AI result and preserves expanded errors (34.5278ms)
✔ quiet tool rendering transitions one Gentle AI header through lifecycle states (1.0545ms)
✔ quiet Bash keeps direct Gentle AI calls seamless while streaming (7.5247ms)
✔ quiet tool rendering displays only finite safe Gentle AI operation paths (10.1549ms)
✔ quiet tool rendering covers version and future standalone Gentle AI commands (1.2225ms)
✔ quiet tool rendering recognizes exact quoted, escaped, Windows, and command-prefixed Gentle AI executables (1.5349ms)
✔ quiet tool rendering recognizes only the exact resolved dev binary (2.078ms)
✔ quiet tool rendering keeps unregistered dev lookalikes and composed calls generic (2.1055ms)
✔ quiet tool rendering hides the routine partial result because the header owns state (0.5383ms)
✔ quiet tool rendering collapses grant calls to action and authorization-root cardinality (0.503ms)
✔ quiet tool rendering counts grant authorization roots without rendering values (0.9197ms)
✔ quiet tool rendering hides invocation secrets from collapsed Gentle AI calls and results (0.4789ms)
✔ quiet tool rendering keeps shell compositions, expansions, and lookalikes generic (0.9352ms)
✔ quiet Bash previews semantic lines for generic JSON output (0.8687ms)
✔ quiet tool rendering keeps collapsed git bash result tails (0.3839ms)
✔ quiet tool rendering keeps concise collapsed edit and write summaries (0.3836ms)
✔ quiet tool rendering sanitizes collapsed output and call rows (0.7781ms)
✔ quiet tool rendering sanitizes only rendered fields (37.2649ms)
✔ quiet tool rendering call rows show tool calls without result output (1.9125ms)
✔ quiet tool rendering limits collapsed visual rows at the actual width (20.981ms)
✔ quiet tool rendering classifies quoted and escaped literal shell metacharacters as direct Gentle AI calls (1.3821ms)
✔ quiet tool rendering keeps unescaped expansions inside double quotes generic (1.4612ms)
✔ quiet tool rendering recognizes a quoted exact dev override path containing spaces (1.1191ms)
✔ quiet tool rendering bounds and sanitizes partial text without a completion hint (1.9932ms)
✔ quiet tool rendering bounds completed previews, errors, and edit/write summaries (2.5482ms)
✔ quiet tool rendering preserves complete expanded text and delegates sanitized image reads (1.6896ms)
✔ quiet tool rendering preserves directional visual preview rows at narrow widths (4.1289ms)
✔ quiet tool rendering fails closed on unquoted shell expansions (4.5159ms)
✔ quiet tool rendering redacts only exact package-local executable paths with spaces (2.7423ms)
✔ quiet tool rendering respects command and env wrapper order (2.0506ms)
✔ quiet tool rendering lets a final result promote a replayed call card to its outcome (2.8394ms)
✔ quiet tool rendering puts the expand key in the finished call card's top rule, not in the result (2.3979ms)
✔ trigger 5 (Verification rule) states the exact on-line routing: writer report is the verification of record (2.6224ms)
✔ trigger 5 states the exact off/unknown-line routing: the parent calls gentle_review's assess operation and follows the returned plan (0.1832ms)
✔ trigger 5 states the native risk tier table exactly once, with all four rows (0.3118ms)
✔ trigger 5 states the small-model bias and the unknown-never-lowers-a-tier rule (0.2949ms)
✔ trigger 5 keeps the parent spot check requirement in every tier (0.2587ms)
✔ trigger 5 states that the on branch holds only while the native review closes for this candidate, falling back to the off path exactly once (gentle-pi#668) (0.2298ms)
✔ the on-branch fallback sentence names all three non-closed triggers and never introduces a forbidden native RDD marker (0.3412ms)
✔ the on-line and off/unknown-line routing sentences appear exactly once each (normative statement lives only in trigger 5) (0.3085ms)
✔ trigger 5 never restates the retired #661 off/unknown non-trivial judgment (0.4905ms)
✔ the Simple Delegation paragraph references trigger 5 instead of restating the on/off/unknown routing (0.3475ms)
✔ delegation overlay's trigger 5 (Verification rule) is RDD-aware (0.2516ms)
✔ delegation overlay reserves separate exploration for parent routing decisions (0.1643ms)
✔ delegation overlay keeps the required headings (0.1095ms)
✔ worker asset declares the Verification section after Test discipline (0.1039ms)
✔ worker asset requires foreground, one-at-a-time verification with nothing left unreported (0.0811ms)
✔ worker asset reports each verification command as <exact command>: <observed result> in validation (0.0852ms)
✔ worker asset owns the canonical Known environmental failures definition (0.1273ms)
✔ delegation asset references the worker's Known environmental failures definition instead of restating it (0.2203ms)
✔ worker asset never claims completion while a required verification command fails under RDD, except a named environmental failure (0.2141ms)
✔ worker keeps candidate review disposition and lifecycle parent-owned (0.1089ms)
✔ worker asset keeps the existing Return contract fields (0.129ms)
✔ renderRddStatusLine renders the fail-closed unknown line for an unresolved status (0.7354ms)
✔ renderRddStatusLine renders the effective mode and deciding source (0.1388ms)
✔ renderRddStatusLine fails closed to unknown for a malformed or partial status object (0.13ms)
✔ resolveRddModeStatus reads the on status from a stubbed native reviewMode reader (0.6013ms)
✔ resolveRddModeStatus reads the off status from a stubbed native reviewMode reader (0.1414ms)
✔ resolveRddModeStatus resolves to undefined when the native review CLI wrapper is null or absent (0.1007ms)
✔ resolveRddModeStatus resolves to undefined when the native reviewMode call rejects (0.1759ms)
✔ resolveRddModeStatus resolves to undefined within the deadline when reviewMode never settles (163.8692ms)
✔ resolveRddModeStatus memoizes a resolved status per cwd for RDD_STATUS_MEMO_TTL_MS (1.5029ms)
✔ resolveRddModeStatus re-reads once the memoized status expires (0.7786ms)
✔ resolveRddModeStatus memoizes independently per cwd (0.3952ms)
✔ resolveRddStatusLine renders on, off, and unavailable from the stubbed native reader (0.4886ms)
✔ RDD_STATUS_TIMEOUT_MS is a small, positive bounded-deadline constant (0.2214ms)
✔ getOrchestratorPrompt renders the resolved RDD status line next to the background policy line (3.5841ms)
✔ getOrchestratorPrompt defaults to the worst-case unknown RDD status line (budget-critical path) (0.838ms)
✔ the prompt cache key distinguishes on, off, and unknown so each renders a distinct prompt (2.2569ms)
✔ the on and off renders are never longer than the unknown (worst-case) render (1.8193ms)
✔ every read-only review actor leads its tool map with the deny-all rule (1.3597ms)
✔ a tool absent from the allowlist resolves to denied under the deny-all rule (0.895ms)
✔ the deny-all rule never enables a tool and never empties the runtime allowlist (1.3938ms)
✖ agent_end after approved acknowledgement: same (425.583ms)
✖ agent_end after approved acknowledgement: changed (407.6242ms)
✖ agent_end after approved acknowledgement: sibling-root (472.9676ms)
✖ agent_end after approved acknowledgement: nested-root (544.7776ms)
✖ agent_end after approved acknowledgement: failed (557.3701ms)
✖ agent_end after approved acknowledgement: unknown (589.9235ms)
✖ agent_end after approved acknowledgement: shutdown (571.3592ms)
✖ agent_end after approved acknowledgement: other-session (521.6734ms)
✖ agent_end after approved acknowledgement: legacy-success (562.8416ms)
✖ agent_end after approved acknowledgement: new-write (588.3929ms)
✖ agent_end after approved acknowledgement: concurrent-write (551.5973ms)
✔ agent_end performs no STATUS call and sends nothing when RDD is off (235.354ms)
✔ agent_end nudges exactly once when RDD is on and STATUS offers review.start (482.5057ms)
✔ agent_end nudges once per target identity and again for a fresh identity (1243.2005ms)
✔ agent_end sends nothing when STATUS offers collect or stop (1034.6995ms)
✔ agent_end skips headless sessions before any native call (0.4845ms)
✔ agent_end pairs a named agent's start with its own end, then still nudges for the primary loop's end (476.4098ms)
✔ gentle-ai-worker agent_end never queries native review (230.3334ms)
✔ agent_end resets the subagent depth when a fresh primary loop starts (460.3273ms)
✔ agent_end handler exists but sends nothing when nativeReviewCli is null (0.381ms)
✔ agent_end sends nothing and does not throw when target STATUS rejects (484.2244ms)
✔ session_shutdown ignores late agent_end after a consumed mutation (510.6036ms)
✔ agent_end restores pending receipts only for the active session branch: reload (998.2088ms)
✔ agent_end restores pending receipts only for the active session branch: fork (907.1324ms)
✔ agent_end restores pending receipts only for the active session branch: new (962.9034ms)
✔ agent_end restores pending receipts only for the active session branch: off-branch (924.72ms)
✔ agent_end binds consumption to the captured mutation during async STATUS: concurrent-write (938.5605ms)
✔ agent_end binds consumption to the captured mutation during async STATUS: shutdown (497.2015ms)
✔ successful direct writes in another canonical root do not authorize this root's reminder (610.2013ms)
✔ unsuccessful or non-mutating direct read never authorizes shared STATUS (245.7615ms)
✔ unsuccessful or non-mutating direct bash never authorizes shared STATUS (229.3034ms)
✔ unsuccessful or non-mutating direct subagent_run never authorizes shared STATUS (238.6024ms)
✔ unsuccessful or non-mutating direct edit never authorizes shared STATUS (244.7825ms)
✔ unsuccessful or non-mutating direct write never authorizes shared STATUS (229.3463ms)
✔ session_start negotiates the current target identity when RDD is on (282.2878ms)
✔ agent_end skips pre-session work, then nudges after an own mutation (973.3972ms)
✔ agent_end ignores a foreign session's changed target after read-only work (518.245ms)
✔ agent_end still checks and reminds after this session's successful direct write (756.758ms)
✔ agent_end reminds for an own write after startup with RDD off (767.8838ms)
✔ agent_end reminds for an own write after startup STATUS rejects (798.149ms)
✔ session_shutdown does not turn the baseline into an own mutation (536.8673ms)
✔ technical reference documents the narrow published native maintenance contract (2.4285ms)
✔ controller help keeps authorization, blocked outcomes, and recovery boundaries explicit (2.4102ms)
warning: in the working copy of 'file.txt', LF will be replaced by CRLF the next time Git touches it
✔ repository facade mutates under the portable atomic mkdir authority lock (851.7117ms)
✔ canonical JSON has stable bytes and domain hashes (3.0601ms)
✔ canonical JSON rejects invalid values and non-canonical input (3.6372ms)
✔ the native client exposes no legacy compact input parser (1.5926ms)
✔ compact finalize parser enforces the final evidence pairing and forecast range (1.4381ms)
✔ native finalize preserves arbitrary non-empty evidence text byte-for-byte (0.758ms)
✔ targeted validation document keeps its strict provider-bound shape (2.02ms)
warning: in the working copy of 'README.md', LF will be replaced by CRLF the next time Git touches it
warning: in the working copy of 'README.md', LF will be replaced by CRLF the next time Git touches it
warning: in the working copy of 'README.md', LF will be replaced by CRLF the next time Git touches it
Preparing worktree (new branch 'feature')
✔ no latch is recorded by default (585.4883ms)
✔ recording the latch is one-way: it reads back true, forever, with exact canonical bytes at mode 0600 (1356.6091ms)
✔ a linked worktree of the same clone shares one latch via the git common directory (1352.6121ms)
✔ an unresolvable (non-Git) directory throws rather than silently reporting a latch (54.3783ms)
✔ primary consent is compact by default and opens exact details only with D (24.4673ms)
✔ context and complete effects precede enabled consent, while short terminals stay safe (17.1422ms)
✔ primary preserves provider risk reasons without paraphrasing (4.9318ms)
✔ selection anchors fitting effects despite long context and invalidates rapid confirmation (1225.5191ms)
✔ fixed title separates an enormous provider context from anchored consent actions (7.6034ms)
✔ fixed title uses a heading token without recoloring context or selection (8.2427ms)
✔ oversized selected consequences stay complete in read-only context without enabling consent (6034.4116ms)
✔ before_agent_start injects the mirrored review execution contract for the primary session (18.0514ms)
✔ before_agent_start does not inject the review execution contract for a named agent session (1.4359ms)
✔ before_agent_start does not inject the review execution contract for gentle-ai-worker (1.5188ms)
✔ before_agent_start does not inject the review execution contract for jd-fix-agent (0.8131ms)
✔ before_agent_start does not inject the review execution contract for an SDD executor session (2.7528ms)
✔ before_agent_start injects nothing when nativeReviewCli is null (2.737ms)
✔ rejects a tampered mirror, accepts a matching one, and warns once (133.13ms)
warning: in the working copy of 'app.ts', LF will be replaced by CRLF the next time Git touches it
warning: in the working copy of 'app.ts', LF will be replaced by CRLF the next time Git touches it
✔ INSPECT treats released lock residue as non-blocking and still blocks on live lock claims (1363.6437ms)
✔ START precondition ignores released lock residue and still blocks on live lock claims (1345.1829ms)
✔ native reclaim and recover preserve their exact authority bindings (6.2423ms)
✔ native abandon carries the exact discarded-work authorization and audit record (1.5783ms)
✔ nativeReviewAbandonAuthorization renders the native eight-line v2 binding (0.386ms)
✔ native quarantine retains published legacy-v1 maintenance compatibility (1.0105ms)
✔ native reconciliation accepts only its exact predecessor and successor binding (0.9802ms)
✔ native maintenance rejects tampered authority authorization before launch (1.2661ms)
✔ native authority inventory remains a strict read-only maintenance surface (16.9848ms)
✔ negotiated repair replays only provider-published inputs after a strict preflight (5.903ms)
✔ native repair-legacy-alias keeps the historical fixed binding and rejects a tampered one before launch (1.7622ms)
✔ native recovery operations reject malformed canonical inputs before a process can mutate (1.0775ms)
✔ partial maintenance failures preserve the provider audit record and unknown mutation outcome (1.2482ms)
✔ RESET requests native reclaim inputs rather than inventing authority values (172.784ms)
✔ RECOVER rejects caller-authored authorization before status, UI, or native mutation (159.9827ms)
✔ RECONCILE_AUTHORITY returns exact missing-input guidance before native mutation (185.6565ms)
✔ native abandon rejects a legacy authorization before process launch (0.5831ms)
✔ maintenance cancellation preserves the exact signal and unknown mutation outcome (1.1917ms)
✔ RECOVER derives a provider-bound authorization, rechecks it, and fails closed on every drift (920.8923ms)
✔ RECOVER, RESET, and RECONCILE keep provider inputs and failures authority-scoped (736.7428ms)
✔ destructive maintenance remains UI-gated and derives authorization at the public controller boundary (311.7318ms)
✔ RECOVER requires a live UI decision and RECOVER_LOCK requires its owner binding (760.8565ms)
✔ REPAIR_LEGACY_ALIAS derives its immutable target from fresh native inventory (286.4829ms)
fatal: not a git repository (or any of the parent directories): .git
fatal: not a git repository (or any of the parent directories): .git
fatal: not a git repository (or any of the parent directories): .git
fatal: not a git repository (or any of the parent directories): .git
✔ EXPORT is retired: returns a structured not-supported envelope without touching disk (101.1683ms)
✔ EXPORT retirement does not require the legacy transport parameters (77.1951ms)
✔ IMPORT is retired: returns a structured not-supported envelope even when acknowledged (120.8079ms)
✔ IMPORT retirement does not require the legacy transport parameters (88.3547ms)
✔ controller SDD status treats removed OpenSpec recovery authority and deleted marker as blocking (2693.0431ms)
✔ controller SDD status ignores recovery-required review markers after terminal burn (879.6879ms)
✔ controller keeps graph-v1 ordinary mutation read-only while preserving repository-file input confinement (3910.5275ms)
✔ controller rejects graph-style ADVANCE without graph-v1 authority (1358.384ms)
✔ controller successfully starts the explicitly supported judgment-day mode (2167.5948ms)
✔ general STATUS returns the typed native-status-unsupported boundary without authority selection (3.2475ms)
✔ gentle-pi#185: general STATUS on a non-negotiated native CLI names the exact status command to run (853.859ms)
✔ failed START gives exact mode and serialization guidance and creates no lineage (951.0965ms)
✔ shipped controller fails closed while static prompts defer RDD lifecycle ownership to Gentle AI (4.2351ms)
✔ captured correction-required result preserves the provider status continuation (8.2642ms)
✔ correction status continuation stays bound to its enclosing closure and provider target (4.5693ms)
✔ correction-required result and refuter closures require one status continuation (1.5536ms)
✔ closures outside result or refuter correction-required forbid a status continuation (2.1343ms)
✔ current capture fails closed when fresh STATUS no longer offers the corrected candidate binding (151.366ms)
✔ the outcome domain is exactly the three closed provider values (2.3263ms)
✔ an outcome outside the closed domain is rejected with no step and no charge (0.9522ms)
✔ a missing or non-string outcome is refused rather than defaulted (0.32ms)
✔ passed is the only outcome that unlocks targeted validation (0.4753ms)
✔ verification_failed keeps the transaction open and charges nothing (0.3724ms)
✔ verification_failed carries the prior identity as supersedes and demands a NEW capture (0.3673ms)
✔ verification_failed never consumes budget even when lines were already charged (0.2413ms)
✔ procedural_tooling_failed escalates terminally before any retry is eligible (0.3897ms)
✔ every closed outcome resolves to exactly one distinct step kind (0.2398ms)
✔ a second capture with a distinct identity and an unchanged prior record is accepted (0.4448ms)
✔ a second capture reusing the prior evidence identity is correction-evidence-replaced (0.3084ms)
✔ a prior evidence record whose bytes changed is correction-evidence-replaced (0.1746ms)
✔ a prior evidence record that no longer resolves is correction-evidence-replaced (0.2168ms)
✔ the step machine is pure: repeated calls on frozen input return equal results and mutate nothing (0.3122ms)
warning: in the working copy of 'internal/parser.go', LF will be replaced by CRLF the next time Git touches it
Preparing worktree (new branch 'feature/fence-info')
✔ STATUS keeps hydrating and stays read-only when hydration fails (69018.5359ms)
warning: in the working copy of 'app.ts', LF will be replaced by CRLF the next time Git touches it
warning: in the working copy of 'app.ts', LF will be replaced by CRLF the next time Git touches it
warning: in the working copy of 'app.ts', LF will be replaced by CRLF the next time Git touches it
warning: in the working copy of 'app.ts', LF will be replaced by CRLF the next time Git touches it
warning: in the working copy of 'app.ts', LF will be replaced by CRLF the next time Git touches it
warning: in the working copy of 'app.ts', LF will be replaced by CRLF the next time Git touches it
warning: in the working copy of 'app.ts', LF will be replaced by CRLF the next time Git touches it
warning: in the working copy of 'app.ts', LF will be replaced by CRLF the next time Git touches it
warning: in the working copy of 'app.ts', LF will be replaced by CRLF the next time Git touches it
warning: in the working copy of 'app.ts', LF will be replaced by CRLF the next time Git touches it
warning: in the working copy of 'app.ts', LF will be replaced by CRLF the next time Git touches it
warning: in the working copy of 'app.ts', LF will be replaced by CRLF the next time Git touches it
warning: in the working copy of 'app.ts', LF will be replaced by CRLF the next time Git touches it
warning: in the working copy of 'app.ts', LF will be replaced by CRLF the next time Git touches it
warning: in the working copy of 'app.ts', LF will be replaced by CRLF the next time Git touches it
warning: in the working copy of 'app.ts', LF will be replaced by CRLF the next time Git touches it
warning: in the working copy of 'app.ts', LF will be replaced by CRLF the next time Git touches it
warning: in the working copy of 'app.ts', LF will be replaced by CRLF the next time Git touches it
warning: in the working copy of 'app.ts', LF will be replaced by CRLF the next time Git touches it
warning: in the working copy of 'app.ts', LF will be replaced by CRLF the next time Git touches it
warning: in the working copy of 'app.ts', LF will be replaced by CRLF the next time Git touches it
warning: in the working copy of 'app.ts', LF will be replaced by CRLF the next time Git touches it
warning: in the working copy of 'app.ts', LF will be replaced by CRLF the next time Git touches it
warning: in the working copy of 'app.ts', LF will be replaced by CRLF the next time Git touches it
warning: in the working copy of 'app.ts', LF will be replaced by CRLF the next time Git touches it
warning: in the working copy of 'app.ts', LF will be replaced by CRLF the next time Git touches it
warning: in the working copy of 'app.ts', LF will be replaced by CRLF the next time Git touches it
warning: in the working copy of 'app.ts', LF will be replaced by CRLF the next time Git touches it
warning: in the working copy of 'app.ts', LF will be replaced by CRLF the next time Git touches it
warning: in the working copy of 'app.ts', LF will be replaced by CRLF the next time Git touches it
HEAD is now at 0b49c05 base
warning: in the working copy of 'ancestor.ts', LF will be replaced by CRLF the next time Git touches it
warning: in the working copy of 'app.ts', LF will be replaced by CRLF the next time Git touches it
warning: in the working copy of 'app.ts', LF will be replaced by CRLF the next time Git touches it
warning: in the working copy of 'app.ts', LF will be replaced by CRLF the next time Git touches it
warning: in the working copy of 'app.ts', LF will be replaced by CRLF the next time Git touches it
warning: in the working copy of 'app.ts', LF will be replaced by CRLF the next time Git touches it
warning: in the working copy of 'app.ts', LF will be replaced by CRLF the next time Git touches it
warning: in the working copy of 'app.ts', LF will be replaced by CRLF the next time Git touches it
warning: in the working copy of 'app.ts', LF will be replaced by CRLF the next time Git touches it
warning: in the working copy of 'app.ts', LF will be replaced by CRLF the next time Git touches it
warning: in the working copy of 'app.ts', LF will be replaced by CRLF the next time Git touches it
warning: in the working copy of 'app.ts', LF will be replaced by CRLF the next time Git touches it
warning: in the working copy of 'app.ts', LF will be replaced by CRLF the next time Git touches it
warning: in the working copy of 'app.ts', LF will be replaced by CRLF the next time Git touches it
warning: in the working copy of 'app.ts', LF will be replaced by CRLF the next time Git touches it
warning: in the working copy of 'app.ts', LF will be replaced by CRLF the next time Git touches it
warning: in the working copy of 'app.ts', LF will be replaced by CRLF the next time Git touches it
warning: in the working copy of 'app.ts', LF will be replaced by CRLF the next time Git touches it
warning: in the working copy of 'app.ts', LF will be replaced by CRLF the next time Git touches it
warning: in the working copy of 'app.ts', LF will be replaced by CRLF the next time Git touches it
warning: in the working copy of 'app.ts', LF will be replaced by CRLF the next time Git touches it
warning: in the working copy of 'app.ts', LF will be replaced by CRLF the next time Git touches it
warning: in the working copy of 'app.ts', LF will be replaced by CRLF the next time Git touches it
warning: in the working copy of 'app.ts', LF will be replaced by CRLF the next time Git touches it
warning: in the working copy of 'app.ts', LF will be replaced by CRLF the next time Git touches it
warning: in the working copy of 'app.ts', LF will be replaced by CRLF the next time Git touches it
warning: in the working copy of 'app.ts', LF will be replaced by CRLF the next time Git touches it
warning: in the working copy of 'app.ts', LF will be replaced by CRLF the next time Git touches it
warning: in the working copy of 'app.ts', LF will be replaced by CRLF the next time Git touches it
warning: in the working copy of 'app.ts', LF will be replaced by CRLF the next time Git touches it
warning: in the working copy of 'app.ts', LF will be replaced by CRLF the next time Git touches it
warning: in the working copy of 'app.ts', LF will be replaced by CRLF the next time Git touches it
warning: in the working copy of 'app.ts', LF will be replaced by CRLF the next time Git touches it
warning: in the working copy of 'app.ts', LF will be replaced by CRLF the next time Git touches it
warning: in the working copy of 'app.ts', LF will be replaced by CRLF the next time Git touches it
warning: in the working copy of 'app.ts', LF will be replaced by CRLF the next time Git touches it
warning: in the working copy of 'app.ts', LF will be replaced by CRLF the next time Git touches it
warning: in the working copy of 'app.ts', LF will be replaced by CRLF the next time Git touches it
warning: in the working copy of 'app.ts', LF will be replaced by CRLF the next time Git touches it
warning: in the working copy of 'app.ts', LF will be replaced by CRLF the next time Git touches it
warning: in the working copy of 'app.ts', LF will be replaced by CRLF the next time Git touches it
warning: in the working copy of 'app.ts', LF will be replaced by CRLF the next time Git touches it
warning: in the working copy of 'app.ts', LF will be replaced by CRLF the next time Git touches it
✔ unsafe publication Git environment matching preserves actual mixed-case keys (4.8011ms)
✔ unbranded receipts are rejected before lifecycle gate evaluation (3994.4846ms)
✔ authoritative receipts cannot be validated through another repository store (7835.2376ms)
✔ exact intended commit target allows with zero actors and journal replay is stable (5918.9851ms)
✔ exact gate retries replay before stale receipt binding while new requests still deny (6140.8558ms)
✔ intended commit target denies when the actual staged tree drifted after approval (4373.4577ms)
✔ changed exact target returns one deterministic child with a non-refreshing budget (6788.999ms)
✔ push gate allows normal same-name updates while preserving exact-old and create rules (12023.8122ms)
▶ push gate treats only successful empty output as absent and fails closed on probe failures
  ✖ nonzero (1515.3241ms)
  ✖ malformed (1410.331ms)
  ✖ ambiguous (1481.5295ms)
✖ push gate treats only successful empty output as absent and fails closed on probe failures (9896.8478ms)
✔ push CREATE rejects unreviewed ancestor history (6508.8461ms)
✔ PR and release gates resolve exact refs, commits, tag objects, peels, and trees (6306.8567ms)
✔ unsupported, ambiguous, nonexistent, and non-approved targets fail closed (4068.8636ms)
✔ scope child claim and parent gate journal publish atomically across faults (7167.804ms)
✔ release fast path independently accepts complete successful Check Runs despite a pending legacy status (6165.6623ms)
✔ release fast path proves the immutable origin/main SHA and ignores local branch position and worktree dirtiness (2904.037ms)
✔ release fast path fails closed when the tag does not target the current immutable origin/main SHA (2783.2557ms)
✔ release fast path requires successful required CI bound to the exact origin/main SHA (3856.4625ms)
✔ release fast path fails closed on escalating or invalidating fresh risk evidence (3332.2353ms)
✔ major, post-incident, and unprovable-version releases always require explicit extraordinary review (2768.8883ms)
✔ release fast path treats vX.0.0 and pre-1.0 v0.Y.0 minor bumps as major-equivalent, while v0.Y.Z patch releases remain eligible (3399.7813ms)
✔ release fast path applies only to protected main with a provable remote head and exact tag identity (3100.942ms)
✔ release fast path denies a remote endpoint that is not the repository's actually configured remote name (3568.0328ms)
✔ release fast path requires independently derived CI success via the gh CLI bound to the exact remote SHA — caller-supplied CI evidence alone is never sufficient (4609.6806ms)
✔ release fast path remote head recheck detects an advanced or unresolvable protected main before tag push (3508.4326ms)
✔ event identity commits to canonical body and predecessor (3.6329ms)
✔ schema rejects invalid genesis and tampered event identities (1.5489ms)
✔ event schema commits a canonical reducer transition and input (1.9644ms)
✔ graph-v1 rejects the discarded ordinary follow-up lifecycle transition (0.3019ms)
warning: in the working copy of 'app.ts', LF will be replaced by CRLF the next time Git touches it
warning: in the working copy of 'app.ts', LF will be replaced by CRLF the next time Git touches it
warning: in the working copy of 'app.ts', LF will be replaced by CRLF the next time Git touches it
warning: in the working copy of 'app.ts', LF will be replaced by CRLF the next time Git touches it
✔ an unachievable declaration survives the controller restart as a typed stop, not a reoffer (9399.8213ms)
✔ a fresh controller process reoffers the exact public binding before one capture closes (22540.9511ms)
✔ every provider-owned binding drift forbids a capture after restart (26453.0951ms)
✔ a missing restarted reoffer exposes no public binding and forbids capture (9228.9324ms)
warning: in the working copy of 'app.ts', LF will be replaced by CRLF the next time Git touches it
warning: in the working copy of 'app.ts', LF will be replaced by CRLF the next time Git touches it
warning: in the working copy of 'app.ts', LF will be replaced by CRLF the next time Git touches it
warning: in the working copy of 'app.ts', LF will be replaced by CRLF the next time Git touches it
warning: in the working copy of 'app.ts', LF will be replaced by CRLF the next time Git touches it
warning: in the working copy of 'app.ts', LF will be replaced by CRLF the next time Git touches it
warning: in the working copy of 'app.ts', LF will be replaced by CRLF the next time Git touches it
warning: in the working copy of 'app.ts', LF will be replaced by CRLF the next time Git touches it
warning: in the working copy of 'app.ts', LF will be replaced by CRLF the next time Git touches it
warning: in the working copy of 'app.ts', LF will be replaced by CRLF the next time Git touches it
warning: in the working copy of 'app.ts', LF will be replaced by CRLF the next time Git touches it
warning: in the working copy of 'app.ts', LF will be replaced by CRLF the next time Git touches it
warning: in the working copy of 'app.ts', LF will be replaced by CRLF the next time Git touches it
warning: in the working copy of 'app.ts', LF will be replaced by CRLF the next time Git touches it
warning: in the working copy of 'app.ts', LF will be replaced by CRLF the next time Git touches it
warning: in the working copy of 'app.ts', LF will be replaced by CRLF the next time Git touches it
warning: in the working copy of 'app.ts', LF will be replaced by CRLF the next time Git touches it
warning: in the working copy of 'app.ts', LF will be replaced by CRLF the next time Git touches it
warning: in the working copy of 'app.ts', LF will be replaced by CRLF the next time Git touches it
warning: in the working copy of 'app.ts', LF will be replaced by CRLF the next time Git touches it
warning: in the working copy of 'app.ts', LF will be replaced by CRLF the next time Git touches it
warning: in the working copy of 'app.ts', LF will be replaced by CRLF the next time Git touches it
warning: in the working copy of 'app.ts', LF will be replaced by CRLF the next time Git touches it
warning: in the working copy of 'app.ts', LF will be replaced by CRLF the next time Git touches it
warning: in the working copy of 'app.ts', LF will be replaced by CRLF the next time Git touches it
warning: in the working copy of 'app.ts', LF will be replaced by CRLF the next time Git touches it
warning: in the working copy of 'app.ts', LF will be replaced by CRLF the next time Git touches it
warning: in the working copy of 'app.ts', LF will be replaced by CRLF the next time Git touches it
warning: in the working copy of 'app.ts', LF will be replaced by CRLF the next time Git touches it
✔ one materialize binding routes exactly one provider slot through the host relay (589.4838ms)
✔ Pi-authored review documents are rejected at the capture input boundary (432.639ms)
✔ grouped capture forecasts once, reaches a four-reviewer barrier, and reconciles unclosed submissions (669.3699ms)
✔ captured v5 STATUS accepts capture-phase Pn when authority has advanced to Rn at the forecast boundary (541.7391ms)
✔ group rejects STATUS repository target mismatch and per-slot revision, context, or target drift before launch (1031.7597ms)
✔ group rejects absent or mismatched current repository context before launch (898.3865ms)
✔ group rejects partial, duplicate, reordered, stale, mixed, and late-invalid bindings before launch (1346.284ms)
✔ group preserves earlier admission when a later STATUS drifts, and stops on closure or unknown outcome (1102.6872ms)
✔ an old binary reports the relay as unavailable without touching existing behavior (541.2557ms)
✔ a handshake refusal surfaces the provider refusal verbatim through the controller envelope (560.6515ms)
✔ a transport failure stops the selected capture without auto-follow (565.9411ms)
✔ an admission refusal reaches the model as a proven non-mutation carrying the refusal and a continuation (556.7509ms)
✔ a submission whose outcome is genuinely indeterminate still reconciles through STATUS and carries its evidence (533.0276ms)
✔ a relay timeout reports its one-slot measurements and no auto-follow (510.4277ms)
✔ a deterministic pi timeout declares the slot unachievable and renders the typed stop (547.5296ms)
✔ repairable submission refusals retain the exact-slot retry path (765.505ms)
✔ a stop whose slots do not match the declared identity reports a reconciliation failure (561.1562ms)
✔ a stop carrying several declared slots exposes only the one this session declared (541.8225ms)
✔ a bound STATUS that reoffers the collect transition instead of the stop reports a reconciliation failure (562.3845ms)
✔ a bound STATUS stop with a foreign reason code or no transition reports a reconciliation failure (686.224ms)
✔ an unachievable stop renders the withdraw hint only for the requested lineage (742.882ms)
✔ an unknown-verb refusal falls back to today's transport-failure behavior (604.7855ms)
✔ a refused declaration surfaces both failures instead of the transport fall-back (702.6477ms)
✔ a declaration failure whose envelope already committed propagates its mutation state (616.1432ms)
✔ an unknown declaration outcome is proven committed by one bound STATUS re-query (539.1773ms)
✔ a malformed declaration error without an envelope keeps mutation none (525.1978ms)
✔ a non-timeout transport failure keeps its generic continuation and now carries its measurements (574.735ms)
✔ materialize tokens without a provider submission fail closed as a typed contract mismatch (553.9551ms)
✔ collect inputs without the provider-issued materialize token never reach the relay (534.1394ms)
✖ the central native CLI runner declares the relay contract on every gentle-ai spawn (25.2445ms)
✔ relay contract constants are the compiled gentle-ai handshake values (0.3757ms)
✖ relay happy path moves prompt and result bytes verbatim through a fresh empty scratch pi subprocess (18.8756ms)
✖ the pi lockdown argv is pinned exactly with no model or provider selection (10.2819ms)
✖ preparation snapshots mutable submission tokens and values before materialization (23.2096ms)
✖ preparation keeps reviewer bytes private through deferred submission (11.5758ms)
✖ the supplied AbortSignal stays live through deferred submission (10.4075ms)
✖ four reviewers cross a shared barrier before any result submission can begin (11.2632ms)
✔ four reviewer results retain provider order when their preparation resolves in reverse (7.3584ms)
✔ partial reviewer failures wait for a later pending transport and report the first provider-ordered error (19.2287ms)
✖ materialize nonzero exit fails closed with a typed error and never launches pi or submits (12.0695ms)
✖ an empty materialized prompt fails closed before pi launches (9.3073ms)
✖ pi nonzero exit fails closed with a typed error and no submission (12.8961ms)
✖ empty pi stdout fails closed with a typed error and no submission (11.3032ms)
✖ pi timeout fails closed with a typed error and no submission (9.7062ms)
✔ the reviewer bound scales with materialized prompt bytes instead of one fixed number (0.4567ms)
✔ the reviewer bound honours the environment override and ignores malformed values (0.4709ms)
✖ the production relay path resolves the reviewer bound from the environment, with no injected timeout (7.5837ms)
✖ a relay Pi timeout keeps its typed mapping and timing evidence when opaque scratch cleanup also fails (12.3355ms)
✖ a killed reviewer reports elapsed, limit, and what to change instead of an opaque transport failure (11.7877ms)
✖ a crashed reviewer stays distinguishable from a killed one and still carries its measurements (11.191ms)
✖ submission refusal is a typed error whose outcome is unknown pending STATUS (10.9968ms)
✖ a reviewer printing garbage is refused at admission as a proven non-mutation carrying Go's refusal (12.3361ms)
✖ a reviewer echoing a different subject is refused at admission as a proven non-mutation carrying Go's continuation (9.6104ms)
✖ a submission the fake admits with the expected subject still completes (11.8687ms)
✖ submission refusal preserves its primary evidence when result staging cleanup also fails (13.889ms)
✖ relay scratch and staging directories are removed after failures too (12.1576ms)
✖ a result staging cleanup failure remains a typed submit failure (11.4054ms)
✖ an old binary's unknown-flag refusal classifies as relay-unavailable with the exact report (7.4658ms)
✖ a handshake refusal surfaces the provider refusal verbatim (7.6119ms)
✔ refusal classification distinguishes unknown-flag, handshake, and other (0.5374ms)
✔ the unachievable predicate names only deterministic slot failures (0.5675ms)
✔ only provider-issued pi --materialize capture-result inputs become relay slots (0.6952ms)
✔ relay input validation rejects empty or malformed inputs before any process launches (0.4972ms)
✔ a materialize slot without a provider submission fails closed before any process launches (8.7243ms)
✔ a submission form the relay cannot bind is a typed contract mismatch, never a repaired invocation (6.7278ms)
✔ resolveReviewHostRelaySubmission returns the provider binding untouched (0.3908ms)
✔ the negotiated decoder carries the provider submission through the capture-result collect input (3.5713ms)
✔ captured capabilities retain their exact schema identity (6.226ms)
✔ historical v3 FINALIZE status remains rejected without rewriting fixture bytes (2.2852ms)
✔ v5 STATUS rejects malformed receipt status, identity, and extra fields (1.7471ms)
✔ legacy-v1 v5 STATUS accepts only its two compatible receipt states (8.6074ms)
✔ captured terminal closure decodes without a compatibility status projection (1.4913ms)
✔ derived and pinned capabilities remain separately schema-pinned (2.6171ms)
✔ capabilities reject a protocol minor that disagrees with their exact identity (1.4386ms)
✔ captured v5 STATUS preserves its provider forecast and collect binding (0.7255ms)
✔ v3 status identity rejects v5-only forecast fields (0.7754ms)
✔ captured v5 STATUS retains its opaque repository context reference (3.1891ms)
✔ the singular v5 capture-result submission normalizes to one typed value (1.7432ms)
✔ the singular capture-result form rejects competing legacy values (1.0512ms)
✔ consent/v3 accepts the Pi runtime only when its exact agent binding matches (2.8462ms)
✔ consent identities remain cross-decoder incompatible (1.167ms)
✔ captured granted START keeps its repository-context event binding (1.5705ms)
✔ result artifacts retain mutually exclusive reference and path locators (1.237ms)
✔ result artifacts reject a second locator (0.626ms)
✔ nonuniform role capture closures retain their exact upstream operation identities (0.9717ms)
✔ the derived capabilities/v2.1 payload decodes with protocol minor 1 (1.3427ms)
✔ a status/v3 payload never carries a top-level repository context (1.2405ms)
✔ a v5 forecast requires the next transition and a coherent horizon (1.846ms)
✔ a v5 provider role task input decodes and is confined to external.run_provider_role (1.366ms)
✔ the v3 identity keeps rejecting the singular capture-result value form (0.8901ms)
✔ the v3 next transition keeps rejecting every v5-only surface (0.9189ms)
✔ consent/v3 keeps every v2 semantic guard and rejects agents outside the fixed runtime contract (1.7457ms)
✔ start/v3 repository context event fields stay optional and exact (1.9852ms)
✔ a result artifact rejects unknown keys and weakened bindings (0.8836ms)
✔ capabilities/v2.3 retains status/v5 while v2.4 requires status/v6 (3.9861ms)
✔ capabilities/v2.5 negotiates the v2.6.0 advertisement and status/v7 decodes the eligible untracked inventory (6.291ms)
✔ status/v6 decodes and enforces the intended-untracked selection submission (7.1666ms)
✔ START/v4 accepts only its reviewing status continuation and preserves v3 strictness (4.4663ms)
✔ START/v4 falls back to the frozen overlay target when repository_context is absent (1.2743ms)
✔ START/v4 rejects status vectors that drift from frozen bindings (5.4897ms)
✔ START/v4 rejects incomplete or incoherent provider-owned status selectors (9.3117ms)
✔ START/v4 closed approval keeps acknowledgement but forbids a continuation (0.9544ms)
✔ review-acknowledged/v1 decodes the captured burn envelope exactly (0.6243ms)
✔ review-acknowledged/v1 rejects identity drift, foreign fields, and a binding that names another burn (1.7355ms)
✔ review-acknowledged/v1 is disjoint from every prior captured identity in both directions (7.8977ms)
✔ v7 escalation is typed metadata and preserves native stop authority (2.6377ms)
✔ v7 escalation strictly decodes all causes and optional refuter evidence (9.5802ms)
✔ current review integration fixtures decode (9.9284ms)
✔ capabilities enforce every required top-level and nested property (14.819ms)
✔ capabilities reject additional properties at every exact object boundary (3.8704ms)
✔ capabilities reject an incompatible protocol identity (1.5183ms)
✔ START enforces required, exact, and enum-bounded payloads (4.8941ms)
✔ start/v3 transports the published selected_lenses wire contract without Pi-owned risk policy (4.0655ms)
✔ historical status fixture with a receipt is rejected after receipt retirement (2.0785ms)
✔ projection enforces every required property and rejects additional keys (2.5727ms)
✔ failure enforces exact keys, enums, and identifiers (3.268ms)
✔ failure with code managed_assets_outdated decodes its continuation, degrades without one, and forbids it elsewhere (1.5349ms)
✔ net-new decoders: consent, next-transition, and artifact-subject reject malformed payloads (4.8428ms)
✔ authority repair assessment decodes eligible and unsupported statuses (1.3297ms)
✔ repair execute-without-execution is rejected (0.5354ms)
✔ capabilities enforce the exact mandatory feature set while accepting a superset of advertised operations (2.1904ms)
✔ capabilities gates and projections accept an additive superset beyond the required floor (1.7997ms)
✔ capabilities gates and projections still enforce the required floor (1.2845ms)
✔ START independently binds base/candidate tree and the target-mode overlay pair (1.4094ms)
✔ failure context accepts scope_change or binding_revision but rejects both or neither (0.7029ms)
✔ consent rejects a swapped choice order, invalid answer domain, or invocation outside the frozen target (0.863ms)
✔ next_transition decodes an execute variant and rejects a stop that carries a transition (0.5751ms)
✔ next_transition stop decodes a managed_assets_outdated continuation and rejects a malformed one (0.5563ms)
✔ next_transition stop decodes unachievable_lens_slots and their withdraw bindings only on that reason code (1.6102ms)
✔ next_transition stop refuses an unachievable slot whose withdraw arguments disagree with its identity (1.9838ms)
✔ next_transition stop refuses duplicate identities and non-exact withdraw commands (1.7056ms)
✔ next_transition stop requires exactly one canonical --withdraw=true argument (1.123ms)
✔ next_transition stop bounds an unachievable slot detail at 512 UTF-8 bytes (0.8637ms)
✔ acknowledgement execute rejects decoy bindings, closed-vector drift, and malformed approval (2.8163ms)
✔ repair decodes a committed execute result and rejects a non-eligible preflight carrying provider_inputs (0.5977ms)
✔ artifact-subject accepts an optional correction_target_identity (0.5032ms)
✔ repair eligible preflight with wrong required_inputs order is rejected (0.2969ms)
✔ next_transition.execute accepts the optional selector_arguments and artifacts the schema declares (0.2924ms)
✔ next_transition decodes the self-contained provider role capture vectors strictly (1.4024ms)
✔ v5 targeted-validator collect inputs carry the exact provider-owned validation request (2.7908ms)
✔ status.frozen carries the optional frozen manifest digest (1.9692ms)
✔ a capture-result collect input decodes without changed_path_manifest, which the artifact subject digest already binds (1.8207ms)
✔ status enforces authority/frozen/receipt conditionals and decodes the required repair field (1.9342ms)
✔ next_transition.execute.binding stays open, as its schema declares no properties (0.5163ms)
✔ strictly decodes the real zero-lens closed START and every last-event closure (10.7671ms)
✔ approved closure preserves complete admitted reviewer results before acknowledgement (4.8898ms)
✔ retired legacy client no longer exposes a FINALIZE route (0.6486ms)
✔ one exact offered materialize binding executes only its selected slot and never follows STATUS (149.9715ms)
✔ malformed, stale, duplicate, and incomplete collect bindings reject before capture mutation (1545.523ms)
✔ forecast spends zero and acknowledgement runs exactly one materialize reviewer (292.6787ms)
✔ correction-plan preserves exact provider tokens and bounds without a follow-up lifecycle call (458.5628ms)
✔ refuter and validation each execute one self-contained provider vector (292.4507ms)
✔ terminal capture closes directly, nonterminal capture does not auto-follow, and unknown mutation reconciles once (303.868ms)
✔ unknown-capture reconciliation preserves agentless legacy callers and forwards an explicit Pi agent (1.8005ms)
✔ unknown targeted-validator capture reconciliation requires current exact authority and target (794.9971ms)
✔ unknown-capture reconciliation rejects a binding without a target identity (0.7362ms)
✔ the approved acknowledgement fixture decodes as a runnable continuation (1.444ms)
✔ an approved acknowledgement must prove the target its relayed token burns (0.7401ms)
✔ an unreadable acknowledgement degrades the continuation, never the approval (0.4105ms)
✔ canonical contract defines compact risk, causal admission, correction, CAS, compatibility, and the delivery boundary (7.5014ms)
✔ assets/agents/review-risk.md requires causal evidence and remains a one-shot read-only result producer (0.7687ms)
✔ assets/agents/review-resilience.md requires causal evidence and remains a one-shot read-only result producer (0.5764ms)
✔ assets/agents/review-readability.md requires causal evidence and remains a one-shot read-only result producer (0.5172ms)
✔ assets/agents/review-reliability.md requires causal evidence and remains a one-shot read-only result producer (0.4358ms)
✔ packaged ordinary review lenses resolve their Markdown file dependencies (5.4496ms)
✔ ordinary review dependencies allow packaged files and reject unresolved paths (4.1403ms)
✔ ordinary lens prompts contain the literal compact-v2 native result envelope (5.3276ms)
✔ canonical ordinary review specs preserve the negotiated one-correction contract (1.4162ms)
✔ historical lifecycle change specs preserve their completed one-attempt design context (1.2649ms)
✔ risk lens distinguishes trusted orchestration from concrete boundary bypasses (0.6618ms)
✔ the Pi-owned adversarial role agents are retired: roles execute through Go-owned pi processes (0.8057ms)
✔ assets/agents/jd-judge-a.md preserves graph-v1 Judgment Day discovery and scoped re-judgment (0.5168ms)
✔ assets/agents/jd-judge-b.md preserves graph-v1 Judgment Day discovery and scoped re-judgment (0.4282ms)
✔ Judgment Day judge prompts contain distinct graph-v1 discovery and re-judgment shapes (2.8992ms)
✔ Judgment Day canonical and packaged surfaces preserve the independent lifecycle (2.2257ms)
✔ Judgment Day skill and prompts preserve bounded fix and re-judgment authority (1.2782ms)
✔ Judgment Day fix routing has one canonical shape and never falls back to generic roles (4.3679ms)
✔ orchestrator, injected skill, and technical reference defer RDD lifecycle ownership to Gentle AI (2.671ms)
✔ technical reference documents the dynamic runtime authority boundary without an old package route (1.2279ms)
✔ managed contracts retain no fresh lifecycle review directive (2.5379ms)
✔ static 4R chain runs each selected lens once and owns no orchestration (0.6377ms)
✔ exclusive lock acquisition requires its owner token to release (37.964ms)
✔ active and ambiguous lock ownership fail closed during recovery (14.3615ms)
✔ stale recovery moves only the observed owner into a persistent token-fenced quarantine (17.4793ms)
✔ production owner-death proof only accepts a conclusively absent process (0.8352ms)
✔ production lock uses atomic mkdir and releases only the observed owner (17.5377ms)
✔ stale lock recovery succeeds via the default production platform without an injected test adapter (12.1229ms)
✔ default production lock platform preserves no-replace semantics when the quarantine destination is already occupied (8.7177ms)
✔ qualified production moveNoReplace never replaces an existing destination file on any platform (9.762ms)
✔ qualified production moveNoReplace never replaces an existing destination directory on any platform (18.6133ms)
✔ incomplete acquisition may be quarantined only with a dead durable intent (19.8773ms)
warning: in the working copy of 'README.md', LF will be replaced by CRLF the next time Git touches it
✔ repository factory resolves the graph object path beneath the exact common directory (748.032ms)
✔ immutable event installation is idempotent and rejects conflicting bytes (16.7162ms)
✔ CURRENT only selects a root after a two-slot quorum and preserves old-or-new authority (31.0203ms)
✔ root publication exposes the old quorum when a fault occurs before the second new slot (50.1021ms)
✔ genesis quorum-loss crash is forward-recoverable when exactly one unambiguous candidate root set exists (43.3079ms)
✔ genesis repair stays fail closed when two candidate root sets are ambiguous (17.1689ms)
✔ genesis repair stays fail closed when the sole candidate root set is corrupted (13.0472ms)
✔ root successors must name the current root and repair restores only a quorum-backed pointer (45.5255ms)
✔ explicit Judgment Day starts with exactly two blind judges and zero refuters (29.34ms)
✔ Judgment Day with no severe findings skips fixes and re-judgment then verifies once (1.0319ms)
✔ Judgment Day permits at most two scoped fix and re-judgment rounds (3.2608ms)
✔ findings surviving round two escalate and expose no third-round edge (1.538ms)
✔ Judgment Day reducer rejects ordinary mode without changing its counters (0.9234ms)
✔ ordinary discovery runs the selected zero, one, or four lenses exactly once (31.6408ms)
✔ ordinary discovery enforces selected lenses and normalizes severe actor rows fail closed (2.3811ms)
✔ no-finding ordinary path runs zero refuters, fixes, and validators then verifies once (1.6986ms)
✔ ordinary uses at most one complete-list refuter, one fix, one targeted validator, and one final verification (3.1712ms)
✔ ordinary corroboration has explicit no-fix and zero-budget paths to terminal escalation (1.9657ms)
✔ inconclusive or incomplete evidence escalates without a second refuter (1.349ms)
✔ validator cannot alter frozen claims, add findings, repeat, or hide regressions (2.8632ms)
✔ failed final verification escalates and ordinary rejects Judgment Day state (1.1974ms)
✔ ordinary fixes require exact genesis-scoped IDs and targeted validation evidence (2.6266ms)
✔ ordinary fixes reject omitted and extra frozen IDs independently of path scope (2.3677ms)
✔ targeted validation requires one passing regression proof for every frozen ID (2.2717ms)
✔ targeted validation rejects action-bearing follow-ups and preserves sorted inert records (2.7193ms)
warning: in the working copy of 'tracked.txt', LF will be replaced by CRLF the next time Git touches it
warning: in the working copy of 'tracked.txt', LF will be replaced by CRLF the next time Git touches it
✔ STATUS discovery hydrates the dispatch binding for an externally recovered lineage (338342.1042ms)
✔ STATUS discovery never hydrates without pending reviewer-result collection (60029.7164ms)
✔ declareReviewRelayHandshake exports the exact contract and reports whether it changed anything (2.0581ms)
✔ loading the extension declares the handshake in the session environment (3.4508ms)
warning: in the working copy of 'app.ts', LF will be replaced by CRLF the next time Git touches it
warning: in the working copy of 'app.ts', LF will be replaced by CRLF the next time Git touches it
warning: in the working copy of 'app.ts', LF will be replaced by CRLF the next time Git touches it
warning: in the working copy of 'app.ts', LF will be replaced by CRLF the next time Git touches it
warning: in the working copy of 'app.ts', LF will be replaced by CRLF the next time Git touches it
warning: in the working copy of 'app.ts', LF will be replaced by CRLF the next time Git touches it
warning: in the working copy of 'app.ts', LF will be replaced by CRLF the next time Git touches it
warning: in the working copy of 'app.ts', LF will be replaced by CRLF the next time Git touches it
warning: in the working copy of 'app.ts', LF will be replaced by CRLF the next time Git touches it
warning: in the working copy of 'app.ts', LF will be replaced by CRLF the next time Git touches it
warning: in the working copy of 'app.ts', LF will be replaced by CRLF the next time Git touches it
✔ the negotiated status asks for the pi agent so the provider offers its materialize relay slot (545.7712ms)
✔ capture forecasts the reviewer model run once and spends nothing until it is acknowledged (744.7155ms)
✔ a provider that refuses the pi transport blocks immediately without an agent-less lifecycle fallback (547.7405ms)
✔ a transport refusal names the runnable wrapper continuation, never a raw CLI command as the only exit (1142.0713ms)
✔ a remembered pi transport refusal remains blocked without re-probing or lifecycle continuation (709.4264ms)
✔ every typed Pi transport refusal code fails closed (1709.4001ms)
✔ typed status errors outside the Pi transport refusal set remain native errors (551.7688ms)
✔ ordinary STATUS inspection uses the Pi public collect-binding route (1527.7665ms)
✔ receipts survive reload but are isolated by session, root, and active branch (5.4769ms)
✔ nudged consumes only its captured prefix, retaining a concurrent own mutation (2.3297ms)
✔ acknowledged consumes only its captured prefix, retaining a concurrent own mutation (0.7314ms)
✔ malformed, unknown-version, and unmatched consumption entries do not establish ownership (0.8218ms)
warning: in the working copy of 'README.md', LF will be replaced by CRLF the next time Git touches it
warning: in the working copy of 'README.md', LF will be replaced by CRLF the next time Git touches it
warning: in the working copy of 'README.md', LF will be replaced by CRLF the next time Git touches it
Preparing worktree (new branch 'linked')
warning: in the working copy of 'README.md', LF will be replaced by CRLF the next time Git touches it
warning: in the working copy of 'README.md', LF will be replaced by CRLF the next time Git touches it
Switched to a new branch 'gh-pages'
warning: in the working copy of 'orphan.txt', LF will be replaced by CRLF the next time Git touches it
Switched to branch 'main'
warning: in the working copy of 'README.md', LF will be replaced by CRLF the next time Git touches it
warning: in the working copy of 'README.md', LF will be replaced by CRLF the next time Git touches it
warning: in the working copy of 'README.md', LF will be replaced by CRLF the next time Git touches it
Switched to a new branch 'second-root'
warning: in the working copy of 'second.txt', LF will be replaced by CRLF the next time Git touches it
Switched to branch 'main'
warning: in the working copy of 'README.md', LF will be replaced by CRLF the next time Git touches it
✔ review Git environment uses a Git-compatible null config path on Windows (4.7838ms)
✔ review Git environment runs a real Git authority probe (725.2101ms)
✔ review Git environment rejects inherited unsafe Git overrides (1.4459ms)
✔ a Windows drive-letter Git common directory resolves repository authority (945.1813ms)
✔ linked worktrees resolve one common-directory authority (1252.7663ms)
✔ non-Git directories and empty repositories fail closed (392.5969ms)
✔ repository identity is pinned once and reused on later resolutions (1033.1511ms)
✔ an orphan root added after store establishment leaves identity unchanged and reads/mutations still succeed (4341.7335ms)
✔ a store transplanted into an unrelated repository fails closed (2522.8249ms)
✔ removing a pinned root commit via history rewrite violates the subset and fails closed (1519.5573ms)
✔ a reader racing the first-time IDENTITY write recovers once the concurrent writer completes, instead of dying on a transient partial read (1070.2913ms)
✔ decodeReviewAssessmentV1 accepts a well-formed gentle-ai.review-assessment/v1 envelope (5.0712ms)
✔ decodeReviewAssessmentV1 accepts a base-diff candidate with base_ref (0.5631ms)
✔ decodeReviewAssessmentV1 accepts passive and high risk values (0.8443ms)
✔ decodeReviewAssessmentV1 rejects a wrong schema (1.1286ms)
✔ decodeReviewAssessmentV1 rejects an unrecognized risk value (1.0123ms)
✔ decodeReviewAssessmentV1 rejects a malformed shape (1.0118ms)
✔ verificationPlan: rdd on + closed, passive risk -> structural readback only regardless of writer profile (0.6154ms)
✔ verificationPlan: rdd on + closed, medium/high/unassessable risk -> writer self-verification, no independent verifier (0.5716ms)
✔ verificationPlan: rdd on + non-closed outcome behaves exactly like rdd off for every risk/profile combination (1.0104ms)
✔ verificationPlan: an omitted nativeReviewOutcome under rdd on defaults to unknown (fail closed), exactly like rdd off (0.6602ms)
✔ verificationPlan: on+closed+medium+large -> no verifier (0.3286ms)
✔ verificationPlan: on+declined+medium+large -> no verifier (medium, large) (0.2384ms)
✔ verificationPlan: on+declined+medium+small -> verifier (0.1774ms)
✔ verificationPlan: on+declined+high -> verifier (0.2153ms)
✔ verificationPlan: on+unavailable+high -> verifier (0.225ms)
✔ verificationPlan: on+unknown (omitted)+high -> verifier (0.2228ms)
✔ verificationPlan: on+declined+passive -> structural readback (0.2436ms)
✔ verificationPlan: off+closed+high -> verifier (outcome ignored) (0.2306ms)
✔ verificationPlan: off/unknown lines ignore nativeReviewOutcome entirely (1.0714ms)
✔ verificationPlan: rdd off, passive risk -> structural readback only, no verifier, no tests (0.2793ms)
✔ verificationPlan: rdd off, medium risk -> independent verifier only for a small writer profile (0.3841ms)
✔ verificationPlan: rdd off, high or unassessable risk -> writer self-verification plus independent verifier, always (0.2958ms)
✔ verificationPlan: rdd unknown, passive risk -> structural readback only, no verifier, no tests (0.1306ms)
✔ verificationPlan: rdd unknown, medium risk -> independent verifier only for a small writer profile (0.1123ms)
✔ verificationPlan: rdd unknown, high or unassessable risk -> writer self-verification plus independent verifier, always (0.1906ms)
✔ verificationPlan: an unknown rdd line never lowers a tier relative to off (0.3541ms)
✔ verificationPlan: reason is a non-empty distinctive string for every branch (0.5056ms)
✔ isSmallWriterProfile: true when the resolved effort is low (0.371ms)
✔ isSmallWriterProfile: true when the resolved model id carries mini as a whole token, case-insensitively (0.4141ms)
✔ isSmallWriterProfile: false for a model id where mini is only a bare substring (gemini) (0.4042ms)
✔ isSmallWriterProfile: false for a large model with medium/high effort (0.2573ms)
✔ isSmallWriterProfile: true (fail closed) when the profile is undefined, empty, or carries only an unrecognized effort with no model id (0.378ms)
✔ isSmallWriterProfile: false when effort alone is known and not low, even without a model id (0.2988ms)
✔ resolveWriterProfile maps the predicate to the small/large verificationPlan input (0.2477ms)
✔ resolveWriterProfile: an unknown or omitted profile fails closed to small, never large (0.1136ms)
✔ gentle_review assess: an older binary without the assess verb fails closed to high (170.4843ms)
✔ gentle_review assess: a rejected assess call fails closed to high, and RDD status read failure fails closed to unknown (149.7936ms)
✔ gentle_review assess: a successful native assessment is reflected directly in the returned plan (175.0786ms)
✔ gentle_review assess: baseRef without committedOnly is rejected (144.5749ms)
✔ gentle_review assess: writerModelId/writerEffort in input select the writer profile, and an omitted profile fails closed to small (562.7994ms)
✔ gentle_review assess: an explicit nativeReviewOutcome:"declined" input falls back to the risk-gated plan even when RDD is on (gentle-pi#668) (140.1541ms)
✔ gentle_review assess: an unrecognized nativeReviewOutcome value is rejected (143.9129ms)
✖ gentle_review assess: derivation is bound to the exact candidate recorded, closed can only ever be passed explicitly (gentle-pi#668 correction) (301.4707ms)
✔ gentle_review assess never requires a lineageId (unlike most other operations) (155.8734ms)
✔ native assess: decodes a well-formed envelope and sends the exact plain-versioned argv (43.5742ms)
✔ native assess: passes baseRef/committedOnly through as --base-ref and --committed-only (5.2701ms)
✔ native assess: baseRef requires explicit committedOnly acknowledgement (0.6485ms)
✔ native assess: a non-zero exit (an older binary reporting an unknown command) fails closed with a native error, never a synthesized result (6.0413ms)
✔ native assess: a wrong schema or unrecognized risk value fails closed as schema-incompatible (2.1817ms)
✔ generated adapter goldens remain explicit and do not hide ordinary tests or fixtures (2.4673ms)
✔ risk classification freezes deterministic low, medium, and high routes (5.468ms)
✔ binary-only and mode-only candidates keep zero authored lines but require a lens (1.0441ms)
✔ correction budget rounds up and caps at two hundred authored lines (1.1666ms)
✔ host UI preserves the complete provider envelope and adds a separately owned third action (6.8478ms)
✔ the real Pi Text primitive bounds every consent line at narrow terminal widths (32.1591ms)
✔ selection maps only exact displayed actions and cancellation or UI failure stays unresolved (17.9188ms)
✔ non-TUI selection preserves the existing action and cancellation mapping (1.2917ms)
✔ a validated intended-untracked selection may use the host third action only for its selected repository (529393.4472ms)
✔ standing permission replays an explicit sibling-worktree consent against its binding-owned workspace root (92434.6425ms)
✔ provider grant and decline remain candidate-only and cancellation stores nothing (237166.7546ms)
✔ explicit revocation ends the host grant without changing provider mode or authority (183212.2331ms)
✔ reload shutdown preserves the grant, while nonreload shutdown revokes it (272765.3302ms)
✔ successful decoded native START action variants remain eligible for a host grant (654945.1056ms)
✔ blocked-scope-action never persists host permission (130698.7271ms)
✔ a stale consent result with contextual native status never arms host permission (158343.5096ms)
✔ a failed consent invocation never arms host permission (128340.628ms)
✔ headless, child, and changed post-UI identity never use host permission (130253.8103ms)
✔ standing permission never replays provider v2 or non-Pi v3 consents (146976.1292ms)
✔ a child never asks its broker to replay provider v2 or non-Pi v3 consents (82299.359ms)
✔ child permission transport survives reload shutdown but closes on terminal session shutdown (222.7048ms)
✔ a package-owned child replays its exact pending ordinary grant from a sibling Git worktree only while its parent session remains authorized (143120.6489ms)
✖ the production child fd3 client gets grant, revocation, closure, denial, and request bounds from its parent broker (10241.019ms)
✖ fresh Jiti moduleCache:false reloads share fd3 structurally and reject stale terminal callbacks (25263.165ms)
✔ an incompatible process registry fails closed rather than replacing ownership (0.987ms)
✔ a package-owned child receives one parent-session authorization only after the parent checks its live task (2.2976ms)
✔ the parent bounds each child channel before an untrusted request stream can keep asking (0.9229ms)
✔ a broken, timed-out, or malformed parent-owned channel fails closed (5.478ms)
✔ the authorization wire carries no candidate data or provider consent vectors (1.6478ms)
✔ a child disconnect during a pending parent response cannot crash the broker process (50.5795ms)
✔ actual Pi SDK loader preserves permission only across reload and disposes it on replacement lifecycles (3146.7487ms)
✔ a fresh Node process has no standing permission registry authority (790.321ms)
✔ standing permission is process-memory-only and bound to one live manager, session, and Git common directory (1888.976ms)
✔ review session Git identity lookups hide every Windows child process (408.5204ms)
✔ headless, child, empty-session, and non-Git contexts cannot offer or consume standing permission (731.8792ms)
✔ revocation advances an epoch that prevents an older awaited UI from re-granting (622.1664ms)
✔ session revocation removes only the exact manager and session partition (771.3599ms)
✔ an incompatible Symbol.for registry fails closed instead of being replaced (694.5755ms)
✖ complete snapshot captures the repository root from a nested cwd without mutating index or worktree (1418.9269ms)
✔ ephemeral live candidate binding derives the complete candidate without retaining a snapshot (1259.2172ms)
✔ intended-commit projection binds its resolved tree while complete snapshot retains later scope (1679.5451ms)
✔ snapshot derives its ordinary route and selected lenses from the captured diff (1022.8956ms)
✔ generated testdata goldens stay in snapshot identity but not authored risk lines (1155.6401ms)
✔ explicit Judgment Day captures non-trivial scope without ordinary classification (1084.7428ms)
✔ isolated snapshot objects survive live Git GC until explicit sensitive-object cleanup (1867.047ms)
✔ snapshot rejects unsupported and unresolved projections without changing the real index (1601.3573ms)
✔ ordinary snapshots bind canonical genesis paths (1080.8871ms)
warning: in the working copy of 'fixture.ts', LF will be replaced by CRLF the next time Git touches it
warning: in the working copy of 'fixture.ts', LF will be replaced by CRLF the next time Git touches it
warning: in the working copy of 'fixture.ts', LF will be replaced by CRLF the next time Git touches it
warning: in the working copy of 'fixture.ts', LF will be replaced by CRLF the next time Git touches it
warning: in the working copy of 'fixture.ts', LF will be replaced by CRLF the next time Git touches it
warning: in the working copy of 'release.ts', LF will be replaced by CRLF the next time Git touches it
✔ canonical frozen rows are ID-sorted and tampering invalidates their hash (29.0984ms)
✔ receipt envelope hashes only its canonical body and binds exact projection (4.8599ms)
✔ journaled operation replay survives restart and rejects key reuse with a changed request (2324.4677ms)
✔ lineage start is journaled and duplicate graph creation fails closed across restart (2339.9559ms)
✔ pending reducer work is crash-completable and exact completion replay is stable (3002.972ms)
✔ graph publication faults preserve the prior authoritative revision (2289.6496ms)
✔ store exposes only reducer-bound authority transitions (1167.7433ms)
✔ repository authority fails closed until Git has stable root commit anchors (400.5162ms)
✔ ordinary follow-ups are ID-sorted action-free validation evidence and do not change lifecycle authority (2.5947ms)
✔ new ordinary lineages fail closed when immutable genesis paths are absent (0.8723ms)
✖ tag PUSH CREATE accepts an annotated tag for an approved commit advertised by the bound destination (8247.2617ms)
✔ routing constants expose stable runtime values (3.7017ms)
✔ objectively trivial documentation diff requests zero lenses (1.9631ms)
✔ objectively trivial hot-path documentation remains trivial (0.4041ms)
✔ incomplete evidence fails conservatively to one standard lens (0.333ms)
✔ executable ambiguity fails conservatively to one standard lens (0.2155ms)
✔ configuration ambiguity fails conservatively to one standard lens (0.2051ms)
✔ standard routing selects exactly one dominant lens by fixed precedence (0.4011ms)
✔ 399 ordinary changed lines remain standard (0.2685ms)
✔ 400 ordinary changed lines remain standard (0.3613ms)
✔ 401 ordinary changed lines route to full 4R in stable order (0.4784ms)
✔ non-trivial hot path routes to full 4R regardless of size (0.416ms)
✔ pre-commit cannot classify outside ordinary transaction start (0.9666ms)
✔ pre-push cannot classify outside ordinary transaction start (0.3248ms)
✔ pre-pr cannot classify outside ordinary transaction start (0.1683ms)
✔ on-ci cannot classify outside ordinary transaction start (0.1383ms)
✔ on-schedule cannot classify outside ordinary transaction start (0.1171ms)
✔ runtime evidence proves documentation-only changes trivial (5.4836ms)
✔ runtime evidence treats executable and configuration content as unproven (0.3777ms)
✔ documentation-like executable and configuration paths remain non-trivial (0.3807ms)
✔ runtime evidence identifies hot paths and dominant-risk signals (0.202ms)
✔ sensitive configuration basenames select the risk lens at pre-commit (0.316ms)
✔ ordinary files containing sensitive-looking substrings do not select risk (0.4302ms)
✔ incomplete runtime collection remains standard instead of trivial (0.3338ms)
✔ incomplete triviality evidence cannot suppress a known 401-line full route (0.321ms)
✔ stable full-lens order is independent of standard-risk signals (0.2604ms)
✔ runtime collection keeps a large documentation-only hot-path edit trivial (0.2175ms)
(node:9640) ExperimentalWarning: stripTypeScriptTypes is an experimental feature and might change at any time
(Use `node --trace-warnings ...` to show where the warning was created)
✔ installed package definitions retain classification after the actual routing transform (41.665ms)
✔ packaged sdd-proposal is encoded only as canonical sdd-propose (6.281ms)
✔ schema-approved packaged names survive customization without exposing private names (3.8007ms)
✔ launch distribution and each observed combination remain independent and privacy-filtered (4.0425ms)
✔ registered child launch identity survives catalog state and missing response evidence inherits selection (2.245ms)
✔ dedupe reserves before async policy, rejects old sessions, and survives aggregate clearing (41.2314ms)
✔ response capacity retains launch ranking and reports excluded responses without eviction (27.8067ms)
✔ malformed and oversized events are rejected without reserving IDs (0.7157ms)
✔ callback returns before a blocked attempt; busy events are never queued (12.2187ms)
✔ failure is silent and the next fresh event may attempt without cooldown (1.3904ms)
✔ replacement cancels an unstarted attempt without stale execution (1.1524ms)
✔ shutdown aborts immediately but cannot overlap an unsettled process (1.4809ms)
✔ bounded shutdown join waits for the accepted attempt without replaying busy work (1.7937ms)
✔ bounded shutdown join returns after its deadline (14.9699ms)
✔ a generic open-weight selection reaches the wire by name; no catalog probe or gate (16.1335ms)
✔ an ambiguous turn with no captured selection still reports the observed model, as selected evidence (2.2557ms)
✔ final callback returns before blocked transport; busy and duplicate messages drop (2.9159ms)
✔ replacement before launch cancels stale work; shutdown does not await a blocked child (2.1818ms)
✔ print shutdown joins an accepted orchestrator delivery before disposing (2.0167ms)
✔ print shutdown joins an accepted child launch and response delivery (3.4174ms)
✔ print shutdown aborts a delivery after the bounded join deadline (15.031ms)
✔ interactive shutdown never joins a blocked delivery (1.5232ms)
✔ opt-out suppresses hooks and launches: DO_NOT_TRACK (1.4533ms)
✔ opt-out suppresses hooks and launches: GENTLE_AI_TELEMETRY (1.2706ms)
✔ opt-out suppresses hooks and launches: CI (0.952ms)
✔ opt-out suppresses hooks and launches: GENTLE_PI_AGENTS_CHILD (0.5259ms)
✔ environment veto between callback and launch discards accepted event (2.2561ms)
✔ tool and partial assistant messages are not consumed as primary usage (0.7101ms)
✔ child completion consumed once, busy children drop, and primary usage stays separate (1.3646ms)
✔ normalizeRuntimeModel: open-weight family on an arbitrary provider stays public (6.1055ms)
✔ normalizeRuntimeModel: a short version suffix without a separator is still public (0.6665ms)
✔ normalizeRuntimeModel: multiple suffix groups without a leading separator are still public (0.2704ms)
✔ normalizeRuntimeModel: only the last '/'-separated id segment is kept (0.3253ms)
✔ normalizeRuntimeModel: a nested provider path in the id is dropped, keeping the outer provider (0.2791ms)
✔ normalizeRuntimeModel: provider and id are lowercased (0.2325ms)
✔ normalizeRuntimeModel: a long dotted/dashed anthropic id stays public (0.2727ms)
✔ normalizeRuntimeModel: an id with no recognized family prefix collapses provider and id to custom (0.1987ms)
✔ normalizeRuntimeModel: a public id with a non-conforming provider is emitted as custom/<id> (0.2639ms)
✔ normalizeRuntimeModel: an id longer than the schema maxLength collapses to custom/custom (0.447ms)
✔ normalizeRuntimeModel: opencode keeps its provider identity even for a private id (0.2456ms)
✔ normalizeRuntimeModel: empty provider and id fail closed to unknown/unknown (0.1858ms)
✔ non-string provider or id fails closed to unknown/unknown (0.3669ms)
✔ whitespace-only provider or id fails closed to unknown/unknown (0.2125ms)
✔ literal unknown/unknown passes through without pattern matching (0.322ms)
✔ literal custom/custom passes through (0.6287ms)
✔ surrounding whitespace is trimmed before matching (0.5367ms)
✔ a pathological 64-character id is rejected in linear time (3.5403ms)
✔ attached run then separated groups stays public (0.32ms)
✔ production encoder emits exact one-shot fixture with source occurrence coverage (7.5286ms)
✔ child launch occurrence retains selection evidence separately from response evidence (1.0164ms)
✔ encoder bounds and invalid coverage discard whole events without splitting (1.952ms)
✔ encoder filters custom identities and never promotes SDK model to response proof (1.133ms)
✔ a public observed model is a fallback evidence tier, behind response and selected (2.0297ms)
✔ every encoded model satisfies the schema's anyOf, by pattern or by sentinel (1.3952ms)
✔ one native stdin send; busy drops without another invocation or policy probe (8.9513ms)
✔ production encoder reaches the fake one-shot child without a test encoding override (1.5315ms)
✔ validated dev override reaches the one-shot child through the production resolver (149.3903ms)
✔ invalid dev overrides fail closed without spawning or falling back (1.8881ms)
✔ opt-out and pre-cancel cause zero encoding, resolution or launch (0.885ms)
✔ cancel kills once and keeps slot occupied until actual close (5.3294ms)
✔ native result discarded never triggers retry (1.3228ms)
✔ native result disabled never triggers retry (0.9728ms)
✔ native result stored never triggers retry (0.8238ms)
✔ native result duplicate never triggers retry (0.6286ms)
✔ native result sent never triggers retry (0.6619ms)
✔ native result private error never triggers retry (0.6761ms)
✔ metrics receiver, attempt gate and send transport have no filesystem persistence surface (1.8557ms)
✔ spawn failure silently discards (1.4138ms)
✔ only strict enabled policy grants; uses bounded policy invocation exclusively (6.1652ms)
✔ missing, old, timed-out and malformed binary responses fail closed without fallback (2.8183ms)
✔ outer deadline releases callers even when an exec adapter never settles (1015.5237ms)
✔ native-compatible environment veto accepts broad truthy spellings (0.9862ms)
✔ selected provider is independent from response provider without relabeling (3.267ms)
✔ open-weight models on arbitrary providers are reported by name, not squashed to a closed enum (1.7029ms)
✔ optional native token fields preserve absence but reject explicit malformed values (0.6631ms)
✔ accounts final responses with explicit zero, missing states and separate durations (1.8158ms)
✔ deduplicates distinct local IDs without retaining them in snapshots (0.8656ms)
✔ effort selections and absence states remain distinct (0.829ms)
✔ only closed dimensions survive; no prompt-based executor inference (0.6792ms)
✔ rejects malformed numbers and ambiguous measurement states atomically (0.5356ms)
✔ rejects streaming, malformed records, identifiers and free-text errors (0.7132ms)
✔ host identity stays separate from role and rejects invented model dimensions (0.6976ms)
✔ hard response and numeric ceilings keep aggregate totals bounded (11.0857ms)
✔ capacity rejection keeps dedupe and accounting intact without eviction (1.5674ms)
✔ SDD package agents declare role-appropriate tools as YAML arrays (7.8477ms)
✔ artifact-producing SDD agents can persist OpenSpec files while status remains read-only (2.6062ms)
✔ research instructions require executed evidence rather than blanket denial (1.4375ms)
✔ project does not ship local SDD agent overrides (0.7876ms)
✔ generic non-SDD agents declare exact role tool allowlists (3.9597ms)
✔ sdd-verify phase text carries the verify-result envelope and validate-before-persist rule (1.1175ms)
✔ the retired Pi adversarial role agents are not packaged (0.5176ms)
✔ assets/support/sdd-status-contract.md: native v2 status remains read-only and authoritative (2.8264ms)
✔ assets/sdd-orchestrator-workflow.md: native v2 status remains read-only and authoritative (1.017ms)
✔ assets/agents/sdd-status.md: native v2 status remains read-only and authoritative (0.3844ms)
✔ assets/agents/sdd-verify.md: native v2 status remains read-only and authoritative (0.3196ms)
✔ assets/agents/sdd-archive.md: native v2 status remains read-only and authoritative (0.3685ms)
✔ workflow preserves explicit continuation and the manual sync resolver (2.0186ms)
✔ remediation evidence requires every exact planned command and rollback observation (4.0804ms)
✔ remediation refuses nonzero without parsing prose (2.2892ms)
✔ remediation refuses null without parsing prose (0.6211ms)
✔ remediation refuses cwd without parsing prose (0.5145ms)
✔ remediation refuses id without parsing prose (0.5583ms)
✔ remediation refuses truncated without parsing prose (0.5116ms)
✔ remediation refuses unmatched without parsing prose (0.3738ms)
✔ remediation plan is bounded and cannot select another working directory (1.5992ms)
✔ remediation shell captures numeric exit, preserves stock errors and executes once (3507.2177ms)
✔ remediation owner and packaged actor are installed through existing ownership (1.6466ms)
✔ native remediation admission refuses unsupported owner before acquire (1.6616ms)
✖ admitted remediation retains exact settlement before one lost-reply replay (9.6342ms)
✖ native blocked refuses without settlement (3.0939ms)
✖ native complete refuses without settlement (1.9542ms)
✖ terminal failed settles without passing evidence and retains exact untracked scope (2.0485ms)
✖ terminal cancelled settles without passing evidence and retains exact untracked scope (1.5131ms)
✖ terminal timed_out settles without passing evidence and retains exact untracked scope (1.257ms)
✖ failure to retain settlement never mutates native; two lost replies retain uncertainty (1.5239ms)
✔ runtime harness requires its own observed command; malformed content cannot pass (1.0795ms)
✔ stock local shell wrapper observes real exit zero and preserves cancellation (969.2357ms)
✔ nonzero observed exits remain concrete failure evidence (0.577ms)
✔ history pruning retains admitted unsettled and uncertain task payloads (30.4207ms)
✔ selected actor instructions must match the managed owner before acquisition (2.0011ms)
✖ settlement is single-finalization and cannot pass drifted failed-evidence identity (1.6679ms)
✖ native refusal or uncertain settlement is not a completed managed correction (1.8603ms)
✖ a received blocked settlement names the block; a lost settlement reply retains unresolved history (1.8797ms)
✔ remediationUnresolved treats a received settlement as terminal, regardless of state, unless uncertain (0.3729ms)
✔ remediation actor preserves separately authorized memory artifact tools (0.8388ms)
✖ managed parent admission continues an explicitly retained token without a new acquire (1.5935ms)
✔ R3-duplicate-command-evidence requires a distinct execution for every indexed slot (1.7143ms)
✖ R1 confirms exact canonical paths and commands; data, denial and symlinks grant nothing (19.0233ms)
✖ R3/R4 acquire request is durable before mutation and token before actor admission (1.691ms)
✖ R3/R4 acquire persistence failure refuses before native mutation (1.8386ms)
✔ R1 denial/headless/cancellation gives zero acquisition and durable mutation (6.976ms)
✔ R1 child invokes only the exact confirmed command/cwd/count with distinct call IDs (5.2075ms)
✖ R3/R4 known non-mutating acquire failures retain retryable blocked history while ambiguity remains unresolved (5.3293ms)
✔ remediation actor explains one-launch human authority and indexed command evidence (1.3165ms)
﹣ installed AI producer → fixed Pi extensions → managed child input and tools (1.7683ms) # SKIP
✔ assets/sdd-orchestrator-workflow.md: native planning tokens are the only automatic routes (2.211ms)
✔ assets/sdd-orchestrator-workflow.md: planning preserves native blocker and edit-root guards (0.3802ms)
✔ assets/support/sdd-status-contract.md: native planning tokens are the only automatic routes (0.249ms)
✔ assets/support/sdd-status-contract.md: planning preserves native blocker and edit-root guards (0.2641ms)
✔ workflow and support contract agree on bounded planning routing (0.3876ms)
✔ production callers distinguish first-session confirmation from explicit field editing (9.7564ms)
✔ capability-constrained artifact selector elision (15.1042ms)
✔ headless defaults stay silent while UI confirms defaults (4.9218ms)
✔ disk preferences are suggestions and resolved choices are reused only in session (9.6107ms)
✔ no-callback preflight fallback installs only SDD-owned assets (46.1138ms)
✔ managed asset replacements use exclusive same-directory temporary files (0.963ms)
✔ managed ownership update waits for installer lock and atomically updates the file and manifest (717.949ms)
✔ managed ownership update exposes lock timeout without writing a partial routed file (40.5047ms)
✔ cross-process owner installations preserve both managed manifest entries (821.5512ms)
✔ installer preserves foreign, malformed, and unsafe lock paths (27.9917ms)
✔ RPC children cannot promote or persist headless defaults (2.9882ms)
✔ explicit field editing cannot open RPC or no-UI dialogs (2.55ms)
✔ cancelled confirmation cannot become current-session consent (1.5686ms)
✔ explicit UI selections override defaults when a field is genuinely unresolved (2.5859ms)
✔ legacy persisted strategies normalize to canonical values (14.4391ms)
✔ exception-ok requires narrow delivery-gate provenance (6.7618ms)
✔ sddPreflightDiskPath returns project-local .pi/gentle-ai/sdd-preflight.json (1.7616ms)
✔ writeSddPreflightToDisk creates parent dirs and writes valid JSON (3.2686ms)
✔ readSddPreflightFromDisk returns undefined when no file exists (1.0731ms)
✔ readSddPreflightFromDisk returns persisted prefs after write (3.0306ms)
✔ persisted preferences require fresh session confirmation (3.3991ms)
✔ readSddPreflightFromDisk returns undefined for corrupt JSON (3.0768ms)
✔ readSddPreflightFromDisk returns undefined for JSON with invalid fields (4.2571ms)
✔ readSddPreflightFromDisk normalizes unknown chainedPrStrategy to ask-on-risk (3.5684ms)
✔ writeSddPreflightToDisk is non-fatal when directory is not writable (no throw) (1.6193ms)
✔ forced asset refresh migrates the exact v0.10.7 malformed sdd-apply asset and preserves user edits (150.2494ms)
✔ forced asset refresh migrates only untouched v0.14 package contracts and preserves user edits (51.8474ms)
✔ a persisted legacy 'both' artifact store loads as hybrid (2.5666ms)
✔ a persisted canonical 'hybrid' artifact store loads unchanged (1.8427ms)
✔ the shared shipped SDD inventory includes every executor, including remediation (0.2348ms)
✔ only a structurally valid parent-rendered preflight block can reach an SDD child (2.2319ms)
✔ affirmative natural-language SDD requests trigger preflight without matching a finite phrase list (3.4171ms)
✔ slash SDD preflight trigger accepts the gentle-sdd command prefix (0.354ms)
✔ approved active external tools reach the actual child CLI allowlist (4.0924ms)
✔ class-specific grants remain exact when both classes are explicitly selected (3.2792ms)
✔ open-web requires all four canonical tools, each active and unrestricted (2.0168ms)
✔ restrictions, inactive tools and unknown tools never become grants (0.8204ms)
✔ documentation can run independently of unavailable open-web search (0.3794ms)
✔ SDK-only tools and unavailable inventory fail closed (0.5305ms)
✔ selected documentation never inherits available open-web routes or arbitrary extensions (0.6481ms)
✔ selected grants refuse missing, inactive, SDK, restricted and unknown routes without removing local authorization (2.0989ms)
✔ artifact intent narrows exact paths and topics without granting tools or replacement scope (29.9371ms)
✔ only actual exact OpenSpec bytes and Engram metadata satisfy readback identity (5.7392ms)
✔ R4 research write crash reload requires durable desired identity and actual backend readback (3938.169ms)
✔ R4 corrupted or broadened durable research scope is not a restart grant (17.8772ms)
✔ research actor explains crash readback without store substitution or replay (0.6172ms)
﹣ LIVE installed web tools execute through the candidate research runner (1.7164ms) # opt in with GENTLE_PI_LIVE_RESEARCH_TEST=1; no live execution performed
✔ remediation read tools are limited to canonical relative paths inside the confirmed worktree (213.0167ms)
✔ selected SDD change snapshots at task construction and reaches child startup in a multi-change workspace (30.5801ms)
✔ selected native v2 archive authority is injected whole and never falls back to the local resolver (9.3871ms)
✔ selected native v2 failures fail closed without consulting the local resolver (46.9983ms)
✔ a native verify evidence-refresh route starts under its own blocker while every other phase stays closed (11.7535ms)
✔ a throwing SDD selection flag reader fails closed without resolving an unselected status (8.0879ms)
✔ selected SDD startup fails closed for malformed identity, root, phase, symlink, and resolver errors (11.0664ms)
▶ before_agent_start resolves the unnamed packaged executor and renders native v2 selection
  ✔ contradictory names (0.7732ms)
  ✔ contradictory named phase (0.4575ms)
  ✔ unknown explicit name (1.0999ms)
  ✔ ambiguous executor body (0.5234ms)
  ✔ unknown executor body (6.2886ms)
✔ before_agent_start resolves the unnamed packaged executor and renders native v2 selection (47.4807ms)
﹣ producer v2 preservation: selected status is read-only and retains all seven dependencies (0.142ms) # SKIP
✔ status command renders native facts without confirmation, mutation, or phase launch (8.8716ms)
✔ only exact marker confirmation permits continuation, never source authority or launch (9.5679ms)
✔ read-only, excluded-marker, cancellation and headless scope suppress every mutation (10.3021ms)
✔ malformed recommendation and misleading prose refuse before continuation or phase launch (7.7888ms)
✔ continuation rejects workspace mismatch and missing UI; marker-only confirmation grants no roots (9.374ms)
✔ managed apply guidance refuses local reconstruction and preserves native authority (0.9611ms)
✔ unsafe planning context and marker symlink refuse before mutation (12.104ms)
✔ typed remediation selection preserves native failed evidence and refuses stale binding (6.1668ms)
✔ planning recommendations are executable tokens with separate diagnostics (25.5975ms)
✔ partial planning artifacts route to their repair phase (40.0913ms)
✔ unresolved change selection returns blocked rather than diagnostic prose (14.3789ms)
✔ listActiveOpenSpecChanges excludes archive and sorts active changes (5.9932ms)
✔ resolveSddStatus blocks when there are no active changes (3.3336ms)
✔ resolveSddStatus blocks when change selection is ambiguous (3.8232ms)
✔ resolveSddStatus selects the only active change and counts task progress (9.6329ms)
✔ resolveSddStatus routes completed implementation through archive without RDD authority (14.404ms)
✔ resolveSddStatus ignores legacy parent review actions after implementation (11.2275ms)
✔ resolveSddStatus treats malformed ownership as unresolved implementation work (11.6062ms)
✔ resolveSddStatus routes completed legacy implementation directly to verify (12.2838ms)
✔ resolveSddStatus blocks sync when verify report is not clearly passing (15.3678ms)
✔ resolveSddStatus rejects negated pass and sync-complete phrases (13.565ms)
✔ resolveSddStatus blocks sync when verify report contains critical text (9.5761ms)
✔ resolveSddStatus reports same-domain collisions (11.2932ms)
✔ resolveSddStatus blocks apply when tasks has no checkboxes (9.8725ms)
✔ resolveSddStatus marks legacy flat specs partial and blocks sync (8.0248ms)
✔ resolveSddStatus accepts nested domain specs even when a legacy flat spec also exists (10.4557ms)
✔ resolveSddStatus blocks sync when core artifacts are missing even with clean verify (8.0381ms)
✔ resolveSddStatus blocks stale sync report when current verify is not passing (13.2345ms)
✔ resolveSddStatus blocks archive when required artifacts are missing (8.8828ms)
✔ resolveSddStatus reports partial core artifacts as blockers (12.91ms)
✔ resolveSddStatus marks archive ready only after clean verify, sync, and complete tasks (20.8577ms)
✔ renderSddStatusMarkdown includes structured JSON (6.2468ms)
✔ resolveSddStatus with artifactStore engram returns non-authoritative status without disk scan (1.0658ms)
✔ resolveSddStatus with artifactStore none returns non-authoritative status without disk scan (0.8464ms)
✔ resolveSddStatus with artifactStore hybrid uses disk scan and reflects store (7.094ms)
✔ resolveSddStatus with undefined store and existing openspec dir defaults to openspec and blocks (2.8114ms)
✔ resolveSddStatus with undefined store and NO openspec dir returns non-authoritative status (1.1745ms)
✔ resolveSddStatus non-authoritative status has neutral planningHome (no misleading openspec path) (1.9455ms)
✔ parseSddStatusCommandArgs extracts change and json flag (0.653ms)
✔ resolveSddStatus with artifactStore hybrid and NO openspec dir returns non-authoritative status (2.4915ms)
✔ resolveSddStatus with artifactStore hybrid and existing openspec dir runs authoritative disk scan (9.2984ms)
✔ isNonAuthoritativeStatus reads typed isNonAuthoritative field and matches resolve-via-engram sentinel (8.5212ms)
✔ isNonAuthoritative boolean field is set correctly across all store/disk combinations (10.302ms)
✔ resolveSddStatus with artifactStore hybrid, openspec dir present but change not on disk returns non-authoritative (2.0631ms)
✔ resolveSddStatus with artifactStore hybrid, openspec dir present and change on disk is authoritative (9.1593ms)
✔ resolveSddStatus with artifactStore openspec and change not found still blocks (4.2138ms)
✔ renderSddDispatcherMarkdown for both-without-openspec does NOT render Ready (1.932ms)
✔ renderNativeSddPhasePrompt for both-without-openspec emits non-authoritative line (1.8103ms)
✔ renderPhaseInstructions for not_applicable applyState emits neutral line (1.2624ms)
✔ resolveSddStatus hybrid + openspec/ dir + zero active changes + no changeName returns non-authoritative (2.681ms)
✔ resolveSddStatus hybrid + openspec/ dir + multiple active changes + no changeName stays authoritative (3.2213ms)
✔ resolveSddStatus hybrid + openspec/ dir + exactly one active change is authoritative (8.7823ms)
✔ resolveSddStatus openspec + zero active changes still blocks (2.7159ms)
✔ resolveSddStatus openspec + named change missing still blocks (2.7824ms)
✔ resolveSddStatus projects archived terminal state when the change lives in the archive (4.5101ms)
✔ resolveSddStatus archived projection prefers the newest archive date (4.718ms)
✔ resolveSddStatus still blocks a change that never existed and has no archive entry (4.042ms)
✔ resolveSddStatus archive matching requires the exact change-name suffix (3.9427ms)
✔ renderSddDispatcherMarkdown for non-authoritative both status shows artifact store 'both' (1.3225ms)
✔ canonical roots include cwd, dedupe aliases immediately and reject unrelated clones (2935.7447ms)
✔ restore reads the whole session tree, resumes the same id, and ignores new/fork/clone ids (5154.5083ms)
✔ durable append works without a shell listener and independent registries do not double append (2444.3566ms)
✔ restoration validates entries and hides missing roots without deleting their registrations (2003.0165ms)
✔ Git child environment removes routing and config overrides without mutating its source (0.8877ms)
✔ session startup identity lookup hides its direct Git children (721.7129ms)
✔ only standard path-bearing calls have registration candidates; shell and prose never do (0.6319ms)
✔ renderGauge fills cells proportionally to the percentage (3.6223ms)
✔ gaugeTone turns to warning at 80% and error at 95% (0.4968ms)
✔ formatTokens and formatCost keep the bar compact (1.5332ms)
✔ renderShellBar renders one line with the segments in order (39.7251ms)
✔ renderShellBar colors the brand, model, effort, and gauge by role (3.3029ms)
✔ renderShellBar shows the branch as dirty-neutral and omits it outside git (0.7718ms)
✔ renderShellBar shows the session dirty count next to the branch (1.4058ms)
✔ renderShellBar adds the subscription windows after the cost when usage is known (1.2331ms)
✔ renderShellBar shows an unknown context as a question mark after compaction (0.5767ms)
✔ renderShellBar right-aligns the session name when it fits (0.6371ms)
✔ renderShellBar appends extension statuses as trailing segments (0.9201ms)
✔ renderShellBar repaints extension statuses in the bar role, discarding colors the extension embedded (1.1007ms)
✔ renderShellBar compacts the path and branch before it sacrifices an extension status (1.0956ms)
✔ renderShellBar drops the session name, then trailing segments, before truncating (0.7393ms)
✔ shellEnabled stays off inside a Gentle Agents child (0.1738ms)
✔ shellEnabled honors GENTLE_PI_SHELL=0 (0.1534ms)
✔ renderCard draws the rounded frame with the title in the top rule and wraps the body inside (54.032ms)
✔ renderCard collapses to the frame and the first body line with an expand hint (2.9816ms)
✔ renderCard keeps the rail and its corners in the tone and the rest of the frame in the border color (1.9334ms)
✔ renderCard places a hint at the right end of the top rule without background fill (0.8538ms)
✔ cards remain transparent across content resets and narrow widths (3.6405ms)
✔ renderCard accepts a custom glyph and an empty body (0.615ms)
✔ renderCard keeps the top rule at width with a two-cell glyph (2.3926ms)
✔ renderCard drops the hint before truncating title content (0.9406ms)
✔ renderCard truncates ANSI-styled title content at display width (3.0915ms)
✔ renderCard never exceeds extremely narrow supplied widths (19.0119ms)
✔ worktree accordion keeps groups and nested files beside a framed lazy diff (81.0885ms)
✔ worktree accordion selects a clicked file without opening its editor (6.7283ms)
✔ worktree accordion receives native fullscreen press and release as a file click (12.2811ms)
✔ worktree pointer regions scroll independently and expire on refresh or dispose (8.562ms)
✔ file-list pointer capture is limited to an active left gesture in both views (4.673ms)
✔ an outside release clears an active left gesture in both views (1.7061ms)
✔ a stale-layout release clears an active left gesture in both views (2.3841ms)
✔ non-left gestures pass through with current, stale, and missing layouts in both views (4.8488ms)
✔ right press reaches the native Windows paste fallback when eligible (5.8934ms)
✔ worktree list keeps selection visible, preserves root across reorder and refreshes from either level (16.5619ms)
✔ worktree labels remove terminal controls without changing diff or editor roots (7.5326ms)
✔ accordion refresh preserves expanded roots and selected file; left returns to parent then collapses (7.5416ms)
✔ accordion selection scrolls flattened rows and diff scrolling does not open the editor (9.1783ms)
✔ both file lists render modified with colored signed counts (31.6185ms)
✔ both file lists render added with colored signed counts (22.384ms)
✔ both file lists render deleted with colored signed counts (28.1335ms)
✔ both file lists render renamed with colored signed counts (26.4682ms)
✔ both file lists render untracked with colored signed counts (29.8645ms)
✔ colorDiff drops git headers and colors hunks, additions, and removals by role (0.3489ms)
✔ ChangesView renders a framed two-pane layout at the requested size (12.6542ms)
✔ ChangesView loads the selected diff lazily and moves with j/k and arrows (10.0041ms)
✔ ChangesView scrolls the diff pane and shows an empty state for files without a diff (8.7932ms)
✔ ChangesView opens the selected file and closes on escape or q (14.3996ms)
✔ ChangesView click selects a file without opening it (16.5375ms)
✔ ChangesView receives native fullscreen press and release as a click (5.1708ms)
✔ ChangesView rebuilds pointer geometry when its overlay height changes (3.6017ms)
✔ ChangesView scrolls the file list and diff independently, ignores hover, and clears stale pointer layouts (8.242ms)
✔ ChangesView keeps keyboard selection visible after file-list scrolling (3.6338ms)
✔ ChangesView.update keeps the selected file, reloads moved diffs, and survives an empty tree (40.9206ms)
✔ parseNumstat reads counts, treats binaries as zero, and resolves rename braces (2.3209ms)
✔ parsePorcelain reads NUL-separated status entries including renames and untracked files (0.627ms)
✔ snapshotChanges merges status with counts and keeps untracked files without counts (0.3755ms)
✔ changesModel sorts files by path and totals the counts (1.4984ms)
✔ changesSummary and the widget describe the session at a glance (41.39ms)
✔ renderChangesWidget colors counts by direction and yields nothing when clean (0.9485ms)
✔ renderChangesWidget drops the file list before truncating on narrow terminals (1.6819ms)
✔ ChangesTracker reads the working tree on start and again on refresh (1.5482ms)
✔ ChangesTracker stays quiet outside a git repository (0.5765ms)
✔ ChangesTracker coalesces overlapping refreshes into at most one extra round (14.8179ms)
✔ registered roots hide clean and missing worktrees while metadata never admits bare or prunable siblings (3.441ms)
✔ only registered worktrees are scanned, with whole preexisting and untracked contents (1.2895ms)
✔ worktree refresh shares one scan so polling faster than discovery cannot prolong it (0.5506ms)
✔ registration during an in-flight status scan is included before refresh resolves (0.745ms)
✔ worktree porcelain preserves unusual directory names and detached fallback (0.3495ms)
✔ registered roots remain scannable during metadata discovery failure (0.6238ms)
✔ isolated Git worktrees include preexisting dirty files only after root registration (3036.8145ms)
✔ untracked-only unborn roots remain visible without a HEAD diff (0.7536ms)
✔ ChangesTracker counts the lines of untracked files, which git numstat leaves out (0.4892ms)
✔ framePromptLines sets the petal in bold when the theme offers it (43.6161ms)
✔ framePromptLines draws rounded corners, side rules, and keeps every line at width (9.0282ms)
✔ framePromptLines paints the frame with the editor border color and the petal with the state tone (0.9152ms)
✔ petalTone rests bright, walks the rose ramp while working, and turns to warning when queued (2.1242ms)
✔ petalGlyph spins through the flowers while working and rests otherwise (0.5801ms)
✔ framePromptLines spins the petal and labels the working and queued states (2.0327ms)
✔ framePromptLines keeps the editor scroll indicators inside the frame (1.2917ms)
✔ withPromptHint places a dim hint after the cursor on an empty editor line (0.8572ms)
✔ withPromptHint leaves the line alone when the hint does not fit (0.8386ms)
✔ working prompt stays transparent at narrow and normal widths (4.4328ms)
✔ transparent prompt preserves pi's cursor reset (0.5562ms)
✔ sidebar heading is only the centered literal product label (56.5751ms)
✔ heading uses the current theme on every render (0.3253ms)
✔ grouped Status preserves structured fields and opaque integration text (45.0269ms)
✔ scrollable TODO keeps every task while bottom and collapsed cards stay bounded (26.7848ms)
✔ installation on a missing-terminal host is a harmless no-op (1.022ms)
✔ only fullscreen at 140 columns activates; shrinking restores bottom paint (12.8506ms)
✔ rail orders Status, changes, agents, TODO independent of registration order (2.7106ms)
✔ branding belongs to scroll content before Status, never transcript or narrow bottom (2.9522ms)
✔ wheel scrolls the rail and is consumed at both boundaries and blank space (3.6723ms)
✔ rail dispatches a clipped, scroll-translated left click to only the matching sidebar part (6.8313ms)
✔ rail rejects removed or replaced parts before cached geometry is prepared again (2.1638ms)
✔ real layout frames reuse unchanged sidebar output and invalidate at state and breakpoint boundaries (51.8883ms)
✔ a rail digest refreshes live state that no invalidation announces (12.1923ms)
✔ reuses final sidebar presentation until a relevant invalidation (1.1384ms)
✔ cleanup restores the native layout and bottom paint without disposing widgets (0.3022ms)
✔ unsupported roots, empty rails and overflowing parts leave native layout intact (0.8334ms)
✔ unsupported hosts retain the original bottom widget and disposal (4.2643ms)
✔ terminal state survives host replacement without leaking across terminals (0.5956ms)
✔ bottom paint is suppressed only while the sidebar owns the host (0.5283ms)
✔ disposing an old part preserves its replacement and releases its bottom (0.5485ms)
✔ applyTodo write replaces the list, assigns ids, defaults to pending, and records the turn (7.8621ms)
✔ applyTodo write keeps ids the model passes back and drops the rest (0.6783ms)
✔ applyTodo add, update, and clear mutate one task at a time and validate ids (0.9329ms)
✔ applyTodo accepts completed as an alias of done, rejects unknown statuses, and sanitizes text (0.4462ms)
✔ applyTodo list reports the state without changing it (0.5019ms)
✔ todoSummary and staleTurns describe progress and how long the list went untouched (0.4252ms)
✔ replayTodo rebuilds the latest state from Gentle and rpiv tool results alike (1.2876ms)
✔ todoPromptBlock lists open work with the rules, and stays silent when there is nothing open (0.6993ms)
✔ renderTodoCard draws the framed list with status glyphs and keeps every line at width (59.7775ms)
✔ renderTodoCard folds a long list: done tasks become one row and the open ones are capped (3.759ms)
✔ renderTodoCard keeps the configured collapse shortcut in the header while stale state remains visible (2.5391ms)
✔ renderTodoCard keeps English controls visible and falls back to their icons at narrow widths (6.3941ms)
✔ completed titles strike only title cells across wrapped lines, never padding or rails (7.6328ms)
✔ renderTodoCard keeps stale indicators and collapse hints in scrollable lists (7.0502ms)
✔ renderTodoCard uses custom shortcuts, omits disabled shortcuts, and remains width-safe when hints cannot fit (19.3449ms)
✔ UsageView frames the panel, keeps every line at width, and shows the empty state (75.4368ms)
✔ UsageView refetches on r and closes on escape or q (14.239ms)
✔ windowLabel names the common windows and falls back to hours or days (1.9671ms)
✔ formatReset speaks in minutes, hours, or days (0.4226ms)
✔ parseCodexUsage keeps plan, windows, and named limits, and never keeps the email (2.6372ms)
✔ parseCodexUsage tolerates a payload without rate limits (0.3464ms)
✔ parseCodexHeaders reads the SSE rate-limit headers when a provider sends them (0.7555ms)
✔ accountIdFromToken decodes the chatgpt account claim from an OAuth JWT (0.5935ms)
✔ renderUsageBar summarizes the main limit with a gauge and the rest as percentages (1.2688ms)
✔ renderUsagePanel lists each provider with meters, resets, and a stale marker (8.0132ms)
✔ renderUsagePanel puts the active provider first and explains missing data (39.7128ms)
✔ UsageStore keeps the latest snapshot per provider and lists them in order (0.9484ms)
✔ parseAnthropicHeaders turns the unified utilization fractions into 5h and weekly windows (0.7145ms)
✔ parseUsageHeaders picks whichever provider the headers belong to (0.807ms)
✔ skills/branch-pr/SKILL.md frontmatter name is prefixed (2.8016ms)
✔ skills/chained-pr/SKILL.md frontmatter name is prefixed (0.6407ms)
✔ skills/cognitive-doc-design/SKILL.md frontmatter name is prefixed (0.6495ms)
✔ skills/comment-writer/SKILL.md frontmatter name is prefixed (0.4632ms)
✔ skills/issue-creation/SKILL.md frontmatter name is prefixed (0.4992ms)
✔ skills/judgment-day/SKILL.md frontmatter name is prefixed (0.4319ms)
✔ skills/rdd-defect-workflow/SKILL.md frontmatter name is prefixed (0.4342ms)
✔ skills/skill-creator/SKILL.md frontmatter name is prefixed (0.4476ms)
✔ skills/skill-improver/SKILL.md frontmatter name is prefixed (0.4373ms)
✔ skills/skill-registry/SKILL.md frontmatter name is prefixed (0.5559ms)
✔ skills/work-unit-commits/SKILL.md frontmatter name is prefixed (0.3994ms)
✔ technical reference documents legacy skill-name compatibility aliases (1.8922ms)
✔ skills/gentle-ai/SKILL.md frontmatter name carries no gentle-ai- prefix (0.7366ms)
✔ skills/release/SKILL.md frontmatter name carries no gentle-ai- prefix (0.3744ms)
✔ project skill dirs include supported workspace roots (1.6611ms)
✔ registry renders indexed skill paths instead of compact rules (2.7119ms)
✔ frontmatter parser accepts CRLF line endings (0.8395ms)
✔ frontmatter parser keeps full multiline descriptions (0.4228ms)
✔ description normalization preserves trigger and collapses whitespace (0.3957ms)
✔ project-scoped duplicate wins over user duplicate (0.6889ms)
✔ uniqueExistingDirs normalizes duplicates and ignores missing roots (14.0519ms)
✔ findSkillFiles scans one skill directory level only (4.9846ms)
✔ findSkillFiles follows symlinked skill directories (4.556ms)
✔ skill registry watchers close on shutdown (32.2126ms)
✔ startup skip honors no skill registry controls (1.5012ms)
✔ duplicate extension load is skipped only across different sources (1.0841ms)
✖ project-local skill registry extension wins over installed package copy (4.6717ms)
✔ scope and markdown cells are represented in registry (1.0373ms)
✔ generated registry file indexes skill path and omits body rules (12.1964ms)
✔ orchestrator documents path injection protocol (1.0546ms)
✔ non-forced regeneration invalidates cache when skill bytes change but path, size, and mtime are restored (78.0416ms)
✔ startup branch lookup uses direct git argv and hides its Windows child (5.6848ms)
✔ startup banner keeps animating after invalidate and cleans up on dispose (49.4584ms)
✔ startup art respects rose=false, logo=false and cyan palette (27.2719ms)
✔ startup art respects rose=false, logo=true and cyan palette (38.1625ms)
✔ startup art respects rose=true, logo=false and cyan palette (38.266ms)
✔ startup art respects rose=true, logo=true and cyan palette (43.6151ms)
✔ shouldTriggerTelemetry: pure predicate table (2.4438ms)
✔ spawnTelemetryTrigger: launches the expected argv, detached, hidden, and stdio-ignored (2.1357ms)
✔ spawnTelemetryTrigger: never spawns under each kill switch (0.5341ms)
✔ spawnTelemetryTrigger: a throwing spawn is swallowed, never thrown (0.4677ms)
✔ spawnTelemetryTrigger: the 3 s kill timer fires exactly once and is unref'd (1.5836ms)
✔ decodeTelemetryTriggerDecision: decodes a well-formed v1 payload (0.4957ms)
✔ decodeTelemetryTriggerDecision: every documented decision round-trips (0.4693ms)
✔ decodeTelemetryTriggerDecision: an old binary's output decodes as nothing to do (1.9574ms)
✔ decodeTelemetryTriggerDecision: rejects a mismatched schema, unknown decision, or missing source (1.2936ms)
✔ activation: spawns the telemetry trigger exactly once for a primary session (22.0323ms)
✔ activation: never spawns for a named or SDD agent event (2.9454ms)
✔ activation: a missing binary or spawn error never affects activation (2.9779ms)
✔ /gentle:telemetry relays a status --json payload (1.9933ms)
✔ /gentle:telemetry disable prints a one-line confirmation (0.6887ms)
✔ /gentle:telemetry relays a typed non-zero failure (0.8292ms)
✔ /gentle:telemetry rejects an unknown sub-action without calling the binary (0.7078ms)
✔ sanitizeTerminalText removes user-controlled ANSI and control characters (3.0019ms)
✔ sanitizeTerminalText removes unterminated OSC payloads (0.2595ms)
✔ stripAnsi removes OSC payloads and ANSI styling (0.1615ms)
✔ contracts/ walk fails on a file that exists on disk but is unlisted in contractHashes (10.2504ms)
✔ contracts/ walk fails on a contractHashes entry that is missing from disk (6.0654ms)
✔ contracts/ walk excludes the provider contract mirror subtree, whose bytes are pinned by its own lock (10.1118ms)
✔ sources <-> runtime/*.mjs walk fails when a generated runtime file is absent from the generator's sources array (6.0733ms)
✔ sources <-> runtime/*.mjs walk fails when a sources entry is absent from requiredPaths (4.8813ms)
✔ Gentle AI version pin mismatch is reported with a specific message when a derived location disagrees with the authoritative constant (0.5077ms)
✔ Gentle AI version pin mismatch also flags a drifted release URL and a drifted Windows source tag (0.3537ms)
✔ Gentle AI version pin agrees across the installer version, the release URL, the Windows source tag, and lib/gentle-ai-binary.ts (0.3132ms)
✔ both walks report no drift when sources, runtime/*.mjs, requiredPaths, and contractHashes fully agree (9.8075ms)
✔ task-scoped surfaces are accepted ahead of a deeper heading (11.9613ms)
✔ task-scoped surfaces reject trailing prose before the next heading (26.7792ms)
✔ canonical headings close the surface section with up to three ASCII spaces (4.1609ms)
✔ canonical empty headings with trailing spaces close the surface section (3.3323ms)
✔ pseudo-headings remain inside the surface section and reject dangerous paths (11.155ms)
✔ only ASCII spaces may separate Markdown list markers from entries (4.3905ms)
✔ the documented task shape from issue #484 is accepted (1.0468ms)
✔ bullet, backtick and plain-line surfaces reach the same decision (4.6941ms)
✔ a list broken by a blank line still validates every entry (2.9881ms)
✔ an entry hidden below a paragraph is validated, not discarded (1.2005ms)
✔ whitespace-bearing surfaces require whole-entry backticks (30.5775ms)
✔ out-of-scope and empty surfaces stay rejected (6.5491ms)
✔ agents outside the bounded writer set are not scope-guarded (1.2161ms)
ℹ tests 2142
ℹ suites 0
ℹ pass 2036
ℹ fail 87
ℹ cancelled 0
ℹ skipped 19
ℹ todo 0
ℹ duration_ms 3119875.2042

✖ failing tests:

test at tests\gentle-agents.test.ts:835:2
✖ child mutation attribution through registered subagent_run: own (134.8018ms)
  AssertionError [ERR_ASSERTION]: Expected values to be strictly equal:
  
  0 !== 1
  
      at TestContext.<anonymous> (file:///D:/jero-pi/gentle-pi-main/tests/gentle-agents.test.ts:871:10)
      at async Test.run (node:internal/test_runner/test:1110:7)
      at async Test.processPendingSubtests (node:internal/test_runner/test:785:7) {
    generatedMessage: true,
    code: 'ERR_ASSERTION',
    actual: 0,
    expected: 1,
    operator: 'strictEqual',
    diff: 'simple'
  }

test at tests\gentle-agents.test.ts:835:2
✖ child mutation attribution through registered subagent_run: other-root (140.9533ms)
  AssertionError [ERR_ASSERTION]: Expected values to be strictly equal:
  
  0 !== 1
  
      at TestContext.<anonymous> (file:///D:/jero-pi/gentle-pi-main/tests/gentle-agents.test.ts:871:10)
      at async Test.run (node:internal/test_runner/test:1110:7)
      at async Test.processPendingSubtests (node:internal/test_runner/test:785:7) {
    generatedMessage: true,
    code: 'ERR_ASSERTION',
    actual: 0,
    expected: 1,
    operator: 'strictEqual',
    diff: 'simple'
  }

test at tests\gentle-agents.test.ts:879:1
✖ default Node spawn adapter distinguishes IPC-only and permission-capable canonical Git children (59.1825ms)
  AssertionError [ERR_ASSERTION]: Expected values to be strictly deep-equal:
  + actual - expected
  
    {
      FIXTURE: 'permission',
      GENTLE_PI_AGENTS_CHILD: '1',
      GENTLE_PI_AGENTS_OWNED_IPC: '1789389627486-ekdi14rkg6o',
  -   GENTLE_PI_AGENTS_PARENT_PERMISSION_FD: '3',
      PATH: '/bin'
    }
  
      at TestContext.<anonymous> (file:///D:/jero-pi/gentle-pi-main/tests/gentle-agents.test.ts:943:11)
      at async Test.run (node:internal/test_runner/test:1110:7)
      at async Test.processPendingSubtests (node:internal/test_runner/test:785:7) {
    generatedMessage: true,
    code: 'ERR_ASSERTION',
    actual: { PATH: '/bin', FIXTURE: 'permission', GENTLE_PI_AGENTS_CHILD: '1', GENTLE_PI_AGENTS_OWNED_IPC: '1789389627486-ekdi14rkg6o' },
    expected: { PATH: '/bin', FIXTURE: 'permission', GENTLE_PI_AGENTS_CHILD: '1', GENTLE_PI_AGENTS_OWNED_IPC: '1789389627486-ekdi14rkg6o', GENTLE_PI_AGENTS_PARENT_PERMISSION_FD: '3' },
    operator: 'deepStrictEqual',
    diff: 'simple'
  }

test at tests\gentle-agents.test.ts:1156:1
✖ agentRuntimePaths isolates sessions and transcripts by profile and retains the explicit-home fallback (0.9942ms)
  AssertionError [ERR_ASSERTION]: Expected values to be strictly deep-equal:
  + actual - expected
  
    {
  +   sessions: '\\profiles\\pi-principal\\agent\\gentle-agents\\sessions',
  +   transcripts: '\\profiles\\pi-principal\\agent\\gentle-agents\\transcripts'
  -   sessions: '/profiles/pi-principal/agent/gentle-agents/sessions',
  -   transcripts: '/profiles/pi-principal/agent/gentle-agents/transcripts'
    }
  
      at TestContext.<anonymous> (file:///D:/jero-pi/gentle-pi-main/tests/gentle-agents.test.ts:1157:9)
      at Test.runInAsyncScope (node:async_hooks:214:14)
      at Test.run (node:internal/test_runner/test:1103:25)
      at Test.processPendingSubtests (node:internal/test_runner/test:785:18)
      at Test.postRun (node:internal/test_runner/test:1232:19)
      at Test.run (node:internal/test_runner/test:1160:12)
      at async Test.processPendingSubtests (node:internal/test_runner/test:785:7) {
    generatedMessage: true,
    code: 'ERR_ASSERTION',
    actual: { sessions: '\\profiles\\pi-principal\\agent\\gentle-agents\\sessions', transcripts: '\\profiles\\pi-principal\\agent\\gentle-agents\\transcripts' },
    expected: { sessions: '/profiles/pi-principal/agent/gentle-agents/sessions', transcripts: '/profiles/pi-principal/agent/gentle-agents/transcripts' },
    operator: 'deepStrictEqual',
    diff: 'simple'
  }

test at tests\gentle-ai-dev-binary-surfacing.test.ts:64:1
✖ gentle:doctor and gentle:status surface the active dev-binary override loudly (83.8179ms)
  AssertionError [ERR_ASSERTION]: gentle:doctor: el Gentleman doctor
  warn: Global delegation assets stale: 3 file(s) — run /gentle:install-delegation --force to refresh managed assets
  warn: Global review assets stale: 8 file(s) — run /gentle:install-review --force to refresh managed assets
  info: Global SDD assets: on demand (not installed)
  warn: OpenSpec config missing
  warn: Skill registry missing
  pass: Global model config missing
  pass: Sensitive-path guard active for read/write/edit tools
  warn: Engram memory tools not active in this session
  warn: Gentle AI dev binary override active (unpinned, field-test only): C:\Users\Administrator\AppData\Local\Temp\gentle-pi-dev-surface-bin-LkhDbF\gentle-ai version unavailable sha256:8fd735543ec2fa59
      at file:///D:/jero-pi/gentle-pi-main/tests/gentle-ai-dev-binary-surfacing.test.ts:77:12
      at process.processTicksAndRejections (node:internal/process/task_queues:103:5)
      at async withDevOverride (file:///D:/jero-pi/gentle-pi-main/tests/gentle-ai-dev-binary-surfacing.test.ts:58:10)
      at async TestContext.<anonymous> (file:///D:/jero-pi/gentle-pi-main/tests/gentle-ai-dev-binary-surfacing.test.ts:68:3)
      at async Test.run (node:internal/test_runner/test:1110:7)
      at async startSubtestAfterBootstrap (node:internal/test_runner/harness:358:3) {
    generatedMessage: false,
    code: 'ERR_ASSERTION',
    actual: false,
    expected: true,
    operator: '==',
    diff: 'simple'
  }

test at tests\gentle-ai-dev-binary-surfacing.test.ts:167:1
✖ session start announces the active override once, loudly (191.5233ms)
  AssertionError [ERR_ASSERTION]: [{"message":"Gentle AI dev binary override active (unpinned, field-test only): C:\\Users\\Administrator\\AppData\\Local\\Temp\\gentle-pi-dev-surface-bin-U5vOIA\\gentle-ai version unavailable sha256:8fd735543ec2fa59","severity":"warning"}]
      at file:///D:/jero-pi/gentle-pi-main/tests/gentle-ai-dev-binary-surfacing.test.ts:188:11
      at async withDevOverride (file:///D:/jero-pi/gentle-pi-main/tests/gentle-ai-dev-binary-surfacing.test.ts:58:10)
      at async TestContext.<anonymous> (file:///D:/jero-pi/gentle-pi-main/tests/gentle-ai-dev-binary-surfacing.test.ts:171:3)
      at async Test.run (node:internal/test_runner/test:1110:7)
      at async Test.processPendingSubtests (node:internal/test_runner/test:785:7) {
    generatedMessage: false,
    code: 'ERR_ASSERTION',
    actual: undefined,
    expected: true,
    operator: '==',
    diff: 'simple'
  }

test at tests\gentle-ai-dev-binary.test.ts:54:1
✖ the explicit env override resolves a verified dev binary and never changes the pinned path (15.0333ms)
  Error [GentleAiDevBinaryOverrideError]: dev-binary-override-invalid: GENTLE_PI_GENTLE_AI_DEV_BINARY names "C:\Users\Administrator\AppData\Local\Temp\gentle-pi-dev-bin-CLsMMD\gentle-ai", which is not a POSIX executable. Fix or remove the override; the pinned binary is never used silently while an override is declared.
      at validateDevBinary (file:///D:/jero-pi/gentle-pi-main/lib/gentle-ai-binary.ts:130:66)
      at resolveGentleAiDevBinaryOverride (file:///D:/jero-pi/gentle-pi-main/lib/gentle-ai-binary.ts:172:60)
      at TestContext.<anonymous> (file:///D:/jero-pi/gentle-pi-main/tests/gentle-ai-dev-binary.test.ts:61:19)
      at async Test.run (node:internal/test_runner/test:1110:7)
      at async startSubtestAfterBootstrap (node:internal/test_runner/harness:358:3) {
    code: 'dev-binary-override-invalid',
    source: 'env',
    origin: 'GENTLE_PI_GENTLE_AI_DEV_BINARY'
  }

test at tests\gentle-ai-dev-binary.test.ts:75:1
✖ a registration is strict, env wins, and unregister restores the pinned resolver (8.0956ms)
  Error [GentleAiDevBinaryOverrideError]: dev-binary-override-invalid: C:\Users\Administrator\AppData\Local\Temp\gentle-pi-dev-home-NOYUmz\.pi\gentle-ai\dev-binary.json names "C:\Users\Administrator\AppData\Local\Temp\gentle-pi-dev-bin-iXjEXF\gentle-ai", which is not a POSIX executable. Fix or remove the override; the pinned binary is never used silently while an override is declared.
      at validateDevBinary (file:///D:/jero-pi/gentle-pi-main/lib/gentle-ai-binary.ts:130:66)
      at registerGentleAiDevBinary (file:///D:/jero-pi/gentle-pi-main/lib/gentle-ai-binary.ts:197:20)
      at TestContext.<anonymous> (file:///D:/jero-pi/gentle-pi-main/tests/gentle-ai-dev-binary.test.ts:81:27)
      at async Test.run (node:internal/test_runner/test:1110:7)
      at async Test.processPendingSubtests (node:internal/test_runner/test:785:7) {
    code: 'dev-binary-override-invalid',
    source: 'registration',
    origin: 'C:\\Users\\Administrator\\AppData\\Local\\Temp\\gentle-pi-dev-home-NOYUmz\\.pi\\gentle-ai\\dev-binary.json'
  }

test at tests\gentle-ai-dev-binary.test.ts:147:1
✖ registered binary replacement is observed on the next resolution (7.2477ms)
  Error [GentleAiDevBinaryOverrideError]: dev-binary-override-invalid: C:\Users\Administrator\AppData\Local\Temp\gentle-pi-dev-home-yXh3BP\.pi\gentle-ai\dev-binary.json names "C:\Users\Administrator\AppData\Local\Temp\gentle-pi-dev-bin-w8AGyt\gentle-ai", which is not a POSIX executable. Fix or remove the override; the pinned binary is never used silently while an override is declared.
      at validateDevBinary (file:///D:/jero-pi/gentle-pi-main/lib/gentle-ai-binary.ts:130:66)
      at resolveGentleAiDevBinaryOverride (file:///D:/jero-pi/gentle-pi-main/lib/gentle-ai-binary.ts:175:9)
      at TestContext.<anonymous> (file:///D:/jero-pi/gentle-pi-main/tests/gentle-ai-dev-binary.test.ts:153:16)
      at async Test.run (node:internal/test_runner/test:1110:7)
      at async Test.processPendingSubtests (node:internal/test_runner/test:785:7) {
    code: 'dev-binary-override-invalid',
    source: 'registration',
    origin: 'C:\\Users\\Administrator\\AppData\\Local\\Temp\\gentle-pi-dev-home-yXh3BP\\.pi\\gentle-ai\\dev-binary.json'
  }

test at tests\gentle-ai-installer.test.ts:607:1
✖ Darwin/Linux signed bundles retain their four-field manifest and reusable compatibility (60.2408ms)
  Error: signed bundle must be reused
      at download (file:///D:/jero-pi/gentle-pi-main/tests/gentle-ai-installer.test.ts:626:82)
      at downloadPinnedGentleAiAsset (file:///D:/jero-pi/gentle-pi-main/scripts/gentle-ai-installer.mjs:96:9)
      at file:///D:/jero-pi/gentle-pi-main/scripts/gentle-ai-installer.mjs:663:10
      at async withInstallLock (file:///D:/jero-pi/gentle-pi-main/scripts/gentle-ai-installer.mjs:616:15)
      at async TestContext.<anonymous> (file:///D:/jero-pi/gentle-pi-main/tests/gentle-ai-installer.test.ts:626:16)
      at async Test.run (node:internal/test_runner/test:1110:7)
      at async Test.processPendingSubtests (node:internal/test_runner/test:785:7)

test at tests\gentle-ai-installer.test.ts:695:1
✖ extractors use only absolute trusted system paths, never lifecycle PATH or SystemRoot (0.8335ms)
  Error: Gentle AI installer requires a trusted system tar extractor
      at trustedSystemExtractor (file:///D:/jero-pi/gentle-pi-main/scripts/gentle-ai-installer.mjs:221:22)
      at TestContext.<anonymous> (file:///D:/jero-pi/gentle-pi-main/tests/gentle-ai-installer.test.ts:696:20)
      at Test.runInAsyncScope (node:async_hooks:214:14)
      at Test.run (node:internal/test_runner/test:1103:25)
      at Test.processPendingSubtests (node:internal/test_runner/test:785:18)
      at Test.postRun (node:internal/test_runner/test:1232:19)
      at Test.run (node:internal/test_runner/test:1160:12)
      at async Test.processPendingSubtests (node:internal/test_runner/test:785:7)

test at tests\gentle-ai-installer.test.ts:758:1
✖ installer promotes only the expected regular executable with executable POSIX mode (44.0996ms)
  AssertionError [ERR_ASSERTION]: The expression evaluated to a falsy value:
  
    assert.ok(((await stat(binary)).mode & 0o111) !== 0)
  
      at TestContext.<anonymous> (file:///D:/jero-pi/gentle-pi-main/tests/gentle-ai-installer.test.ts:779:9)
      at async Test.run (node:internal/test_runner/test:1110:7)
      at async Test.processPendingSubtests (node:internal/test_runner/test:785:7) {
    generatedMessage: true,
    code: 'ERR_ASSERTION',
    actual: false,
    expected: true,
    operator: '==',
    diff: 'simple'
  }

test at tests\gentle-shell.test.ts:515:1
✖ registered canonical root governs real Git discovery, status and diff despite inherited routing (691.3252ms)
  AssertionError [ERR_ASSERTION]: The input did not match the regular expression /worktree C:\Users\Administrator\AppData\Local\Temp\shell-git-routing-YJY7Gq\selected/. Input:
  
  'worktree C:/Users/Administrator/AppData/Local/Temp/shell-git-routing-YJY7Gq/selected\x00HEAD 97c8bd18f899239f21402c8b4dc55529b41b5741\x00branch refs/heads/main\x00\x00'
  
      at TestContext.<anonymous> (file:///D:/jero-pi/gentle-pi-main/tests/gentle-shell.test.ts:548:9)
      at process.processTicksAndRejections (node:internal/process/task_queues:103:5)
      at async Test.run (node:internal/test_runner/test:1110:7)
      at async Test.processPendingSubtests (node:internal/test_runner/test:785:7) {
    generatedMessage: true,
    code: 'ERR_ASSERTION',
    actual: 'worktree C:/Users/Administrator/AppData/Local/Temp/shell-git-routing-YJY7Gq/selected\x00HEAD 97c8bd18f899239f21402c8b4dc55529b41b5741\x00branch refs/heads/main\x00\x00',
    expected: /worktree C:\Users\Administrator\AppData\Local\Temp\shell-git-routing-YJY7Gq\selected/,
    operator: 'match',
    diff: 'simple'
  }

test at tests\native-review-cli.test.ts:86:1
✖ native SDD status executes its exact selected-root argv and returns only a validated v2 authority (5.5543ms)
  Error [NativeReviewCliError]: native response is schema incompatible
      at decode (file:///D:/jero-pi/gentle-pi-main/lib/native-review-cli.ts:1156:107)
      at NativeReviewCliV216.sddProjection (file:///D:/jero-pi/gentle-pi-main/lib/native-review-cli.ts:2197:10)
      at async TestContext.<anonymous> (file:///D:/jero-pi/gentle-pi-main/tests/native-review-cli.test.ts:89:17)
      at async Test.run (node:internal/test_runner/test:1110:7)
      at async startSubtestAfterBootstrap (node:internal/test_runner/harness:358:3) {
    code: 'schema-incompatible',
    operation: 'sdd-status',
    launchAttempted: true,
    mutating: false,
    mutationOutcome: 'none',
    nextAction: undefined,
    diagnostics: { operation: 'sdd-status', error_code: 'schema-incompatible', timed_out: false, output_limit_exceeded: false },
    auditRecord: undefined
  }

test at tests\native-review-cli.test.ts:102:1
✖ native SDD status rejects malformed v2 identities, dependencies, instructions, and blockers (1.6027ms)
  AssertionError [ERR_ASSERTION]: Got unwanted exception.
  Actual message: "native SDD planning home escaped its workspace"
      at TestContext.<anonymous> (file:///D:/jero-pi/gentle-pi-main/tests/native-review-cli.test.ts:104:9)
      at Test.runInAsyncScope (node:async_hooks:214:14)
      at Test.run (node:internal/test_runner/test:1103:25)
      at Test.processPendingSubtests (node:internal/test_runner/test:785:18)
      at Test.postRun (node:internal/test_runner/test:1232:19)
      at Test.run (node:internal/test_runner/test:1160:12)
      at async startSubtestAfterBootstrap (node:internal/test_runner/harness:358:3) {
    generatedMessage: false,
    code: 'ERR_ASSERTION',
    actual: Error: native SDD planning home escaped its workspace
        at decodeNativeSddStatusV2 (file:///D:/jero-pi/gentle-pi-main/lib/native-review-cli.ts:1453:159)
        at file:///D:/jero-pi/gentle-pi-main/tests/native-review-cli.test.ts:104:28
        at getActual (node:assert:611:5)
        at strict.doesNotThrow (node:assert:779:32)
        at TestContext.<anonymous> (file:///D:/jero-pi/gentle-pi-main/tests/native-review-cli.test.ts:104:9)
        at Test.runInAsyncScope (node:async_hooks:214:14)
        at Test.run (node:internal/test_runner/test:1103:25)
        at Test.processPendingSubtests (node:internal/test_runner/test:785:18)
        at Test.postRun (node:internal/test_runner/test:1232:19)
        at Test.run (node:internal/test_runner/test:1160:12),
    expected: undefined,
    operator: 'doesNotThrow',
    diff: 'simple'
  }

test at tests\native-review-cli.test.ts:136:1
✖ native v2 read-only decoding preserves omitted optional phaseInstructions (0.2776ms)
  Error: native SDD planning home escaped its workspace
      at decodeNativeSddStatusV2 (file:///D:/jero-pi/gentle-pi-main/lib/native-review-cli.ts:1453:159)
      at TestContext.<anonymous> (file:///D:/jero-pi/gentle-pi-main/tests/native-review-cli.test.ts:139:15)
      at Test.runInAsyncScope (node:async_hooks:214:14)
      at Test.run (node:internal/test_runner/test:1103:25)
      at Test.processPendingSubtests (node:internal/test_runner/test:785:18)
      at Test.postRun (node:internal/test_runner/test:1232:19)
      at Test.run (node:internal/test_runner/test:1160:12)
      at async Test.processPendingSubtests (node:internal/test_runner/test:785:7)

test at tests\native-review-cli.test.ts:1004:1
✖ native continuation uses a distinct mutating operation and the same v2 decoder (0.6497ms)
  Error [NativeReviewCliError]: native response is schema incompatible
      at decode (file:///D:/jero-pi/gentle-pi-main/lib/native-review-cli.ts:1156:107)
      at NativeReviewCliV216.sddProjection (file:///D:/jero-pi/gentle-pi-main/lib/native-review-cli.ts:2197:10)
      at async TestContext.<anonymous> (file:///D:/jero-pi/gentle-pi-main/tests/native-review-cli.test.ts:1008:16)
      at async Test.run (node:internal/test_runner/test:1110:7)
      at async Test.processPendingSubtests (node:internal/test_runner/test:785:7) {
    code: 'schema-incompatible',
    operation: 'sdd-continue',
    launchAttempted: true,
    mutating: true,
    mutationOutcome: 'unknown',
    nextAction: 'review.status',
    diagnostics: { operation: 'sdd-continue', error_code: 'schema-incompatible', timed_out: false, output_limit_exceeded: false },
    auditRecord: undefined
  }

test at tests\native-review-cli.test.ts:1014:1
✖ native discovery preserves nullable selection and rejects an invented selected identity (0.3668ms)
  Error: native SDD planning home escaped its workspace
      at decodeNativeSddStatusV2 (file:///D:/jero-pi/gentle-pi-main/lib/native-review-cli.ts:1453:159)
      at TestContext.<anonymous> (file:///D:/jero-pi/gentle-pi-main/tests/native-review-cli.test.ts:1016:15)
      at Test.runInAsyncScope (node:async_hooks:214:14)
      at Test.run (node:internal/test_runner/test:1103:25)
      at Test.processPendingSubtests (node:internal/test_runner/test:785:18)
      at Test.postRun (node:internal/test_runner/test:1232:19)
      at Test.run (node:internal/test_runner/test:1160:12)
      at async Test.processPendingSubtests (node:internal/test_runner/test:785:7)

test at tests\native-review-cli.test.ts:1020:1
✖ all twelve native actions retain their exact tokens without prose routing (0.8587ms)
  Error: native SDD planning home escaped its workspace
      at decodeNativeSddStatusV2 (file:///D:/jero-pi/gentle-pi-main/lib/native-review-cli.ts:1453:159)
      at TestContext.<anonymous> (file:///D:/jero-pi/gentle-pi-main/tests/native-review-cli.test.ts:1023:16)
      at Test.runInAsyncScope (node:async_hooks:214:14)
      at Test.run (node:internal/test_runner/test:1103:25)
      at Test.processPendingSubtests (node:internal/test_runner/test:785:18)
      at Test.postRun (node:internal/test_runner/test:1232:19)
      at Test.run (node:internal/test_runner/test:1160:12)
      at async Test.processPendingSubtests (node:internal/test_runner/test:785:7)

test at tests\opaque-pi-reviewer-adapter.test.ts:110:1
✖ the opaque adapter streams arbitrary prompt and stdout bytes verbatim through the fixed Pi subprocess (20.3259ms)
  Error [OpaquePiReviewerTransportError]: Pi process could not start: spawn C:\Users\Administrator\AppData\Local\Temp\gentle-pi-opaque-reviewer-v4r2PA\pi ENOENT
      at runOpaquePiReviewer (file:///D:/jero-pi/gentle-pi-main/lib/opaque-pi-reviewer-adapter.ts:225:10)
      at process.processTicksAndRejections (node:internal/process/task_queues:103:5)
      at async TestContext.<anonymous> (file:///D:/jero-pi/gentle-pi-main/tests/opaque-pi-reviewer-adapter.test.ts:112:17)
      at async Test.run (node:internal/test_runner/test:1110:7)
      at async startSubtestAfterBootstrap (node:internal/test_runner/harness:358:3) {
    kind: 'launch-failed',
    exitCode: null,
    stderr: <Buffer >,
    timedOut: false,
    cancelled: false,
    elapsedMs: null,
    timeoutMs: null
  }

test at tests\opaque-pi-reviewer-adapter.test.ts:132:1
✖ the opaque adapter returns typed transport errors for launch, nonzero, empty, timeout, and cancellation (19.7125ms)
  AssertionError [ERR_ASSERTION]: The validation function is expected to return "true". Received false
  
  Caught error:
  
  OpaquePiReviewerTransportError: Pi process could not start: spawn C:\Users\Administrator\AppData\Local\Temp\gentle-pi-opaque-reviewer-wHspKm\pi ENOENT
      at async rejectsWithTransportError (file:///D:/jero-pi/gentle-pi-main/tests/opaque-pi-reviewer-adapter.test.ts:102:2)
      at async TestContext.<anonymous> (file:///D:/jero-pi/gentle-pi-main/tests/opaque-pi-reviewer-adapter.test.ts:139:18)
      at async Test.run (node:internal/test_runner/test:1110:7)
      at async Test.processPendingSubtests (node:internal/test_runner/test:785:7) {
    generatedMessage: true,
    code: 'ERR_ASSERTION',
    actual: OpaquePiReviewerTransportError: Pi process could not start: spawn C:\Users\Administrator\AppData\Local\Temp\gentle-pi-opaque-reviewer-wHspKm\pi ENOENT
        at runOpaquePiReviewer (file:///D:/jero-pi/gentle-pi-main/lib/opaque-pi-reviewer-adapter.ts:225:10)
        at process.processTicksAndRejections (node:internal/process/task_queues:103:5)
        at async waitForActual (node:assert:646:5)
        at async strict.rejects (node:assert:769:25)
        at async rejectsWithTransportError (file:///D:/jero-pi/gentle-pi-main/tests/opaque-pi-reviewer-adapter.test.ts:102:2)
        at async TestContext.<anonymous> (file:///D:/jero-pi/gentle-pi-main/tests/opaque-pi-reviewer-adapter.test.ts:139:18)
        at async Test.run (node:internal/test_runner/test:1110:7)
        at async Test.processPendingSubtests (node:internal/test_runner/test:785:7),
    operator: 'rejects',
    diff: 'simple'
  }

test at tests\opaque-pi-reviewer-adapter.test.ts:169:1
✖ the opaque adapter leaves no prompt or result file in scratch and reports cleanup failure as transport-only (14.6582ms)
  AssertionError [ERR_ASSERTION]: The validation function is expected to return "true". Received false
  
  Caught error:
  
  OpaquePiReviewerTransportError: Pi process could not start: spawn C:\Users\Administrator\AppData\Local\Temp\gentle-pi-opaque-reviewer-vGDsms\pi ENOENT
      at async rejectsWithTransportError (file:///D:/jero-pi/gentle-pi-main/tests/opaque-pi-reviewer-adapter.test.ts:102:2)
      at async TestContext.<anonymous> (file:///D:/jero-pi/gentle-pi-main/tests/opaque-pi-reviewer-adapter.test.ts:175:17)
      at async Test.run (node:internal/test_runner/test:1110:7)
      at async Test.processPendingSubtests (node:internal/test_runner/test:785:7) {
    generatedMessage: true,
    code: 'ERR_ASSERTION',
    actual: OpaquePiReviewerTransportError: Pi process could not start: spawn C:\Users\Administrator\AppData\Local\Temp\gentle-pi-opaque-reviewer-vGDsms\pi ENOENT
        at runOpaquePiReviewer (file:///D:/jero-pi/gentle-pi-main/lib/opaque-pi-reviewer-adapter.ts:225:10)
        at process.processTicksAndRejections (node:internal/process/task_queues:103:5)
        at async waitForActual (node:assert:646:5)
        at async strict.rejects (node:assert:769:25)
        at async rejectsWithTransportError (file:///D:/jero-pi/gentle-pi-main/tests/opaque-pi-reviewer-adapter.test.ts:102:2)
        at async TestContext.<anonymous> (file:///D:/jero-pi/gentle-pi-main/tests/opaque-pi-reviewer-adapter.test.ts:175:17)
        at async Test.run (node:internal/test_runner/test:1110:7)
        at async Test.processPendingSubtests (node:internal/test_runner/test:785:7),
    operator: 'rejects',
    diff: 'simple'
  }

test at tests\opaque-pi-reviewer-adapter.test.ts:192:1
✖ the opaque adapter preserves primary nonzero and timeout errors when scratch cleanup also fails (14.0043ms)
  AssertionError [ERR_ASSERTION]: The validation function is expected to return "true". Received false
  
  Caught error:
  
  OpaquePiReviewerTransportError: Pi process could not start: spawn C:\Users\Administrator\AppData\Local\Temp\gentle-pi-opaque-reviewer-QzsqwK\pi ENOENT
      at async rejectsWithTransportError (file:///D:/jero-pi/gentle-pi-main/tests/opaque-pi-reviewer-adapter.test.ts:102:2)
      at async TestContext.<anonymous> (file:///D:/jero-pi/gentle-pi-main/tests/opaque-pi-reviewer-adapter.test.ts:198:19)
      at async Test.run (node:internal/test_runner/test:1110:7)
      at async Test.processPendingSubtests (node:internal/test_runner/test:785:7) {
    generatedMessage: true,
    code: 'ERR_ASSERTION',
    actual: OpaquePiReviewerTransportError: Pi process could not start: spawn C:\Users\Administrator\AppData\Local\Temp\gentle-pi-opaque-reviewer-QzsqwK\pi ENOENT
        at runOpaquePiReviewer (file:///D:/jero-pi/gentle-pi-main/lib/opaque-pi-reviewer-adapter.ts:225:10)
        at process.processTicksAndRejections (node:internal/process/task_queues:103:5)
        at async waitForActual (node:assert:646:5)
        at async strict.rejects (node:assert:769:25)
        at async rejectsWithTransportError (file:///D:/jero-pi/gentle-pi-main/tests/opaque-pi-reviewer-adapter.test.ts:102:2)
        at async TestContext.<anonymous> (file:///D:/jero-pi/gentle-pi-main/tests/opaque-pi-reviewer-adapter.test.ts:198:19)
        at async Test.run (node:internal/test_runner/test:1110:7)
        at async Test.processPendingSubtests (node:internal/test_runner/test:785:7),
    operator: 'rejects',
    diff: 'simple'
  }

test at tests\openspec-guardrails.test.ts:13:1
✖ detectActiveDomainCollisions finds other active changes touching the same domain (16.1377ms)
  AssertionError [ERR_ASSERTION]: The input did not match the regular expression /openspec\/changes\/other\/specs\/sdd-openspec\/spec\.md$/. Input:
  
  'C:\\Users\\Administrator\\AppData\\Local\\Temp\\gentle-pi-guardrails-TbOTW6\\openspec\\changes\\other\\specs\\sdd-openspec\\spec.md'
  
      at TestContext.<anonymous> (file:///D:/jero-pi/gentle-pi-main/tests/openspec-guardrails.test.ts:25:9)
      at async Test.run (node:internal/test_runner/test:1110:7)
      at async startSubtestAfterBootstrap (node:internal/test_runner/harness:358:3) {
    generatedMessage: true,
    code: 'ERR_ASSERTION',
    actual: 'C:\\Users\\Administrator\\AppData\\Local\\Temp\\gentle-pi-guardrails-TbOTW6\\openspec\\changes\\other\\specs\\sdd-openspec\\spec.md',
    expected: /openspec\/changes\/other\/specs\/sdd-openspec\/spec\.md$/,
    operator: 'match',
    diff: 'simple'
  }

test at tests\orchestrator-budget.test.ts:139:1
✖ getOrchestratorPrompt keeps a controlled long (>= 93 char) assets root within the canonical budget (148.8527ms)
  AssertionError [ERR_ASSERTION]: measure-orchestrator-prompt.mjs exited 1 (stderr: node:internal/modules/esm/load:195
      throw new ERR_UNSUPPORTED_ESM_URL_SCHEME(parsed, schemes);
            ^
  
  Error [ERR_UNSUPPORTED_ESM_URL_SCHEME]: Only URLs with a scheme in: file, data, and node are supported by the default ESM loader. On Windows, absolute paths must be valid file:// URLs. Received protocol 'd:'
      at throwIfUnsupportedURLScheme (node:internal/modules/esm/load:195:11)
      at defaultLoadSync (node:internal/modules/esm/load:142:3)
      at #loadAndMaybeBlockOnLoaderThread (node:internal/modules/esm/loader:796:12)
      at #loadSync (node:internal/modules/esm/loader:816:49)
      at ModuleLoader.load (node:internal/modules/esm/loader:781:26)
      at ModuleLoader.loadAndTranslate (node:internal/modules/esm/loader:526:31)
      at #getOrCreateModuleJobAfterResolve (node:internal/modules/esm/loader:577:36)
      at afterResolve (node:internal/modules/esm/loader:625:52)
      at ModuleLoader.getOrCreateModuleJob (node:internal/modules/esm/loader:631:12)
      at onImport.tracePromise.__proto__ (node:internal/modules/esm/loader:650:32) {
    code: 'ERR_UNSUPPORTED_ESM_URL_SCHEME'
  }
  
  Node.js v24.13.1
  )
  
  1 !== 0
  
      at measureOrchestratorPromptBytes (file:///D:/jero-pi/gentle-pi-main/tests/orchestrator-budget.test.ts:105:9)
      at TestContext.<anonymous> (file:///D:/jero-pi/gentle-pi-main/tests/orchestrator-budget.test.ts:145:16)
      at Test.runInAsyncScope (node:async_hooks:214:14)
      at Test.run (node:internal/test_runner/test:1103:25)
      at Test.processPendingSubtests (node:internal/test_runner/test:785:18)
      at Test.postRun (node:internal/test_runner/test:1232:19)
      at Test.run (node:internal/test_runner/test:1160:12)
      at async startSubtestAfterBootstrap (node:internal/test_runner/harness:358:3) {
    generatedMessage: false,
    code: 'ERR_ASSERTION',
    actual: 1,
    expected: 0,
    operator: 'strictEqual',
    diff: 'simple'
  }

test at tests\quiet-tool-rendering.test.ts:183:1
✖ quiet tool execution uses the tool-call cwd (2580.4135ms)
  AssertionError [ERR_ASSERTION]: Expected values to be strictly equal:
  + actual - expected
  
  + '/d/tmp'
  - 'D:\\tmp'
  
      at TestContext.<anonymous> (file:///D:/jero-pi/gentle-pi-main/tests/quiet-tool-rendering.test.ts:196:9)
      at process.processTicksAndRejections (node:internal/process/task_queues:103:5)
      at async Test.run (node:internal/test_runner/test:1110:7)
      at async Test.processPendingSubtests (node:internal/test_runner/test:785:7) {
    generatedMessage: true,
    code: 'ERR_ASSERTION',
    actual: '/d/tmp',
    expected: 'D:\\tmp',
    operator: 'strictEqual',
    diff: 'simple'
  }

test at tests\review-agent-end-preflight.test.ts:138:2
✖ agent_end after approved acknowledgement: same (425.583ms)
  AssertionError [ERR_ASSERTION]: Expected values to be strictly deep-equal:
  + actual - expected
  
    {
  +   lineage_created: false,
  +   mutation_outcome: 'none',
  +   mutation_performed: false,
  +   next_action: 'resolve-native-operation-failure',
  -   authority: 'burned',
  -   burn_evidence: 'gentle-ai.review-acknowledged/v1',
  -   consumed_revision: 'sha256:aaaaaaaaaaaaaaaaaaaaaaaaaaaaaaaaaaaaaaaaaaaaaaaaaaaaaaaaaaaaaaaa',
  -   delivery: 'ordinary-repository-policy',
  -   lineage_id: 'agent-end-post-ack-same',
  -   mutation_outcome: 'committed',
  -   mutation_performed: true,
      operation: 'acknowledge-approved',
  +   outcome: 'native-operation-failed',
  +   status: 'blocked'
  -   outcome: 'native-approved-acknowledgement-completed',
  -   status: 'closed',
  -   target_identity: 'sha256:aaaaaaaaaaaaaaaaaaaaaaaaaaaaaaaaaaaaaaaaaaaaaaaaaaaaaaaaaaaaaaaa'
    }
  
      at TestContext.<anonymous> (file:///D:/jero-pi/gentle-pi-main/tests/review-agent-end-preflight.test.ts:217:17)
      at async Test.run (node:internal/test_runner/test:1110:7)
      at async startSubtestAfterBootstrap (node:internal/test_runner/harness:358:3) {
    generatedMessage: true,
    code: 'ERR_ASSERTION',
    actual: { operation: 'acknowledge-approved', status: 'blocked', outcome: 'native-operation-failed', lineage_created: false, mutation_performed: false, mutation_outcome: 'none', next_action: 'resolve-native-operation-failure' },
    expected: { operation: 'acknowledge-approved', status: 'closed', outcome: 'native-approved-acknowledgement-completed', lineage_id: 'agent-end-post-ack-same', target_identity: 'sha256:aaaaaaaaaaaaaaaaaaaaaaaaaaaaaaaaaaaaaaaaaaaaaaaaaaaaaaaaaaaaaaaa', consumed_revision: 'sha256:aaaaaaaaaaaaaaaaaaaaaaaaaaaaaaaaaaaaaaaaaaaaaaaaaaaaaaaaaaaaaaaa', burn_evidence: 'gentle-ai.review-acknowledged/v1', authority: 'burned', delivery: 'ordinary-repository-policy', mutation_performed: true, mutation_outcome: 'committed' },
    operator: 'deepStrictEqual',
    diff: 'simple'
  }

test at tests\review-agent-end-preflight.test.ts:138:2
✖ agent_end after approved acknowledgement: changed (407.6242ms)
  AssertionError [ERR_ASSERTION]: Expected values to be strictly deep-equal:
  + actual - expected
  
    {
  +   lineage_created: false,
  +   mutation_outcome: 'none',
  +   mutation_performed: false,
  +   next_action: 'resolve-native-operation-failure',
  -   authority: 'burned',
  -   burn_evidence: 'gentle-ai.review-acknowledged/v1',
  -   consumed_revision: 'sha256:aaaaaaaaaaaaaaaaaaaaaaaaaaaaaaaaaaaaaaaaaaaaaaaaaaaaaaaaaaaaaaaa',
  -   delivery: 'ordinary-repository-policy',
  -   lineage_id: 'agent-end-post-ack-changed',
  -   mutation_outcome: 'committed',
  -   mutation_performed: true,
      operation: 'acknowledge-approved',
  +   outcome: 'native-operation-failed',
  +   status: 'blocked'
  -   outcome: 'native-approved-acknowledgement-completed',
  -   status: 'closed',
  -   target_identity: 'sha256:aaaaaaaaaaaaaaaaaaaaaaaaaaaaaaaaaaaaaaaaaaaaaaaaaaaaaaaaaaaaaaaa'
    }
  
      at TestContext.<anonymous> (file:///D:/jero-pi/gentle-pi-main/tests/review-agent-end-preflight.test.ts:217:17)
      at async Test.run (node:internal/test_runner/test:1110:7)
      at async Test.processPendingSubtests (node:internal/test_runner/test:785:7) {
    generatedMessage: true,
    code: 'ERR_ASSERTION',
    actual: { operation: 'acknowledge-approved', status: 'blocked', outcome: 'native-operation-failed', lineage_created: false, mutation_performed: false, mutation_outcome: 'none', next_action: 'resolve-native-operation-failure' },
    expected: { operation: 'acknowledge-approved', status: 'closed', outcome: 'native-approved-acknowledgement-completed', lineage_id: 'agent-end-post-ack-changed', target_identity: 'sha256:aaaaaaaaaaaaaaaaaaaaaaaaaaaaaaaaaaaaaaaaaaaaaaaaaaaaaaaaaaaaaaaa', consumed_revision: 'sha256:aaaaaaaaaaaaaaaaaaaaaaaaaaaaaaaaaaaaaaaaaaaaaaaaaaaaaaaaaaaaaaaa', burn_evidence: 'gentle-ai.review-acknowledged/v1', authority: 'burned', delivery: 'ordinary-repository-policy', mutation_performed: true, mutation_outcome: 'committed' },
    operator: 'deepStrictEqual',
    diff: 'simple'
  }

test at tests\review-agent-end-preflight.test.ts:138:2
✖ agent_end after approved acknowledgement: sibling-root (472.9676ms)
  AssertionError [ERR_ASSERTION]: Expected values to be strictly deep-equal:
  + actual - expected
  
    {
  +   lineage_created: false,
  +   mutation_outcome: 'none',
  +   mutation_performed: false,
  +   next_action: 'resolve-native-operation-failure',
  -   authority: 'burned',
  -   burn_evidence: 'gentle-ai.review-acknowledged/v1',
  -   consumed_revision: 'sha256:aaaaaaaaaaaaaaaaaaaaaaaaaaaaaaaaaaaaaaaaaaaaaaaaaaaaaaaaaaaaaaaa',
  -   delivery: 'ordinary-repository-policy',
  -   lineage_id: 'agent-end-post-ack-sibling-root',
  -   mutation_outcome: 'committed',
  -   mutation_performed: true,
      operation: 'acknowledge-approved',
  +   outcome: 'native-operation-failed',
  +   status: 'blocked'
  -   outcome: 'native-approved-acknowledgement-completed',
  -   status: 'closed',
  -   target_identity: 'sha256:aaaaaaaaaaaaaaaaaaaaaaaaaaaaaaaaaaaaaaaaaaaaaaaaaaaaaaaaaaaaaaaa'
    }
  
      at TestContext.<anonymous> (file:///D:/jero-pi/gentle-pi-main/tests/review-agent-end-preflight.test.ts:217:17)
      at async Test.run (node:internal/test_runner/test:1110:7)
      at async Test.processPendingSubtests (node:internal/test_runner/test:785:7) {
    generatedMessage: true,
    code: 'ERR_ASSERTION',
    actual: { operation: 'acknowledge-approved', status: 'blocked', outcome: 'native-operation-failed', lineage_created: false, mutation_performed: false, mutation_outcome: 'none', next_action: 'resolve-native-operation-failure' },
    expected: { operation: 'acknowledge-approved', status: 'closed', outcome: 'native-approved-acknowledgement-completed', lineage_id: 'agent-end-post-ack-sibling-root', target_identity: 'sha256:aaaaaaaaaaaaaaaaaaaaaaaaaaaaaaaaaaaaaaaaaaaaaaaaaaaaaaaaaaaaaaaa', consumed_revision: 'sha256:aaaaaaaaaaaaaaaaaaaaaaaaaaaaaaaaaaaaaaaaaaaaaaaaaaaaaaaaaaaaaaaa', burn_evidence: 'gentle-ai.review-acknowledged/v1', authority: 'burned', delivery: 'ordinary-repository-policy', mutation_performed: true, mutation_outcome: 'committed' },
    operator: 'deepStrictEqual',
    diff: 'simple'
  }

test at tests\review-agent-end-preflight.test.ts:138:2
✖ agent_end after approved acknowledgement: nested-root (544.7776ms)
  AssertionError [ERR_ASSERTION]: Expected values to be strictly deep-equal:
  + actual - expected
  
    {
  +   lineage_created: false,
  +   mutation_outcome: 'none',
  +   mutation_performed: false,
  +   next_action: 'resolve-native-operation-failure',
  -   authority: 'burned',
  -   burn_evidence: 'gentle-ai.review-acknowledged/v1',
  -   consumed_revision: 'sha256:aaaaaaaaaaaaaaaaaaaaaaaaaaaaaaaaaaaaaaaaaaaaaaaaaaaaaaaaaaaaaaaa',
  -   delivery: 'ordinary-repository-policy',
  -   lineage_id: 'agent-end-post-ack-nested-root',
  -   mutation_outcome: 'committed',
  -   mutation_performed: true,
      operation: 'acknowledge-approved',
  +   outcome: 'native-operation-failed',
  +   status: 'blocked'
  -   outcome: 'native-approved-acknowledgement-completed',
  -   status: 'closed',
  -   target_identity: 'sha256:aaaaaaaaaaaaaaaaaaaaaaaaaaaaaaaaaaaaaaaaaaaaaaaaaaaaaaaaaaaaaaaa'
    }
  
      at TestContext.<anonymous> (file:///D:/jero-pi/gentle-pi-main/tests/review-agent-end-preflight.test.ts:217:17)
      at async Test.run (node:internal/test_runner/test:1110:7)
      at async Test.processPendingSubtests (node:internal/test_runner/test:785:7) {
    generatedMessage: true,
    code: 'ERR_ASSERTION',
    actual: { operation: 'acknowledge-approved', status: 'blocked', outcome: 'native-operation-failed', lineage_created: false, mutation_performed: false, mutation_outcome: 'none', next_action: 'resolve-native-operation-failure' },
    expected: { operation: 'acknowledge-approved', status: 'closed', outcome: 'native-approved-acknowledgement-completed', lineage_id: 'agent-end-post-ack-nested-root', target_identity: 'sha256:aaaaaaaaaaaaaaaaaaaaaaaaaaaaaaaaaaaaaaaaaaaaaaaaaaaaaaaaaaaaaaaa', consumed_revision: 'sha256:aaaaaaaaaaaaaaaaaaaaaaaaaaaaaaaaaaaaaaaaaaaaaaaaaaaaaaaaaaaaaaaa', burn_evidence: 'gentle-ai.review-acknowledged/v1', authority: 'burned', delivery: 'ordinary-repository-policy', mutation_performed: true, mutation_outcome: 'committed' },
    operator: 'deepStrictEqual',
    diff: 'simple'
  }

test at tests\review-agent-end-preflight.test.ts:138:2
✖ agent_end after approved acknowledgement: failed (557.3701ms)
  AssertionError [ERR_ASSERTION]: Expected values to be strictly deep-equal:
  + actual - expected
  
  + []
  - [
  -   {
  -     argumentTokens: [
  -       '--cwd=D:\\jero-pi\\gentle-pi-main',
  -       '--lineage=agent-end-post-ack-failed',
  -       '--target=sha256:aaaaaaaaaaaaaaaaaaaaaaaaaaaaaaaaaaaaaaaaaaaaaaaaaaaaaaaaaaaaaaaa',
  -       '--expected-revision=sha256:aaaaaaaaaaaaaaaaaaaaaaaaaaaaaaaaaaaaaaaaaaaaaaaaaaaaaaaaaaaaaaaa',
  -       '--token=provider-issued-once'
  -     ],
  -     binding: {
  -       lineageId: 'agent-end-post-ack-failed',
  -       revision: 'sha256:aaaaaaaaaaaaaaaaaaaaaaaaaaaaaaaaaaaaaaaaaaaaaaaaaaaaaaaaaaaaaaaa',
  -       targetIdentity: 'sha256:aaaaaaaaaaaaaaaaaaaaaaaaaaaaaaaaaaaaaaaaaaaaaaaaaaaaaaaaaaaaaaaa'
  -     },
  -     cwd: 'D:\\jero-pi\\gentle-pi-main'
  -   }
  - ]
  
      at TestContext.<anonymous> (file:///D:/jero-pi/gentle-pi-main/tests/review-agent-end-preflight.test.ts:225:10)
      at async Test.run (node:internal/test_runner/test:1110:7)
      at async Test.processPendingSubtests (node:internal/test_runner/test:785:7) {
    generatedMessage: true,
    code: 'ERR_ASSERTION',
    actual: [],
    expected: [ { cwd: 'D:\\jero-pi\\gentle-pi-main', argumentTokens: [Array], binding: [Object] } ],
    operator: 'deepStrictEqual',
    diff: 'simple'
  }

test at tests\review-agent-end-preflight.test.ts:138:2
✖ agent_end after approved acknowledgement: unknown (589.9235ms)
  AssertionError [ERR_ASSERTION]: Expected values to be strictly equal:
  + actual - expected
  
  + 'native-operation-failed'
  - 'native-mutation-status-reconciled'
            ^
  
      at TestContext.<anonymous> (file:///D:/jero-pi/gentle-pi-main/tests/review-agent-end-preflight.test.ts:215:11)
      at async Test.run (node:internal/test_runner/test:1110:7)
      at async Test.processPendingSubtests (node:internal/test_runner/test:785:7) {
    generatedMessage: true,
    code: 'ERR_ASSERTION',
    actual: 'native-operation-failed',
    expected: 'native-mutation-status-reconciled',
    operator: 'strictEqual',
    diff: 'simple'
  }

test at tests\review-agent-end-preflight.test.ts:138:2
✖ agent_end after approved acknowledgement: shutdown (571.3592ms)
  AssertionError [ERR_ASSERTION]: Expected values to be strictly deep-equal:
  + actual - expected
  
    {
  +   lineage_created: false,
  +   mutation_outcome: 'none',
  +   mutation_performed: false,
  +   next_action: 'resolve-native-operation-failure',
  -   authority: 'burned',
  -   burn_evidence: 'gentle-ai.review-acknowledged/v1',
  -   consumed_revision: 'sha256:aaaaaaaaaaaaaaaaaaaaaaaaaaaaaaaaaaaaaaaaaaaaaaaaaaaaaaaaaaaaaaaa',
  -   delivery: 'ordinary-repository-policy',
  -   lineage_id: 'agent-end-post-ack-shutdown',
  -   mutation_outcome: 'committed',
  -   mutation_performed: true,
      operation: 'acknowledge-approved',
  +   outcome: 'native-operation-failed',
  +   status: 'blocked'
  -   outcome: 'native-approved-acknowledgement-completed',
  -   status: 'closed',
  -   target_identity: 'sha256:aaaaaaaaaaaaaaaaaaaaaaaaaaaaaaaaaaaaaaaaaaaaaaaaaaaaaaaaaaaaaaaa'
    }
  
      at TestContext.<anonymous> (file:///D:/jero-pi/gentle-pi-main/tests/review-agent-end-preflight.test.ts:217:17)
      at async Test.run (node:internal/test_runner/test:1110:7)
      at async Test.processPendingSubtests (node:internal/test_runner/test:785:7) {
    generatedMessage: true,
    code: 'ERR_ASSERTION',
    actual: { operation: 'acknowledge-approved', status: 'blocked', outcome: 'native-operation-failed', lineage_created: false, mutation_performed: false, mutation_outcome: 'none', next_action: 'resolve-native-operation-failure' },
    expected: { operation: 'acknowledge-approved', status: 'closed', outcome: 'native-approved-acknowledgement-completed', lineage_id: 'agent-end-post-ack-shutdown', target_identity: 'sha256:aaaaaaaaaaaaaaaaaaaaaaaaaaaaaaaaaaaaaaaaaaaaaaaaaaaaaaaaaaaaaaaa', consumed_revision: 'sha256:aaaaaaaaaaaaaaaaaaaaaaaaaaaaaaaaaaaaaaaaaaaaaaaaaaaaaaaaaaaaaaaa', burn_evidence: 'gentle-ai.review-acknowledged/v1', authority: 'burned', delivery: 'ordinary-repository-policy', mutation_performed: true, mutation_outcome: 'committed' },
    operator: 'deepStrictEqual',
    diff: 'simple'
  }

test at tests\review-agent-end-preflight.test.ts:138:2
✖ agent_end after approved acknowledgement: other-session (521.6734ms)
  AssertionError [ERR_ASSERTION]: Expected values to be strictly deep-equal:
  + actual - expected
  
    {
  +   lineage_created: false,
  +   mutation_outcome: 'none',
  +   mutation_performed: false,
  +   next_action: 'resolve-native-operation-failure',
  -   authority: 'burned',
  -   burn_evidence: 'gentle-ai.review-acknowledged/v1',
  -   consumed_revision: 'sha256:aaaaaaaaaaaaaaaaaaaaaaaaaaaaaaaaaaaaaaaaaaaaaaaaaaaaaaaaaaaaaaaa',
  -   delivery: 'ordinary-repository-policy',
  -   lineage_id: 'agent-end-post-ack-other-session',
  -   mutation_outcome: 'committed',
  -   mutation_performed: true,
      operation: 'acknowledge-approved',
  +   outcome: 'native-operation-failed',
  +   status: 'blocked'
  -   outcome: 'native-approved-acknowledgement-completed',
  -   status: 'closed',
  -   target_identity: 'sha256:aaaaaaaaaaaaaaaaaaaaaaaaaaaaaaaaaaaaaaaaaaaaaaaaaaaaaaaaaaaaaaaa'
    }
  
      at TestContext.<anonymous> (file:///D:/jero-pi/gentle-pi-main/tests/review-agent-end-preflight.test.ts:217:17)
      at async Test.run (node:internal/test_runner/test:1110:7)
      at async Test.processPendingSubtests (node:internal/test_runner/test:785:7) {
    generatedMessage: true,
    code: 'ERR_ASSERTION',
    actual: { operation: 'acknowledge-approved', status: 'blocked', outcome: 'native-operation-failed', lineage_created: false, mutation_performed: false, mutation_outcome: 'none', next_action: 'resolve-native-operation-failure' },
    expected: { operation: 'acknowledge-approved', status: 'closed', outcome: 'native-approved-acknowledgement-completed', lineage_id: 'agent-end-post-ack-other-session', target_identity: 'sha256:aaaaaaaaaaaaaaaaaaaaaaaaaaaaaaaaaaaaaaaaaaaaaaaaaaaaaaaaaaaaaaaa', consumed_revision: 'sha256:aaaaaaaaaaaaaaaaaaaaaaaaaaaaaaaaaaaaaaaaaaaaaaaaaaaaaaaaaaaaaaaa', burn_evidence: 'gentle-ai.review-acknowledged/v1', authority: 'burned', delivery: 'ordinary-repository-policy', mutation_performed: true, mutation_outcome: 'committed' },
    operator: 'deepStrictEqual',
    diff: 'simple'
  }

test at tests\review-agent-end-preflight.test.ts:138:2
✖ agent_end after approved acknowledgement: legacy-success (562.8416ms)
  AssertionError [ERR_ASSERTION]: Expected values to be strictly deep-equal:
  + actual - expected
  
    {
  +   lineage_created: false,
  +   mutation_outcome: 'none',
  +   mutation_performed: false,
  +   next_action: 'resolve-native-operation-failure',
  -   authority: 'burned',
  -   delivery: 'ordinary-repository-policy',
  -   lineage_id: 'agent-end-post-ack-legacy-success',
  -   mutation_outcome: 'committed',
  -   mutation_performed: true,
      operation: 'acknowledge-approved',
  +   outcome: 'native-operation-failed',
  +   status: 'blocked'
  -   outcome: 'native-approved-acknowledgement-completed',
  -   status: 'closed',
  -   target_identity: 'sha256:aaaaaaaaaaaaaaaaaaaaaaaaaaaaaaaaaaaaaaaaaaaaaaaaaaaaaaaaaaaaaaaa'
    }
  
      at TestContext.<anonymous> (file:///D:/jero-pi/gentle-pi-main/tests/review-agent-end-preflight.test.ts:217:17)
      at async Test.run (node:internal/test_runner/test:1110:7)
      at async Test.processPendingSubtests (node:internal/test_runner/test:785:7) {
    generatedMessage: true,
    code: 'ERR_ASSERTION',
    actual: { operation: 'acknowledge-approved', status: 'blocked', outcome: 'native-operation-failed', lineage_created: false, mutation_performed: false, mutation_outcome: 'none', next_action: 'resolve-native-operation-failure' },
    expected: { operation: 'acknowledge-approved', status: 'closed', outcome: 'native-approved-acknowledgement-completed', lineage_id: 'agent-end-post-ack-legacy-success', target_identity: 'sha256:aaaaaaaaaaaaaaaaaaaaaaaaaaaaaaaaaaaaaaaaaaaaaaaaaaaaaaaaaaaaaaaa', authority: 'burned', delivery: 'ordinary-repository-policy', mutation_performed: true, mutation_outcome: 'committed' },
    operator: 'deepStrictEqual',
    diff: 'simple'
  }

test at tests\review-agent-end-preflight.test.ts:138:2
✖ agent_end after approved acknowledgement: new-write (588.3929ms)
  AssertionError [ERR_ASSERTION]: Expected values to be strictly deep-equal:
  + actual - expected
  
    {
  +   lineage_created: false,
  +   mutation_outcome: 'none',
  +   mutation_performed: false,
  +   next_action: 'resolve-native-operation-failure',
  -   authority: 'burned',
  -   burn_evidence: 'gentle-ai.review-acknowledged/v1',
  -   consumed_revision: 'sha256:aaaaaaaaaaaaaaaaaaaaaaaaaaaaaaaaaaaaaaaaaaaaaaaaaaaaaaaaaaaaaaaa',
  -   delivery: 'ordinary-repository-policy',
  -   lineage_id: 'agent-end-post-ack-new-write',
  -   mutation_outcome: 'committed',
  -   mutation_performed: true,
      operation: 'acknowledge-approved',
  +   outcome: 'native-operation-failed',
  +   status: 'blocked'
  -   outcome: 'native-approved-acknowledgement-completed',
  -   status: 'closed',
  -   target_identity: 'sha256:aaaaaaaaaaaaaaaaaaaaaaaaaaaaaaaaaaaaaaaaaaaaaaaaaaaaaaaaaaaaaaaa'
    }
  
      at TestContext.<anonymous> (file:///D:/jero-pi/gentle-pi-main/tests/review-agent-end-preflight.test.ts:217:17)
      at async Test.run (node:internal/test_runner/test:1110:7)
      at async Test.processPendingSubtests (node:internal/test_runner/test:785:7) {
    generatedMessage: true,
    code: 'ERR_ASSERTION',
    actual: { operation: 'acknowledge-approved', status: 'blocked', outcome: 'native-operation-failed', lineage_created: false, mutation_performed: false, mutation_outcome: 'none', next_action: 'resolve-native-operation-failure' },
    expected: { operation: 'acknowledge-approved', status: 'closed', outcome: 'native-approved-acknowledgement-completed', lineage_id: 'agent-end-post-ack-new-write', target_identity: 'sha256:aaaaaaaaaaaaaaaaaaaaaaaaaaaaaaaaaaaaaaaaaaaaaaaaaaaaaaaaaaaaaaaa', consumed_revision: 'sha256:aaaaaaaaaaaaaaaaaaaaaaaaaaaaaaaaaaaaaaaaaaaaaaaaaaaaaaaaaaaaaaaa', burn_evidence: 'gentle-ai.review-acknowledged/v1', authority: 'burned', delivery: 'ordinary-repository-policy', mutation_performed: true, mutation_outcome: 'committed' },
    operator: 'deepStrictEqual',
    diff: 'simple'
  }

test at tests\review-agent-end-preflight.test.ts:138:2
✖ agent_end after approved acknowledgement: concurrent-write (551.5973ms)
  AssertionError [ERR_ASSERTION]: Expected values to be strictly deep-equal:
  + actual - expected
  
    {
  +   lineage_created: false,
  +   mutation_outcome: 'none',
  +   mutation_performed: false,
  +   next_action: 'resolve-native-operation-failure',
  -   authority: 'burned',
  -   burn_evidence: 'gentle-ai.review-acknowledged/v1',
  -   consumed_revision: 'sha256:aaaaaaaaaaaaaaaaaaaaaaaaaaaaaaaaaaaaaaaaaaaaaaaaaaaaaaaaaaaaaaaa',
  -   delivery: 'ordinary-repository-policy',
  -   lineage_id: 'agent-end-post-ack-concurrent-write',
  -   mutation_outcome: 'committed',
  -   mutation_performed: true,
      operation: 'acknowledge-approved',
  +   outcome: 'native-operation-failed',
  +   status: 'blocked'
  -   outcome: 'native-approved-acknowledgement-completed',
  -   status: 'closed',
  -   target_identity: 'sha256:aaaaaaaaaaaaaaaaaaaaaaaaaaaaaaaaaaaaaaaaaaaaaaaaaaaaaaaaaaaaaaaa'
    }
  
      at TestContext.<anonymous> (file:///D:/jero-pi/gentle-pi-main/tests/review-agent-end-preflight.test.ts:217:17)
      at async Test.run (node:internal/test_runner/test:1110:7)
      at async Test.processPendingSubtests (node:internal/test_runner/test:785:7) {
    generatedMessage: true,
    code: 'ERR_ASSERTION',
    actual: { operation: 'acknowledge-approved', status: 'blocked', outcome: 'native-operation-failed', lineage_created: false, mutation_performed: false, mutation_outcome: 'none', next_action: 'resolve-native-operation-failure' },
    expected: { operation: 'acknowledge-approved', status: 'closed', outcome: 'native-approved-acknowledgement-completed', lineage_id: 'agent-end-post-ack-concurrent-write', target_identity: 'sha256:aaaaaaaaaaaaaaaaaaaaaaaaaaaaaaaaaaaaaaaaaaaaaaaaaaaaaaaaaaaaaaaa', consumed_revision: 'sha256:aaaaaaaaaaaaaaaaaaaaaaaaaaaaaaaaaaaaaaaaaaaaaaaaaaaaaaaaaaaaaaaa', burn_evidence: 'gentle-ai.review-acknowledged/v1', authority: 'burned', delivery: 'ordinary-repository-policy', mutation_performed: true, mutation_outcome: 'committed' },
    operator: 'deepStrictEqual',
    diff: 'simple'
  }

test at tests\review-gate.test.ts:417:11
✖ nonzero (1515.3241ms)
  AssertionError [ERR_ASSERTION]: Every push ref update matches the approved receipt.
  
  'allow' !== 'deny'
  
      at TestContext.<anonymous> (file:///D:/jero-pi/gentle-pi-main/tests/review-gate.test.ts:426:12)
      at Test.runInAsyncScope (node:async_hooks:214:14)
      at Test.run (node:internal/test_runner/test:1103:25)
      at Test.start (node:internal/test_runner/test:1000:17)
      at TestContext.test (node:internal/test_runner/test:367:20)
      at TestContext.<anonymous> (file:///D:/jero-pi/gentle-pi-main/tests/review-gate.test.ts:417:11)
      at Test.runInAsyncScope (node:async_hooks:214:14)
      at Test.run (node:internal/test_runner/test:1103:25)
      at Test.processPendingSubtests (node:internal/test_runner/test:785:18)
      at Test.postRun (node:internal/test_runner/test:1232:19) {
    generatedMessage: false,
    code: 'ERR_ASSERTION',
    actual: 'allow',
    expected: 'deny',
    operator: 'strictEqual',
    diff: 'simple'
  }

test at tests\review-gate.test.ts:417:11
✖ malformed (1410.331ms)
  AssertionError [ERR_ASSERTION]: Every push ref update matches the approved receipt.
  
  'allow' !== 'deny'
  
      at TestContext.<anonymous> (file:///D:/jero-pi/gentle-pi-main/tests/review-gate.test.ts:426:12)
      at Test.runInAsyncScope (node:async_hooks:214:14)
      at Test.run (node:internal/test_runner/test:1103:25)
      at Test.start (node:internal/test_runner/test:1000:17)
      at TestContext.test (node:internal/test_runner/test:367:20)
      at TestContext.<anonymous> (file:///D:/jero-pi/gentle-pi-main/tests/review-gate.test.ts:417:11)
      at async Test.run (node:internal/test_runner/test:1110:7)
      at async Test.processPendingSubtests (node:internal/test_runner/test:785:7) {
    generatedMessage: false,
    code: 'ERR_ASSERTION',
    actual: 'allow',
    expected: 'deny',
    operator: 'strictEqual',
    diff: 'simple'
  }

test at tests\review-gate.test.ts:417:11
✖ ambiguous (1481.5295ms)
  AssertionError [ERR_ASSERTION]: Every push ref update matches the approved receipt.
  
  'allow' !== 'deny'
  
      at TestContext.<anonymous> (file:///D:/jero-pi/gentle-pi-main/tests/review-gate.test.ts:426:12)
      at Test.runInAsyncScope (node:async_hooks:214:14)
      at Test.run (node:internal/test_runner/test:1103:25)
      at Test.start (node:internal/test_runner/test:1000:17)
      at TestContext.test (node:internal/test_runner/test:367:20)
      at TestContext.<anonymous> (file:///D:/jero-pi/gentle-pi-main/tests/review-gate.test.ts:417:11)
      at async Test.run (node:internal/test_runner/test:1110:7)
      at async Test.processPendingSubtests (node:internal/test_runner/test:785:7) {
    generatedMessage: false,
    code: 'ERR_ASSERTION',
    actual: 'allow',
    expected: 'deny',
    operator: 'strictEqual',
    diff: 'simple'
  }

test at tests\review-host-relay.test.ts:268:1
✖ the central native CLI runner declares the relay contract on every gentle-ai spawn (25.2445ms)
  Error: spawn C:\Users\Administrator\AppData\Local\Temp\gentle-pi-relay-harness-7MNaT2\env-probe ENOENT
      at ChildProcess._handle.onexit (node:internal/child_process:286:19)
      at onErrorNT (node:internal/child_process:484:16)
      at process.processTicksAndRejections (node:internal/process/task_queues:89:21) {
    errno: -4058,
    code: 'ENOENT',
    syscall: 'spawn C:\\Users\\Administrator\\AppData\\Local\\Temp\\gentle-pi-relay-harness-7MNaT2\\env-probe',
    path: 'C:\\Users\\Administrator\\AppData\\Local\\Temp\\gentle-pi-relay-harness-7MNaT2\\env-probe',
    spawnargs: [ 'version' ],
    cmd: 'C:\\Users\\Administrator\\AppData\\Local\\Temp\\gentle-pi-relay-harness-7MNaT2\\env-probe version',
    stdout: '',
    stderr: ''
  }

test at tests\review-host-relay.test.ts:296:1
✖ relay happy path moves prompt and result bytes verbatim through a fresh empty scratch pi subprocess (18.8756ms)
  Error [ReviewHostRelayError]: gentle-ai prompt materialization could not start: spawn C:\Users\Administrator\AppData\Local\Temp\gentle-pi-relay-harness-Wo8a1X\gentle-ai ENOENT
      at prepareReviewHostRelaySlot (file:///D:/jero-pi/gentle-pi-main/lib/review-host-relay.ts:535:9)
      at process.processTicksAndRejections (node:internal/process/task_queues:103:5)
      at async runReviewHostRelaySlot (file:///D:/jero-pi/gentle-pi-main/lib/review-host-relay.ts:691:51)
      at async TestContext.<anonymous> (file:///D:/jero-pi/gentle-pi-main/tests/review-host-relay.test.ts:298:17)
      at async Test.run (node:internal/test_runner/test:1110:7)
      at async Test.processPendingSubtests (node:internal/test_runner/test:785:7) {
    kind: 'materialize-failed',
    stage: 'materialize',
    exitCode: null,
    stderr: '',
    timedOut: false,
    elapsedMs: null,
    timeoutMs: null,
    mutationOutcome: 'none'
  }

test at tests\review-host-relay.test.ts:338:1
✖ the pi lockdown argv is pinned exactly with no model or provider selection (10.2819ms)
  Error [ReviewHostRelayError]: gentle-ai prompt materialization could not start: spawn C:\Users\Administrator\AppData\Local\Temp\gentle-pi-relay-harness-p7aVi3\gentle-ai ENOENT
      at prepareReviewHostRelaySlot (file:///D:/jero-pi/gentle-pi-main/lib/review-host-relay.ts:535:9)
      at process.processTicksAndRejections (node:internal/process/task_queues:103:5)
      at async runReviewHostRelaySlot (file:///D:/jero-pi/gentle-pi-main/lib/review-host-relay.ts:691:51)
      at async TestContext.<anonymous> (file:///D:/jero-pi/gentle-pi-main/tests/review-host-relay.test.ts:340:2)
      at async Test.run (node:internal/test_runner/test:1110:7)
      at async Test.processPendingSubtests (node:internal/test_runner/test:785:7) {
    kind: 'materialize-failed',
    stage: 'materialize',
    exitCode: null,
    stderr: '',
    timedOut: false,
    elapsedMs: null,
    timeoutMs: null,
    mutationOutcome: 'none'
  }

test at tests\review-host-relay.test.ts:359:1
✖ preparation snapshots mutable submission tokens and values before materialization (23.2096ms)
  Error [ReviewHostRelayError]: gentle-ai prompt materialization could not start: spawn C:\Users\Administrator\AppData\Local\Temp\gentle-pi-relay-harness-meKKFI\gentle-ai ENOENT
      at prepareReviewHostRelaySlot (file:///D:/jero-pi/gentle-pi-main/lib/review-host-relay.ts:535:9)
      at process.processTicksAndRejections (node:internal/process/task_queues:103:5) {
    kind: 'materialize-failed',
    stage: 'materialize',
    exitCode: null,
    stderr: '',
    timedOut: false,
    elapsedMs: null,
    timeoutMs: null,
    mutationOutcome: 'none'
  }

test at tests\review-host-relay.test.ts:388:1
✖ preparation keeps reviewer bytes private through deferred submission (11.5758ms)
  Error [ReviewHostRelayError]: gentle-ai prompt materialization could not start: spawn C:\Users\Administrator\AppData\Local\Temp\gentle-pi-relay-harness-CXG0Xt\gentle-ai ENOENT
      at prepareReviewHostRelaySlot (file:///D:/jero-pi/gentle-pi-main/lib/review-host-relay.ts:535:9)
      at process.processTicksAndRejections (node:internal/process/task_queues:103:5)
      at async TestContext.<anonymous> (file:///D:/jero-pi/gentle-pi-main/tests/review-host-relay.test.ts:391:19)
      at async Test.run (node:internal/test_runner/test:1110:7)
      at async Test.processPendingSubtests (node:internal/test_runner/test:785:7) {
    kind: 'materialize-failed',
    stage: 'materialize',
    exitCode: null,
    stderr: '',
    timedOut: false,
    elapsedMs: null,
    timeoutMs: null,
    mutationOutcome: 'none'
  }

test at tests\review-host-relay.test.ts:408:1
✖ the supplied AbortSignal stays live through deferred submission (10.4075ms)
  Error [ReviewHostRelayError]: gentle-ai prompt materialization could not start: spawn C:\Users\Administrator\AppData\Local\Temp\gentle-pi-relay-harness-2YeWat\gentle-ai ENOENT
      at prepareReviewHostRelaySlot (file:///D:/jero-pi/gentle-pi-main/lib/review-host-relay.ts:535:9)
      at process.processTicksAndRejections (node:internal/process/task_queues:103:5)
      at async TestContext.<anonymous> (file:///D:/jero-pi/gentle-pi-main/tests/review-host-relay.test.ts:411:19)
      at async Test.run (node:internal/test_runner/test:1110:7)
      at async Test.processPendingSubtests (node:internal/test_runner/test:785:7) {
    kind: 'materialize-failed',
    stage: 'materialize',
    exitCode: null,
    stderr: '',
    timedOut: false,
    elapsedMs: null,
    timeoutMs: null,
    mutationOutcome: 'none'
  }

test at tests\review-host-relay.test.ts:418:1
✖ four reviewers cross a shared barrier before any result submission can begin (11.2632ms)
  Error [ReviewHostRelayError]: gentle-ai prompt materialization could not start: spawn C:\Users\Administrator\AppData\Local\Temp\gentle-pi-relay-harness-sAGo1J\gentle-ai ENOENT
      at prepareReviewHostRelaySlot (file:///D:/jero-pi/gentle-pi-main/lib/review-host-relay.ts:535:9)
      at process.processTicksAndRejections (node:internal/process/task_queues:103:5)
      at async file:///D:/jero-pi/gentle-pi-main/lib/review-host-relay.ts:609:75
      at async Promise.allSettled (index 0)
      at async runReviewHostRelayReviewerGroup (file:///D:/jero-pi/gentle-pi-main/lib/review-host-relay.ts:609:18)
      at async TestContext.<anonymous> (file:///D:/jero-pi/gentle-pi-main/tests/review-host-relay.test.ts:430:19)
      at async Test.run (node:internal/test_runner/test:1110:7)
      at async Test.processPendingSubtests (node:internal/test_runner/test:785:7) {
    kind: 'materialize-failed',
    stage: 'materialize',
    exitCode: null,
    stderr: '',
    timedOut: false,
    elapsedMs: null,
    timeoutMs: null,
    mutationOutcome: 'none'
  }

test at tests\review-host-relay.test.ts:502:1
✖ materialize nonzero exit fails closed with a typed error and never launches pi or submits (12.0695ms)
  AssertionError [ERR_ASSERTION]: Expected values to be strictly equal:
  
  null !== 3
  
      at TestContext.<anonymous> (file:///D:/jero-pi/gentle-pi-main/tests/review-host-relay.test.ts:505:9)
      at process.processTicksAndRejections (node:internal/process/task_queues:103:5)
      at async Test.run (node:internal/test_runner/test:1110:7)
      at async Test.processPendingSubtests (node:internal/test_runner/test:785:7) {
    generatedMessage: true,
    code: 'ERR_ASSERTION',
    actual: null,
    expected: 3,
    operator: 'strictEqual',
    diff: 'simple'
  }

test at tests\review-host-relay.test.ts:512:1
✖ an empty materialized prompt fails closed before pi launches (9.3073ms)
  AssertionError [ERR_ASSERTION]: The validation function is expected to return "true". Received false
  
  Caught error:
  
  ReviewHostRelayError: gentle-ai prompt materialization could not start: spawn C:\Users\Administrator\AppData\Local\Temp\gentle-pi-relay-harness-XMjFb3\gentle-ai ENOENT
      at process.processTicksAndRejections (node:internal/process/task_queues:103:5)
      at async rejectsWithRelayError (file:///D:/jero-pi/gentle-pi-main/tests/review-host-relay.test.ts:256:2)
      at async TestContext.<anonymous> (file:///D:/jero-pi/gentle-pi-main/tests/review-host-relay.test.ts:514:2)
      at async Test.run (node:internal/test_runner/test:1110:7)
      at async Test.processPendingSubtests (node:internal/test_runner/test:785:7) {
    generatedMessage: true,
    code: 'ERR_ASSERTION',
    actual: ReviewHostRelayError: gentle-ai prompt materialization could not start: spawn C:\Users\Administrator\AppData\Local\Temp\gentle-pi-relay-harness-XMjFb3\gentle-ai ENOENT
        at prepareReviewHostRelaySlot (file:///D:/jero-pi/gentle-pi-main/lib/review-host-relay.ts:535:9)
        at process.processTicksAndRejections (node:internal/process/task_queues:103:5)
        at async runReviewHostRelaySlot (file:///D:/jero-pi/gentle-pi-main/lib/review-host-relay.ts:691:51)
        at async waitForActual (node:assert:646:5)
        at async strict.rejects (node:assert:769:25)
        at async rejectsWithRelayError (file:///D:/jero-pi/gentle-pi-main/tests/review-host-relay.test.ts:256:2)
        at async TestContext.<anonymous> (file:///D:/jero-pi/gentle-pi-main/tests/review-host-relay.test.ts:514:2)
        at async Test.run (node:internal/test_runner/test:1110:7)
        at async Test.processPendingSubtests (node:internal/test_runner/test:785:7),
    operator: 'rejects',
    diff: 'simple'
  }

test at tests\review-host-relay.test.ts:519:1
✖ pi nonzero exit fails closed with a typed error and no submission (12.8961ms)
  AssertionError [ERR_ASSERTION]: The validation function is expected to return "true". Received false
  
  Caught error:
  
  ReviewHostRelayError: gentle-ai prompt materialization could not start: spawn C:\Users\Administrator\AppData\Local\Temp\gentle-pi-relay-harness-7cqfjA\gentle-ai ENOENT
      at process.processTicksAndRejections (node:internal/process/task_queues:103:5)
      at async rejectsWithRelayError (file:///D:/jero-pi/gentle-pi-main/tests/review-host-relay.test.ts:256:2)
      at async TestContext.<anonymous> (file:///D:/jero-pi/gentle-pi-main/tests/review-host-relay.test.ts:521:16)
      at async Test.run (node:internal/test_runner/test:1110:7)
      at async Test.processPendingSubtests (node:internal/test_runner/test:785:7) {
    generatedMessage: true,
    code: 'ERR_ASSERTION',
    actual: ReviewHostRelayError: gentle-ai prompt materialization could not start: spawn C:\Users\Administrator\AppData\Local\Temp\gentle-pi-relay-harness-7cqfjA\gentle-ai ENOENT
        at prepareReviewHostRelaySlot (file:///D:/jero-pi/gentle-pi-main/lib/review-host-relay.ts:535:9)
        at process.processTicksAndRejections (node:internal/process/task_queues:103:5)
        at async runReviewHostRelaySlot (file:///D:/jero-pi/gentle-pi-main/lib/review-host-relay.ts:691:51)
        at async waitForActual (node:assert:646:5)
        at async strict.rejects (node:assert:769:25)
        at async rejectsWithRelayError (file:///D:/jero-pi/gentle-pi-main/tests/review-host-relay.test.ts:256:2)
        at async TestContext.<anonymous> (file:///D:/jero-pi/gentle-pi-main/tests/review-host-relay.test.ts:521:16)
        at async Test.run (node:internal/test_runner/test:1110:7)
        at async Test.processPendingSubtests (node:internal/test_runner/test:785:7),
    operator: 'rejects',
    diff: 'simple'
  }

test at tests\review-host-relay.test.ts:528:1
✖ empty pi stdout fails closed with a typed error and no submission (11.3032ms)
  AssertionError [ERR_ASSERTION]: The validation function is expected to return "true". Received false
  
  Caught error:
  
  ReviewHostRelayError: gentle-ai prompt materialization could not start: spawn C:\Users\Administrator\AppData\Local\Temp\gentle-pi-relay-harness-ewLL5I\gentle-ai ENOENT
      at process.processTicksAndRejections (node:internal/process/task_queues:103:5)
      at async rejectsWithRelayError (file:///D:/jero-pi/gentle-pi-main/tests/review-host-relay.test.ts:256:2)
      at async TestContext.<anonymous> (file:///D:/jero-pi/gentle-pi-main/tests/review-host-relay.test.ts:530:2)
      at async Test.run (node:internal/test_runner/test:1110:7)
      at async Test.processPendingSubtests (node:internal/test_runner/test:785:7) {
    generatedMessage: true,
    code: 'ERR_ASSERTION',
    actual: ReviewHostRelayError: gentle-ai prompt materialization could not start: spawn C:\Users\Administrator\AppData\Local\Temp\gentle-pi-relay-harness-ewLL5I\gentle-ai ENOENT
        at prepareReviewHostRelaySlot (file:///D:/jero-pi/gentle-pi-main/lib/review-host-relay.ts:535:9)
        at process.processTicksAndRejections (node:internal/process/task_queues:103:5)
        at async runReviewHostRelaySlot (file:///D:/jero-pi/gentle-pi-main/lib/review-host-relay.ts:691:51)
        at async waitForActual (node:assert:646:5)
        at async strict.rejects (node:assert:769:25)
        at async rejectsWithRelayError (file:///D:/jero-pi/gentle-pi-main/tests/review-host-relay.test.ts:256:2)
        at async TestContext.<anonymous> (file:///D:/jero-pi/gentle-pi-main/tests/review-host-relay.test.ts:530:2)
        at async Test.run (node:internal/test_runner/test:1110:7)
        at async Test.processPendingSubtests (node:internal/test_runner/test:785:7),
    operator: 'rejects',
    diff: 'simple'
  }

test at tests\review-host-relay.test.ts:535:1
✖ pi timeout fails closed with a typed error and no submission (9.7062ms)
  AssertionError [ERR_ASSERTION]: The validation function is expected to return "true". Received false
  
  Caught error:
  
  ReviewHostRelayError: gentle-ai prompt materialization could not start: spawn C:\Users\Administrator\AppData\Local\Temp\gentle-pi-relay-harness-xkDdOT\gentle-ai ENOENT
      at process.processTicksAndRejections (node:internal/process/task_queues:103:5)
      at async rejectsWithRelayError (file:///D:/jero-pi/gentle-pi-main/tests/review-host-relay.test.ts:256:2)
      at async TestContext.<anonymous> (file:///D:/jero-pi/gentle-pi-main/tests/review-host-relay.test.ts:537:16)
      at async Test.run (node:internal/test_runner/test:1110:7)
      at async Test.processPendingSubtests (node:internal/test_runner/test:785:7) {
    generatedMessage: true,
    code: 'ERR_ASSERTION',
    actual: ReviewHostRelayError: gentle-ai prompt materialization could not start: spawn C:\Users\Administrator\AppData\Local\Temp\gentle-pi-relay-harness-xkDdOT\gentle-ai ENOENT
        at prepareReviewHostRelaySlot (file:///D:/jero-pi/gentle-pi-main/lib/review-host-relay.ts:535:9)
        at process.processTicksAndRejections (node:internal/process/task_queues:103:5)
        at async runReviewHostRelaySlot (file:///D:/jero-pi/gentle-pi-main/lib/review-host-relay.ts:691:51)
        at async waitForActual (node:assert:646:5)
        at async strict.rejects (node:assert:769:25)
        at async rejectsWithRelayError (file:///D:/jero-pi/gentle-pi-main/tests/review-host-relay.test.ts:256:2)
        at async TestContext.<anonymous> (file:///D:/jero-pi/gentle-pi-main/tests/review-host-relay.test.ts:537:16)
        at async Test.run (node:internal/test_runner/test:1110:7)
        at async Test.processPendingSubtests (node:internal/test_runner/test:785:7),
    operator: 'rejects',
    diff: 'simple'
  }

test at tests\review-host-relay.test.ts:579:1
✖ the production relay path resolves the reviewer bound from the environment, with no injected timeout (7.5837ms)
  AssertionError [ERR_ASSERTION]: The validation function is expected to return "true". Received false
  
  Caught error:
  
  ReviewHostRelayError: gentle-ai prompt materialization could not start: spawn C:\Users\Administrator\AppData\Local\Temp\gentle-pi-relay-harness-1cjJCi\gentle-ai ENOENT
      at process.processTicksAndRejections (node:internal/process/task_queues:103:5)
      at async rejectsWithRelayError (file:///D:/jero-pi/gentle-pi-main/tests/review-host-relay.test.ts:256:2)
      at async TestContext.<anonymous> (file:///D:/jero-pi/gentle-pi-main/tests/review-host-relay.test.ts:584:16)
      at async Test.run (node:internal/test_runner/test:1110:7)
      at async Test.processPendingSubtests (node:internal/test_runner/test:785:7) {
    generatedMessage: true,
    code: 'ERR_ASSERTION',
    actual: ReviewHostRelayError: gentle-ai prompt materialization could not start: spawn C:\Users\Administrator\AppData\Local\Temp\gentle-pi-relay-harness-1cjJCi\gentle-ai ENOENT
        at prepareReviewHostRelaySlot (file:///D:/jero-pi/gentle-pi-main/lib/review-host-relay.ts:535:9)
        at process.processTicksAndRejections (node:internal/process/task_queues:103:5)
        at async runReviewHostRelaySlot (file:///D:/jero-pi/gentle-pi-main/lib/review-host-relay.ts:691:51)
        at async waitForActual (node:assert:646:5)
        at async strict.rejects (node:assert:769:25)
        at async rejectsWithRelayError (file:///D:/jero-pi/gentle-pi-main/tests/review-host-relay.test.ts:256:2)
        at async TestContext.<anonymous> (file:///D:/jero-pi/gentle-pi-main/tests/review-host-relay.test.ts:584:16)
        at async Test.run (node:internal/test_runner/test:1110:7)
        at async Test.processPendingSubtests (node:internal/test_runner/test:785:7),
    operator: 'rejects',
    diff: 'simple'
  }

test at tests\review-host-relay.test.ts:595:1
✖ a relay Pi timeout keeps its typed mapping and timing evidence when opaque scratch cleanup also fails (12.3355ms)
  AssertionError [ERR_ASSERTION]: The validation function is expected to return "true". Received false
  
  Caught error:
  
  ReviewHostRelayError: gentle-ai prompt materialization could not start: spawn C:\Users\Administrator\AppData\Local\Temp\gentle-pi-relay-harness-Sl1tom\gentle-ai ENOENT
      at process.processTicksAndRejections (node:internal/process/task_queues:103:5)
      at async rejectsWithRelayError (file:///D:/jero-pi/gentle-pi-main/tests/review-host-relay.test.ts:256:2)
      at async TestContext.<anonymous> (file:///D:/jero-pi/gentle-pi-main/tests/review-host-relay.test.ts:601:17)
      at async Test.run (node:internal/test_runner/test:1110:7)
      at async Test.processPendingSubtests (node:internal/test_runner/test:785:7) {
    generatedMessage: true,
    code: 'ERR_ASSERTION',
    actual: ReviewHostRelayError: gentle-ai prompt materialization could not start: spawn C:\Users\Administrator\AppData\Local\Temp\gentle-pi-relay-harness-Sl1tom\gentle-ai ENOENT
        at prepareReviewHostRelaySlot (file:///D:/jero-pi/gentle-pi-main/lib/review-host-relay.ts:535:9)
        at process.processTicksAndRejections (node:internal/process/task_queues:103:5)
        at async runReviewHostRelaySlot (file:///D:/jero-pi/gentle-pi-main/lib/review-host-relay.ts:691:51)
        at async waitForActual (node:assert:646:5)
        at async strict.rejects (node:assert:769:25)
        at async rejectsWithRelayError (file:///D:/jero-pi/gentle-pi-main/tests/review-host-relay.test.ts:256:2)
        at async TestContext.<anonymous> (file:///D:/jero-pi/gentle-pi-main/tests/review-host-relay.test.ts:601:17)
        at async Test.run (node:internal/test_runner/test:1110:7)
        at async Test.processPendingSubtests (node:internal/test_runner/test:785:7),
    operator: 'rejects',
    diff: 'simple'
  }

test at tests\review-host-relay.test.ts:617:1
✖ a killed reviewer reports elapsed, limit, and what to change instead of an opaque transport failure (11.7877ms)
  AssertionError [ERR_ASSERTION]: The validation function is expected to return "true". Received false
  
  Caught error:
  
  ReviewHostRelayError: gentle-ai prompt materialization could not start: spawn C:\Users\Administrator\AppData\Local\Temp\gentle-pi-relay-harness-ZaOtFJ\gentle-ai ENOENT
      at process.processTicksAndRejections (node:internal/process/task_queues:103:5)
      at async rejectsWithRelayError (file:///D:/jero-pi/gentle-pi-main/tests/review-host-relay.test.ts:256:2)
      at async TestContext.<anonymous> (file:///D:/jero-pi/gentle-pi-main/tests/review-host-relay.test.ts:619:16)
      at async Test.run (node:internal/test_runner/test:1110:7)
      at async Test.processPendingSubtests (node:internal/test_runner/test:785:7) {
    generatedMessage: true,
    code: 'ERR_ASSERTION',
    actual: ReviewHostRelayError: gentle-ai prompt materialization could not start: spawn C:\Users\Administrator\AppData\Local\Temp\gentle-pi-relay-harness-ZaOtFJ\gentle-ai ENOENT
        at prepareReviewHostRelaySlot (file:///D:/jero-pi/gentle-pi-main/lib/review-host-relay.ts:535:9)
        at process.processTicksAndRejections (node:internal/process/task_queues:103:5)
        at async runReviewHostRelaySlot (file:///D:/jero-pi/gentle-pi-main/lib/review-host-relay.ts:691:51)
        at async waitForActual (node:assert:646:5)
        at async strict.rejects (node:assert:769:25)
        at async rejectsWithRelayError (file:///D:/jero-pi/gentle-pi-main/tests/review-host-relay.test.ts:256:2)
        at async TestContext.<anonymous> (file:///D:/jero-pi/gentle-pi-main/tests/review-host-relay.test.ts:619:16)
        at async Test.run (node:internal/test_runner/test:1110:7)
        at async Test.processPendingSubtests (node:internal/test_runner/test:785:7),
    operator: 'rejects',
    diff: 'simple'
  }

test at tests\review-host-relay.test.ts:630:1
✖ a crashed reviewer stays distinguishable from a killed one and still carries its measurements (11.191ms)
  AssertionError [ERR_ASSERTION]: The validation function is expected to return "true". Received false
  
  Caught error:
  
  ReviewHostRelayError: gentle-ai prompt materialization could not start: spawn C:\Users\Administrator\AppData\Local\Temp\gentle-pi-relay-harness-Xmiz3S\gentle-ai ENOENT
      at process.processTicksAndRejections (node:internal/process/task_queues:103:5)
      at async rejectsWithRelayError (file:///D:/jero-pi/gentle-pi-main/tests/review-host-relay.test.ts:256:2)
      at async TestContext.<anonymous> (file:///D:/jero-pi/gentle-pi-main/tests/review-host-relay.test.ts:632:16)
      at async Test.run (node:internal/test_runner/test:1110:7)
      at async Test.processPendingSubtests (node:internal/test_runner/test:785:7) {
    generatedMessage: true,
    code: 'ERR_ASSERTION',
    actual: ReviewHostRelayError: gentle-ai prompt materialization could not start: spawn C:\Users\Administrator\AppData\Local\Temp\gentle-pi-relay-harness-Xmiz3S\gentle-ai ENOENT
        at prepareReviewHostRelaySlot (file:///D:/jero-pi/gentle-pi-main/lib/review-host-relay.ts:535:9)
        at process.processTicksAndRejections (node:internal/process/task_queues:103:5)
        at async runReviewHostRelaySlot (file:///D:/jero-pi/gentle-pi-main/lib/review-host-relay.ts:691:51)
        at async waitForActual (node:assert:646:5)
        at async strict.rejects (node:assert:769:25)
        at async rejectsWithRelayError (file:///D:/jero-pi/gentle-pi-main/tests/review-host-relay.test.ts:256:2)
        at async TestContext.<anonymous> (file:///D:/jero-pi/gentle-pi-main/tests/review-host-relay.test.ts:632:16)
        at async Test.run (node:internal/test_runner/test:1110:7)
        at async Test.processPendingSubtests (node:internal/test_runner/test:785:7),
    operator: 'rejects',
    diff: 'simple'
  }

test at tests\review-host-relay.test.ts:639:1
✖ submission refusal is a typed error whose outcome is unknown pending STATUS (10.9968ms)
  AssertionError [ERR_ASSERTION]: The validation function is expected to return "true". Received false
  
  Caught error:
  
  ReviewHostRelayError: gentle-ai prompt materialization could not start: spawn C:\Users\Administrator\AppData\Local\Temp\gentle-pi-relay-harness-IvdPL8\gentle-ai ENOENT
      at process.processTicksAndRejections (node:internal/process/task_queues:103:5)
      at async rejectsWithRelayError (file:///D:/jero-pi/gentle-pi-main/tests/review-host-relay.test.ts:256:2)
      at async TestContext.<anonymous> (file:///D:/jero-pi/gentle-pi-main/tests/review-host-relay.test.ts:641:16)
      at async Test.run (node:internal/test_runner/test:1110:7)
      at async Test.processPendingSubtests (node:internal/test_runner/test:785:7) {
    generatedMessage: true,
    code: 'ERR_ASSERTION',
    actual: ReviewHostRelayError: gentle-ai prompt materialization could not start: spawn C:\Users\Administrator\AppData\Local\Temp\gentle-pi-relay-harness-IvdPL8\gentle-ai ENOENT
        at prepareReviewHostRelaySlot (file:///D:/jero-pi/gentle-pi-main/lib/review-host-relay.ts:535:9)
        at process.processTicksAndRejections (node:internal/process/task_queues:103:5)
        at async runReviewHostRelaySlot (file:///D:/jero-pi/gentle-pi-main/lib/review-host-relay.ts:691:51)
        at async waitForActual (node:assert:646:5)
        at async strict.rejects (node:assert:769:25)
        at async rejectsWithRelayError (file:///D:/jero-pi/gentle-pi-main/tests/review-host-relay.test.ts:256:2)
        at async TestContext.<anonymous> (file:///D:/jero-pi/gentle-pi-main/tests/review-host-relay.test.ts:641:16)
        at async Test.run (node:internal/test_runner/test:1110:7)
        at async Test.processPendingSubtests (node:internal/test_runner/test:785:7),
    operator: 'rejects',
    diff: 'simple'
  }

test at tests\review-host-relay.test.ts:661:1
✖ a reviewer printing garbage is refused at admission as a proven non-mutation carrying Go's refusal (12.3361ms)
  AssertionError [ERR_ASSERTION]: The validation function is expected to return "true". Received false
  
  Caught error:
  
  ReviewHostRelayError: gentle-ai prompt materialization could not start: spawn C:\Users\Administrator\AppData\Local\Temp\gentle-pi-relay-harness-tOk6TG\gentle-ai ENOENT
      at process.processTicksAndRejections (node:internal/process/task_queues:103:5)
      at async rejectsWithRelayError (file:///D:/jero-pi/gentle-pi-main/tests/review-host-relay.test.ts:256:2)
      at async TestContext.<anonymous> (file:///D:/jero-pi/gentle-pi-main/tests/review-host-relay.test.ts:663:16)
      at async Test.run (node:internal/test_runner/test:1110:7)
      at async Test.processPendingSubtests (node:internal/test_runner/test:785:7) {
    generatedMessage: true,
    code: 'ERR_ASSERTION',
    actual: ReviewHostRelayError: gentle-ai prompt materialization could not start: spawn C:\Users\Administrator\AppData\Local\Temp\gentle-pi-relay-harness-tOk6TG\gentle-ai ENOENT
        at prepareReviewHostRelaySlot (file:///D:/jero-pi/gentle-pi-main/lib/review-host-relay.ts:535:9)
        at process.processTicksAndRejections (node:internal/process/task_queues:103:5)
        at async runReviewHostRelaySlot (file:///D:/jero-pi/gentle-pi-main/lib/review-host-relay.ts:691:51)
        at async waitForActual (node:assert:646:5)
        at async strict.rejects (node:assert:769:25)
        at async rejectsWithRelayError (file:///D:/jero-pi/gentle-pi-main/tests/review-host-relay.test.ts:256:2)
        at async TestContext.<anonymous> (file:///D:/jero-pi/gentle-pi-main/tests/review-host-relay.test.ts:663:16)
        at async Test.run (node:internal/test_runner/test:1110:7)
        at async Test.processPendingSubtests (node:internal/test_runner/test:785:7),
    operator: 'rejects',
    diff: 'simple'
  }

test at tests\review-host-relay.test.ts:677:1
✖ a reviewer echoing a different subject is refused at admission as a proven non-mutation carrying Go's continuation (9.6104ms)
  AssertionError [ERR_ASSERTION]: The validation function is expected to return "true". Received false
  
  Caught error:
  
  ReviewHostRelayError: gentle-ai prompt materialization could not start: spawn C:\Users\Administrator\AppData\Local\Temp\gentle-pi-relay-harness-Xd48GM\gentle-ai ENOENT
      at process.processTicksAndRejections (node:internal/process/task_queues:103:5)
      at async rejectsWithRelayError (file:///D:/jero-pi/gentle-pi-main/tests/review-host-relay.test.ts:256:2)
      at async TestContext.<anonymous> (file:///D:/jero-pi/gentle-pi-main/tests/review-host-relay.test.ts:680:16)
      at async Test.run (node:internal/test_runner/test:1110:7)
      at async Test.processPendingSubtests (node:internal/test_runner/test:785:7) {
    generatedMessage: true,
    code: 'ERR_ASSERTION',
    actual: ReviewHostRelayError: gentle-ai prompt materialization could not start: spawn C:\Users\Administrator\AppData\Local\Temp\gentle-pi-relay-harness-Xd48GM\gentle-ai ENOENT
        at prepareReviewHostRelaySlot (file:///D:/jero-pi/gentle-pi-main/lib/review-host-relay.ts:535:9)
        at process.processTicksAndRejections (node:internal/process/task_queues:103:5)
        at async runReviewHostRelaySlot (file:///D:/jero-pi/gentle-pi-main/lib/review-host-relay.ts:691:51)
        at async waitForActual (node:assert:646:5)
        at async strict.rejects (node:assert:769:25)
        at async rejectsWithRelayError (file:///D:/jero-pi/gentle-pi-main/tests/review-host-relay.test.ts:256:2)
        at async TestContext.<anonymous> (file:///D:/jero-pi/gentle-pi-main/tests/review-host-relay.test.ts:680:16)
        at async Test.run (node:internal/test_runner/test:1110:7)
        at async Test.processPendingSubtests (node:internal/test_runner/test:785:7),
    operator: 'rejects',
    diff: 'simple'
  }

test at tests\review-host-relay.test.ts:694:1
✖ a submission the fake admits with the expected subject still completes (11.8687ms)
  Error [ReviewHostRelayError]: gentle-ai prompt materialization could not start: spawn C:\Users\Administrator\AppData\Local\Temp\gentle-pi-relay-harness-HVxSn5\gentle-ai ENOENT
      at prepareReviewHostRelaySlot (file:///D:/jero-pi/gentle-pi-main/lib/review-host-relay.ts:535:9)
      at process.processTicksAndRejections (node:internal/process/task_queues:103:5)
      at async runReviewHostRelaySlot (file:///D:/jero-pi/gentle-pi-main/lib/review-host-relay.ts:691:51)
      at async TestContext.<anonymous> (file:///D:/jero-pi/gentle-pi-main/tests/review-host-relay.test.ts:696:17)
      at async Test.run (node:internal/test_runner/test:1110:7)
      at async Test.processPendingSubtests (node:internal/test_runner/test:785:7) {
    kind: 'materialize-failed',
    stage: 'materialize',
    exitCode: null,
    stderr: '',
    timedOut: false,
    elapsedMs: null,
    timeoutMs: null,
    mutationOutcome: 'none'
  }

test at tests\review-host-relay.test.ts:700:1
✖ submission refusal preserves its primary evidence when result staging cleanup also fails (13.889ms)
  AssertionError [ERR_ASSERTION]: The validation function is expected to return "true". Received false
  
  Caught error:
  
  ReviewHostRelayError: gentle-ai prompt materialization could not start: spawn C:\Users\Administrator\AppData\Local\Temp\gentle-pi-relay-harness-cy75hz\gentle-ai ENOENT
      at process.processTicksAndRejections (node:internal/process/task_queues:103:5)
      at async rejectsWithRelayError (file:///D:/jero-pi/gentle-pi-main/tests/review-host-relay.test.ts:256:2)
      at async TestContext.<anonymous> (file:///D:/jero-pi/gentle-pi-main/tests/review-host-relay.test.ts:706:17)
      at async Test.run (node:internal/test_runner/test:1110:7)
      at async Test.processPendingSubtests (node:internal/test_runner/test:785:7) {
    generatedMessage: true,
    code: 'ERR_ASSERTION',
    actual: ReviewHostRelayError: gentle-ai prompt materialization could not start: spawn C:\Users\Administrator\AppData\Local\Temp\gentle-pi-relay-harness-cy75hz\gentle-ai ENOENT
        at prepareReviewHostRelaySlot (file:///D:/jero-pi/gentle-pi-main/lib/review-host-relay.ts:535:9)
        at process.processTicksAndRejections (node:internal/process/task_queues:103:5)
        at async runReviewHostRelaySlot (file:///D:/jero-pi/gentle-pi-main/lib/review-host-relay.ts:691:51)
        at async waitForActual (node:assert:646:5)
        at async strict.rejects (node:assert:769:25)
        at async rejectsWithRelayError (file:///D:/jero-pi/gentle-pi-main/tests/review-host-relay.test.ts:256:2)
        at async TestContext.<anonymous> (file:///D:/jero-pi/gentle-pi-main/tests/review-host-relay.test.ts:706:17)
        at async Test.run (node:internal/test_runner/test:1110:7)
        at async Test.processPendingSubtests (node:internal/test_runner/test:785:7),
    operator: 'rejects',
    diff: 'simple'
  }

test at tests\review-host-relay.test.ts:725:1
✖ relay scratch and staging directories are removed after failures too (12.1576ms)
  AssertionError [ERR_ASSERTION]: The validation function is expected to return "true". Received false
  
  Caught error:
  
  ReviewHostRelayError: gentle-ai prompt materialization could not start: spawn C:\Users\Administrator\AppData\Local\Temp\gentle-pi-relay-harness-AKgdIi\gentle-ai ENOENT
      at process.processTicksAndRejections (node:internal/process/task_queues:103:5)
      at async rejectsWithRelayError (file:///D:/jero-pi/gentle-pi-main/tests/review-host-relay.test.ts:256:2)
      at async TestContext.<anonymous> (file:///D:/jero-pi/gentle-pi-main/tests/review-host-relay.test.ts:727:2)
      at async Test.run (node:internal/test_runner/test:1110:7)
      at async Test.processPendingSubtests (node:internal/test_runner/test:785:7) {
    generatedMessage: true,
    code: 'ERR_ASSERTION',
    actual: ReviewHostRelayError: gentle-ai prompt materialization could not start: spawn C:\Users\Administrator\AppData\Local\Temp\gentle-pi-relay-harness-AKgdIi\gentle-ai ENOENT
        at prepareReviewHostRelaySlot (file:///D:/jero-pi/gentle-pi-main/lib/review-host-relay.ts:535:9)
        at process.processTicksAndRejections (node:internal/process/task_queues:103:5)
        at async runReviewHostRelaySlot (file:///D:/jero-pi/gentle-pi-main/lib/review-host-relay.ts:691:51)
        at async waitForActual (node:assert:646:5)
        at async strict.rejects (node:assert:769:25)
        at async rejectsWithRelayError (file:///D:/jero-pi/gentle-pi-main/tests/review-host-relay.test.ts:256:2)
        at async TestContext.<anonymous> (file:///D:/jero-pi/gentle-pi-main/tests/review-host-relay.test.ts:727:2)
        at async Test.run (node:internal/test_runner/test:1110:7)
        at async Test.processPendingSubtests (node:internal/test_runner/test:785:7),
    operator: 'rejects',
    diff: 'simple'
  }

test at tests\review-host-relay.test.ts:733:1
✖ a result staging cleanup failure remains a typed submit failure (11.4054ms)
  AssertionError [ERR_ASSERTION]: The validation function is expected to return "true". Received false
  
  Caught error:
  
  ReviewHostRelayError: gentle-ai prompt materialization could not start: spawn C:\Users\Administrator\AppData\Local\Temp\gentle-pi-relay-harness-LyxjJG\gentle-ai ENOENT
      at process.processTicksAndRejections (node:internal/process/task_queues:103:5)
      at async rejectsWithRelayError (file:///D:/jero-pi/gentle-pi-main/tests/review-host-relay.test.ts:256:2)
      at async TestContext.<anonymous> (file:///D:/jero-pi/gentle-pi-main/tests/review-host-relay.test.ts:739:17)
      at async Test.run (node:internal/test_runner/test:1110:7)
      at async Test.processPendingSubtests (node:internal/test_runner/test:785:7) {
    generatedMessage: true,
    code: 'ERR_ASSERTION',
    actual: ReviewHostRelayError: gentle-ai prompt materialization could not start: spawn C:\Users\Administrator\AppData\Local\Temp\gentle-pi-relay-harness-LyxjJG\gentle-ai ENOENT
        at prepareReviewHostRelaySlot (file:///D:/jero-pi/gentle-pi-main/lib/review-host-relay.ts:535:9)
        at process.processTicksAndRejections (node:internal/process/task_queues:103:5)
        at async runReviewHostRelaySlot (file:///D:/jero-pi/gentle-pi-main/lib/review-host-relay.ts:691:51)
        at async waitForActual (node:assert:646:5)
        at async strict.rejects (node:assert:769:25)
        at async rejectsWithRelayError (file:///D:/jero-pi/gentle-pi-main/tests/review-host-relay.test.ts:256:2)
        at async TestContext.<anonymous> (file:///D:/jero-pi/gentle-pi-main/tests/review-host-relay.test.ts:739:17)
        at async Test.run (node:internal/test_runner/test:1110:7)
        at async Test.processPendingSubtests (node:internal/test_runner/test:785:7),
    operator: 'rejects',
    diff: 'simple'
  }

test at tests\review-host-relay.test.ts:758:1
✖ an old binary's unknown-flag refusal classifies as relay-unavailable with the exact report (7.4658ms)
  AssertionError [ERR_ASSERTION]: The validation function is expected to return "true". Received false
  
  Caught error:
  
  ReviewHostRelayError: gentle-ai prompt materialization could not start: spawn C:\Users\Administrator\AppData\Local\Temp\gentle-pi-relay-harness-sGzsXN\gentle-ai ENOENT
      at process.processTicksAndRejections (node:internal/process/task_queues:103:5)
      at async rejectsWithRelayError (file:///D:/jero-pi/gentle-pi-main/tests/review-host-relay.test.ts:256:2)
      at async TestContext.<anonymous> (file:///D:/jero-pi/gentle-pi-main/tests/review-host-relay.test.ts:760:16)
      at async Test.run (node:internal/test_runner/test:1110:7)
      at async Test.processPendingSubtests (node:internal/test_runner/test:785:7) {
    generatedMessage: true,
    code: 'ERR_ASSERTION',
    actual: ReviewHostRelayError: gentle-ai prompt materialization could not start: spawn C:\Users\Administrator\AppData\Local\Temp\gentle-pi-relay-harness-sGzsXN\gentle-ai ENOENT
        at prepareReviewHostRelaySlot (file:///D:/jero-pi/gentle-pi-main/lib/review-host-relay.ts:535:9)
        at process.processTicksAndRejections (node:internal/process/task_queues:103:5)
        at async runReviewHostRelaySlot (file:///D:/jero-pi/gentle-pi-main/lib/review-host-relay.ts:691:51)
        at async waitForActual (node:assert:646:5)
        at async strict.rejects (node:assert:769:25)
        at async rejectsWithRelayError (file:///D:/jero-pi/gentle-pi-main/tests/review-host-relay.test.ts:256:2)
        at async TestContext.<anonymous> (file:///D:/jero-pi/gentle-pi-main/tests/review-host-relay.test.ts:760:16)
        at async Test.run (node:internal/test_runner/test:1110:7)
        at async Test.processPendingSubtests (node:internal/test_runner/test:785:7),
    operator: 'rejects',
    diff: 'simple'
  }

test at tests\review-host-relay.test.ts:767:1
✖ a handshake refusal surfaces the provider refusal verbatim (7.6119ms)
  AssertionError [ERR_ASSERTION]: The validation function is expected to return "true". Received false
  
  Caught error:
  
  ReviewHostRelayError: gentle-ai prompt materialization could not start: spawn C:\Users\Administrator\AppData\Local\Temp\gentle-pi-relay-harness-CPuR6P\gentle-ai ENOENT
      at process.processTicksAndRejections (node:internal/process/task_queues:103:5)
      at async rejectsWithRelayError (file:///D:/jero-pi/gentle-pi-main/tests/review-host-relay.test.ts:256:2)
      at async TestContext.<anonymous> (file:///D:/jero-pi/gentle-pi-main/tests/review-host-relay.test.ts:770:16)
      at async Test.run (node:internal/test_runner/test:1110:7)
      at async Test.processPendingSubtests (node:internal/test_runner/test:785:7) {
    generatedMessage: true,
    code: 'ERR_ASSERTION',
    actual: ReviewHostRelayError: gentle-ai prompt materialization could not start: spawn C:\Users\Administrator\AppData\Local\Temp\gentle-pi-relay-harness-CPuR6P\gentle-ai ENOENT
        at prepareReviewHostRelaySlot (file:///D:/jero-pi/gentle-pi-main/lib/review-host-relay.ts:535:9)
        at process.processTicksAndRejections (node:internal/process/task_queues:103:5)
        at async runReviewHostRelaySlot (file:///D:/jero-pi/gentle-pi-main/lib/review-host-relay.ts:691:51)
        at async waitForActual (node:assert:646:5)
        at async strict.rejects (node:assert:769:25)
        at async rejectsWithRelayError (file:///D:/jero-pi/gentle-pi-main/tests/review-host-relay.test.ts:256:2)
        at async TestContext.<anonymous> (file:///D:/jero-pi/gentle-pi-main/tests/review-host-relay.test.ts:770:16)
        at async Test.run (node:internal/test_runner/test:1110:7)
        at async Test.processPendingSubtests (node:internal/test_runner/test:785:7),
    operator: 'rejects',
    diff: 'simple'
  }

test at tests\review-risk-assessment.test.ts:503:1
✖ gentle_review assess: derivation is bound to the exact candidate recorded, closed can only ever be passed explicitly (gentle-pi#668 correction) (301.4707ms)
  AssertionError [ERR_ASSERTION]: Expected values to be strictly equal:
  + actual - expected
  
  + 'unknown'
  - 'declined'
  
      at TestContext.<anonymous> (file:///D:/jero-pi/gentle-pi-main/tests/review-risk-assessment.test.ts:518:9)
      at async Test.run (node:internal/test_runner/test:1110:7)
      at async Test.processPendingSubtests (node:internal/test_runner/test:785:7) {
    generatedMessage: true,
    code: 'ERR_ASSERTION',
    actual: 'unknown',
    expected: 'declined',
    operator: 'strictEqual',
    diff: 'simple'
  }

test at tests\review-session-standing-permission-ipc.test.ts:62:1
✖ the production child fd3 client gets grant, revocation, closure, denial, and request bounds from its parent broker (10241.019ms)
  AssertionError [ERR_ASSERTION]: the parent rechecks authorization for each request
  + actual - expected
  
    [
  -   true,
      false,
  +   false
    ]
  
      at TestContext.<anonymous> (file:///D:/jero-pi/gentle-pi-main/tests/review-session-standing-permission-ipc.test.ts:64:9)
      at process.processTicksAndRejections (node:internal/process/task_queues:103:5)
      at async Test.run (node:internal/test_runner/test:1110:7)
      at async startSubtestAfterBootstrap (node:internal/test_runner/harness:358:3) {
    generatedMessage: false,
    code: 'ERR_ASSERTION',
    actual: [ false, false ],
    expected: [ true, false ],
    operator: 'deepStrictEqual',
    diff: 'simple'
  }

test at tests\review-session-standing-permission-ipc.test.ts:71:1
✖ fresh Jiti moduleCache:false reloads share fd3 structurally and reject stale terminal callbacks (25263.165ms)
  AssertionError [ERR_ASSERTION]: reload shares one client, stale owners cannot close it, and terminal shutdown closes it
  + actual - expected
  
    [
  -   true,
  -   true,
  -   true,
      false,
  +   false,
  +   false,
  +   false
    ]
  
      at TestContext.<anonymous> (file:///D:/jero-pi/gentle-pi-main/tests/review-session-standing-permission-ipc.test.ts:119:9)
      at process.processTicksAndRejections (node:internal/process/task_queues:103:5)
      at async Test.run (node:internal/test_runner/test:1110:7)
      at async Test.processPendingSubtests (node:internal/test_runner/test:785:7) {
    generatedMessage: false,
    code: 'ERR_ASSERTION',
    actual: [ false, false, false, false ],
    expected: [ true, true, true, false ],
    operator: 'deepStrictEqual',
    diff: 'simple'
  }

test at tests\review-snapshot.test.ts:90:1
✖ complete snapshot captures the repository root from a nested cwd without mutating index or worktree (1418.9269ms)
  AssertionError [ERR_ASSERTION]: Expected values to be strictly equal:
  + actual - expected
  
  + 'C:/Users/Administrator/AppData/Local/Temp/gentle-pi-snapshot-PmwcbL/repo'
  - 'C:\\Users\\Administrator\\AppData\\Local\\Temp\\gentle-pi-snapshot-PmwcbL\\repo'
  
      at TestContext.<anonymous> (file:///D:/jero-pi/gentle-pi-main/tests/review-snapshot.test.ts:110:9)
      at Test.runInAsyncScope (node:async_hooks:214:14)
      at Test.run (node:internal/test_runner/test:1103:25)
      at Test.start (node:internal/test_runner/test:1000:17)
      at startSubtestAfterBootstrap (node:internal/test_runner/harness:358:17) {
    generatedMessage: true,
    code: 'ERR_ASSERTION',
    actual: 'C:/Users/Administrator/AppData/Local/Temp/gentle-pi-snapshot-PmwcbL/repo',
    expected: 'C:\\Users\\Administrator\\AppData\\Local\\Temp\\gentle-pi-snapshot-PmwcbL\\repo',
    operator: 'strictEqual',
    diff: 'simple'
  }

test at tests\review-transaction.test.ts:419:1
✖ tag PUSH CREATE accepts an annotated tag for an approved commit advertised by the bound destination (8247.2617ms)
  AssertionError [ERR_ASSERTION]: Every push ref update matches the approved receipt.
  
  'allow' !== 'deny'
  
      at TestContext.<anonymous> (file:///D:/jero-pi/gentle-pi-main/tests/review-transaction.test.ts:507:10)
      at Test.runInAsyncScope (node:async_hooks:214:14)
      at Test.run (node:internal/test_runner/test:1103:25)
      at Test.processPendingSubtests (node:internal/test_runner/test:785:18)
      at Test.postRun (node:internal/test_runner/test:1232:19)
      at Test.run (node:internal/test_runner/test:1160:12)
      at async Test.processPendingSubtests (node:internal/test_runner/test:785:7) {
    generatedMessage: false,
    code: 'ERR_ASSERTION',
    actual: 'allow',
    expected: 'deny',
    operator: 'strictEqual',
    diff: 'simple'
  }

test at tests\sdd-managed-runtime-settlement.test.ts:82:1
✖ admitted remediation retains exact settlement before one lost-reply replay (9.6342ms)
  Error: native SDD planning home escaped its workspace
      at decodeNativeSddStatusV2 (file:///D:/jero-pi/gentle-pi-main/lib/native-review-cli.ts:1453:159)
      at admitManagedRemediation (file:///D:/jero-pi/gentle-pi-main/extensions/gentle-agents.ts:141:17)
      at async TestContext.<anonymous> (file:///D:/jero-pi/gentle-pi-main/tests/sdd-managed-runtime-settlement.test.ts:93:19)
      at async Test.run (node:internal/test_runner/test:1110:7)
      at async Test.processPendingSubtests (node:internal/test_runner/test:785:7)

test at tests\sdd-managed-runtime-settlement.test.ts:118:46
✖ native blocked refuses without settlement (3.0939ms)
  AssertionError [ERR_ASSERTION]: The input did not match the regular expression /blocked/. Input:
  
  'Error: native SDD planning home escaped its workspace'
  
      at async TestContext.<anonymous> (file:///D:/jero-pi/gentle-pi-main/tests/sdd-managed-runtime-settlement.test.ts:120:2)
      at async Test.run (node:internal/test_runner/test:1110:7)
      at async Test.processPendingSubtests (node:internal/test_runner/test:785:7) {
    generatedMessage: true,
    code: 'ERR_ASSERTION',
    actual: Error: native SDD planning home escaped its workspace
        at decodeNativeSddStatusV2 (file:///D:/jero-pi/gentle-pi-main/lib/native-review-cli.ts:1453:159)
        at admitManagedRemediation (file:///D:/jero-pi/gentle-pi-main/extensions/gentle-agents.ts:141:17)
        at async admissionFixture (file:///D:/jero-pi/gentle-pi-main/tests/sdd-managed-runtime-settlement.test.ts:115:19)
        at async waitForActual (node:assert:646:5)
        at async strict.rejects (node:assert:769:25)
        at async TestContext.<anonymous> (file:///D:/jero-pi/gentle-pi-main/tests/sdd-managed-runtime-settlement.test.ts:120:2)
        at async Test.run (node:internal/test_runner/test:1110:7)
        at async Test.processPendingSubtests (node:internal/test_runner/test:785:7),
    expected: /blocked/,
    operator: 'rejects',
    diff: 'simple'
  }

test at tests\sdd-managed-runtime-settlement.test.ts:118:46
✖ native complete refuses without settlement (1.9542ms)
  AssertionError [ERR_ASSERTION]: The input did not match the regular expression /complete/. Input:
  
  'Error: native SDD planning home escaped its workspace'
  
      at async TestContext.<anonymous> (file:///D:/jero-pi/gentle-pi-main/tests/sdd-managed-runtime-settlement.test.ts:120:2)
      at async Test.run (node:internal/test_runner/test:1110:7)
      at async Test.processPendingSubtests (node:internal/test_runner/test:785:7) {
    generatedMessage: true,
    code: 'ERR_ASSERTION',
    actual: Error: native SDD planning home escaped its workspace
        at decodeNativeSddStatusV2 (file:///D:/jero-pi/gentle-pi-main/lib/native-review-cli.ts:1453:159)
        at admitManagedRemediation (file:///D:/jero-pi/gentle-pi-main/extensions/gentle-agents.ts:141:17)
        at async admissionFixture (file:///D:/jero-pi/gentle-pi-main/tests/sdd-managed-runtime-settlement.test.ts:115:19)
        at async waitForActual (node:assert:646:5)
        at async strict.rejects (node:assert:769:25)
        at async TestContext.<anonymous> (file:///D:/jero-pi/gentle-pi-main/tests/sdd-managed-runtime-settlement.test.ts:120:2)
        at async Test.run (node:internal/test_runner/test:1110:7)
        at async Test.processPendingSubtests (node:internal/test_runner/test:785:7),
    expected: /complete/,
    operator: 'rejects',
    diff: 'simple'
  }

test at tests\sdd-managed-runtime-settlement.test.ts:123:69
✖ terminal failed settles without passing evidence and retains exact untracked scope (2.0485ms)
  Error: native SDD planning home escaped its workspace
      at decodeNativeSddStatusV2 (file:///D:/jero-pi/gentle-pi-main/lib/native-review-cli.ts:1453:159)
      at admitManagedRemediation (file:///D:/jero-pi/gentle-pi-main/extensions/gentle-agents.ts:141:17)
      at async admissionFixture (file:///D:/jero-pi/gentle-pi-main/tests/sdd-managed-runtime-settlement.test.ts:115:19)
      at async TestContext.<anonymous> (file:///D:/jero-pi/gentle-pi-main/tests/sdd-managed-runtime-settlement.test.ts:124:36)
      at async Test.run (node:internal/test_runner/test:1110:7)
      at async Test.processPendingSubtests (node:internal/test_runner/test:785:7)

test at tests\sdd-managed-runtime-settlement.test.ts:123:69
✖ terminal cancelled settles without passing evidence and retains exact untracked scope (1.5131ms)
  Error: native SDD planning home escaped its workspace
      at decodeNativeSddStatusV2 (file:///D:/jero-pi/gentle-pi-main/lib/native-review-cli.ts:1453:159)
      at admitManagedRemediation (file:///D:/jero-pi/gentle-pi-main/extensions/gentle-agents.ts:141:17)
      at async admissionFixture (file:///D:/jero-pi/gentle-pi-main/tests/sdd-managed-runtime-settlement.test.ts:115:19)
      at async TestContext.<anonymous> (file:///D:/jero-pi/gentle-pi-main/tests/sdd-managed-runtime-settlement.test.ts:124:36)
      at async Test.run (node:internal/test_runner/test:1110:7)
      at async Test.processPendingSubtests (node:internal/test_runner/test:785:7)

test at tests\sdd-managed-runtime-settlement.test.ts:123:69
✖ terminal timed_out settles without passing evidence and retains exact untracked scope (1.257ms)
  Error: native SDD planning home escaped its workspace
      at decodeNativeSddStatusV2 (file:///D:/jero-pi/gentle-pi-main/lib/native-review-cli.ts:1453:159)
      at admitManagedRemediation (file:///D:/jero-pi/gentle-pi-main/extensions/gentle-agents.ts:141:17)
      at async admissionFixture (file:///D:/jero-pi/gentle-pi-main/tests/sdd-managed-runtime-settlement.test.ts:115:19)
      at async TestContext.<anonymous> (file:///D:/jero-pi/gentle-pi-main/tests/sdd-managed-runtime-settlement.test.ts:124:36)
      at async Test.run (node:internal/test_runner/test:1110:7)
      at async Test.processPendingSubtests (node:internal/test_runner/test:785:7)

test at tests\sdd-managed-runtime-settlement.test.ts:133:1
✖ failure to retain settlement never mutates native; two lost replies retain uncertainty (1.5239ms)
  Error: native SDD planning home escaped its workspace
      at decodeNativeSddStatusV2 (file:///D:/jero-pi/gentle-pi-main/lib/native-review-cli.ts:1453:159)
      at admitManagedRemediation (file:///D:/jero-pi/gentle-pi-main/extensions/gentle-agents.ts:141:17)
      at async admissionFixture (file:///D:/jero-pi/gentle-pi-main/tests/sdd-managed-runtime-settlement.test.ts:115:19)
      at async TestContext.<anonymous> (file:///D:/jero-pi/gentle-pi-main/tests/sdd-managed-runtime-settlement.test.ts:134:17)
      at async Test.run (node:internal/test_runner/test:1110:7)
      at async Test.processPendingSubtests (node:internal/test_runner/test:785:7)

test at tests\sdd-managed-runtime-settlement.test.ts:203:1
✖ settlement is single-finalization and cannot pass drifted failed-evidence identity (1.6679ms)
  Error: native SDD planning home escaped its workspace
      at decodeNativeSddStatusV2 (file:///D:/jero-pi/gentle-pi-main/lib/native-review-cli.ts:1453:159)
      at admitManagedRemediation (file:///D:/jero-pi/gentle-pi-main/extensions/gentle-agents.ts:141:17)
      at async admissionFixture (file:///D:/jero-pi/gentle-pi-main/tests/sdd-managed-runtime-settlement.test.ts:115:19)
      at async TestContext.<anonymous> (file:///D:/jero-pi/gentle-pi-main/tests/sdd-managed-runtime-settlement.test.ts:204:36)
      at async Test.run (node:internal/test_runner/test:1110:7)
      at async Test.processPendingSubtests (node:internal/test_runner/test:785:7)

test at tests\sdd-managed-runtime-settlement.test.ts:212:1
✖ native refusal or uncertain settlement is not a completed managed correction (1.8603ms)
  Error: native SDD planning home escaped its workspace
      at decodeNativeSddStatusV2 (file:///D:/jero-pi/gentle-pi-main/lib/native-review-cli.ts:1453:159)
      at admitManagedRemediation (file:///D:/jero-pi/gentle-pi-main/extensions/gentle-agents.ts:141:17)
      at async admissionFixture (file:///D:/jero-pi/gentle-pi-main/tests/sdd-managed-runtime-settlement.test.ts:115:19)
      at async TestContext.<anonymous> (file:///D:/jero-pi/gentle-pi-main/tests/sdd-managed-runtime-settlement.test.ts:213:29)
      at async Test.run (node:internal/test_runner/test:1110:7)
      at async Test.processPendingSubtests (node:internal/test_runner/test:785:7)

test at tests\sdd-managed-runtime-settlement.test.ts:219:1
✖ a received blocked settlement names the block; a lost settlement reply retains unresolved history (1.8797ms)
  Error: native SDD planning home escaped its workspace
      at decodeNativeSddStatusV2 (file:///D:/jero-pi/gentle-pi-main/lib/native-review-cli.ts:1453:159)
      at admitManagedRemediation (file:///D:/jero-pi/gentle-pi-main/extensions/gentle-agents.ts:141:17)
      at async admissionFixture (file:///D:/jero-pi/gentle-pi-main/tests/sdd-managed-runtime-settlement.test.ts:115:19)
      at async TestContext.<anonymous> (file:///D:/jero-pi/gentle-pi-main/tests/sdd-managed-runtime-settlement.test.ts:220:16)
      at async Test.run (node:internal/test_runner/test:1110:7)
      at async Test.processPendingSubtests (node:internal/test_runner/test:785:7)

test at tests\sdd-managed-runtime-settlement.test.ts:265:1
✖ managed parent admission continues an explicitly retained token without a new acquire (1.5935ms)
  Error: native SDD planning home escaped its workspace
      at decodeNativeSddStatusV2 (file:///D:/jero-pi/gentle-pi-main/lib/native-review-cli.ts:1453:159)
      at admitManagedRemediation (file:///D:/jero-pi/gentle-pi-main/extensions/gentle-agents.ts:141:17)
      at async admissionFixture (file:///D:/jero-pi/gentle-pi-main/tests/sdd-managed-runtime-settlement.test.ts:115:19)
      at async TestContext.<anonymous> (file:///D:/jero-pi/gentle-pi-main/tests/sdd-managed-runtime-settlement.test.ts:266:20)
      at async Test.run (node:internal/test_runner/test:1110:7)
      at async Test.processPendingSubtests (node:internal/test_runner/test:785:7)

test at tests\sdd-managed-runtime-settlement.test.ts:285:1
✖ R1 confirms exact canonical paths and commands; data, denial and symlinks grant nothing (19.0233ms)
  AssertionError [ERR_ASSERTION]: The expression evaluated to a falsy value:
  
    assert.ok(shown.includes(target))
  
      at TestContext.<anonymous> (file:///D:/jero-pi/gentle-pi-main/tests/sdd-managed-runtime-settlement.test.ts:295:43)
      at async Test.run (node:internal/test_runner/test:1110:7)
      at async Test.processPendingSubtests (node:internal/test_runner/test:785:7) {
    generatedMessage: true,
    code: 'ERR_ASSERTION',
    actual: false,
    expected: true,
    operator: '==',
    diff: 'simple'
  }

test at tests\sdd-managed-runtime-settlement.test.ts:306:1
✖ R3/R4 acquire request is durable before mutation and token before actor admission (1.691ms)
  Error: native SDD planning home escaped its workspace
      at decodeNativeSddStatusV2 (file:///D:/jero-pi/gentle-pi-main/lib/native-review-cli.ts:1453:159)
      at admitManagedRemediation (file:///D:/jero-pi/gentle-pi-main/extensions/gentle-agents.ts:141:17)
      at async admissionFixture (file:///D:/jero-pi/gentle-pi-main/tests/sdd-managed-runtime-settlement.test.ts:115:19)
      at async TestContext.<anonymous> (file:///D:/jero-pi/gentle-pi-main/tests/sdd-managed-runtime-settlement.test.ts:308:23)
      at async Test.run (node:internal/test_runner/test:1110:7)
      at async Test.processPendingSubtests (node:internal/test_runner/test:785:7)

test at tests\sdd-managed-runtime-settlement.test.ts:318:1
✖ R3/R4 acquire persistence failure refuses before native mutation (1.8386ms)
  AssertionError [ERR_ASSERTION]: The input did not match the regular expression /disk full/. Input:
  
  'Error: native SDD planning home escaped its workspace'
  
      at async TestContext.<anonymous> (file:///D:/jero-pi/gentle-pi-main/tests/sdd-managed-runtime-settlement.test.ts:320:2)
      at async Test.run (node:internal/test_runner/test:1110:7)
      at async Test.processPendingSubtests (node:internal/test_runner/test:785:7) {
    generatedMessage: true,
    code: 'ERR_ASSERTION',
    actual: Error: native SDD planning home escaped its workspace
        at decodeNativeSddStatusV2 (file:///D:/jero-pi/gentle-pi-main/lib/native-review-cli.ts:1453:159)
        at admitManagedRemediation (file:///D:/jero-pi/gentle-pi-main/extensions/gentle-agents.ts:141:17)
        at async admissionFixture (file:///D:/jero-pi/gentle-pi-main/tests/sdd-managed-runtime-settlement.test.ts:115:19)
        at async waitForActual (node:assert:646:5)
        at async strict.rejects (node:assert:769:25)
        at async TestContext.<anonymous> (file:///D:/jero-pi/gentle-pi-main/tests/sdd-managed-runtime-settlement.test.ts:320:2)
        at async Test.run (node:internal/test_runner/test:1110:7)
        at async Test.processPendingSubtests (node:internal/test_runner/test:785:7),
    expected: /disk full/,
    operator: 'rejects',
    diff: 'simple'
  }

test at tests\sdd-managed-runtime-settlement.test.ts:344:1
✖ R3/R4 known non-mutating acquire failures retain retryable blocked history while ambiguity remains unresolved (5.3293ms)
  AssertionError [ERR_ASSERTION]: Expected values to be strictly deep-equal:
  + actual - expected
  
    Comparison {
  +   message: 'native SDD planning home escaped its workspace',
  +   name: 'Error'
  -   message: 'invalid acquire request',
  -   name: 'TypeError'
    }
  
      at async TestContext.<anonymous> (file:///D:/jero-pi/gentle-pi-main/tests/sdd-managed-runtime-settlement.test.ts:347:3)
      at async Test.run (node:internal/test_runner/test:1110:7)
      at async Test.processPendingSubtests (node:internal/test_runner/test:785:7) {
    generatedMessage: true,
    code: 'ERR_ASSERTION',
    actual: Error: native SDD planning home escaped its workspace
        at decodeNativeSddStatusV2 (file:///D:/jero-pi/gentle-pi-main/lib/native-review-cli.ts:1453:159)
        at admitManagedRemediation (file:///D:/jero-pi/gentle-pi-main/extensions/gentle-agents.ts:141:17)
        at async admissionFixture (file:///D:/jero-pi/gentle-pi-main/tests/sdd-managed-runtime-settlement.test.ts:115:19)
        at async waitForActual (node:assert:646:5)
        at async strict.rejects (node:assert:769:25)
        at async TestContext.<anonymous> (file:///D:/jero-pi/gentle-pi-main/tests/sdd-managed-runtime-settlement.test.ts:347:3)
        at async Test.run (node:internal/test_runner/test:1110:7)
        at async Test.processPendingSubtests (node:internal/test_runner/test:785:7),
    expected: TypeError: invalid acquire request
        at TestContext.<anonymous> (file:///D:/jero-pi/gentle-pi-main/tests/sdd-managed-runtime-settlement.test.ts:345:23)
        at Test.runInAsyncScope (node:async_hooks:214:14)
        at Test.run (node:internal/test_runner/test:1103:25)
        at Test.processPendingSubtests (node:internal/test_runner/test:785:18)
        at Test.postRun (node:internal/test_runner/test:1232:19)
        at Test.run (node:internal/test_runner/test:1160:12)
        at async Test.processPendingSubtests (node:internal/test_runner/test:785:7),
    operator: 'rejects',
    diff: 'simple'
  }

test at tests\skill-registry.test.ts:198:1
✖ project-local skill registry extension wins over installed package copy (4.6717ms)
  AssertionError [ERR_ASSERTION]: Expected values to be strictly equal:
  
  false !== true
  
      at TestContext.<anonymous> (file:///D:/jero-pi/gentle-pi-main/tests/skill-registry.test.ts:204:9)
      at Test.runInAsyncScope (node:async_hooks:214:14)
      at Test.run (node:internal/test_runner/test:1103:25)
      at Test.processPendingSubtests (node:internal/test_runner/test:785:18)
      at Test.postRun (node:internal/test_runner/test:1232:19)
      at Test.run (node:internal/test_runner/test:1160:12)
      at async Test.processPendingSubtests (node:internal/test_runner/test:785:7) {
    generatedMessage: true,
    code: 'ERR_ASSERTION',
    actual: false,
    expected: true,
    operator: 'strictEqual',
    diff: 'simple'
  }
